trajectory_mode,effect_size,checkpoint,measurement_space,scope,is_joint,statistic,median,mean,sd,n_available,anchor_median,excess_over_anchor
magnitude,0.25,observed_standardized,standardized_feature,expression,False,angle,7.906912773358627,13.228874724647632,25.721041957504934,500,8.112924233106117,-0.20601145974749002
magnitude,0.5,observed_standardized,standardized_feature,expression,False,angle,7.906912773358696,13.228874724647621,25.72104195750493,500,8.112924233106117,-0.20601145974742074
magnitude,0.75,observed_standardized,standardized_feature,expression,False,angle,7.906912773358696,13.22887472464763,25.721041957504934,500,8.112924233106117,-0.20601145974742074
magnitude,1.0,observed_standardized,standardized_feature,expression,False,angle,7.90691277335865,13.228874724647632,25.721041957504937,500,8.112924233106117,-0.20601145974746693
magnitude,0.25,observed_standardized,standardized_feature,methylation,False,angle,11.18670789802848,18.62293205933892,28.58714835671656,500,11.114333163465878,0.07237473456260268
magnitude,0.5,observed_standardized,standardized_feature,methylation,False,angle,11.408564256702434,20.70880065713983,32.77838140330585,500,11.114333163465878,0.29423109323655616
magnitude,0.75,observed_standardized,standardized_feature,methylation,False,angle,11.943525943150306,21.533090108823203,32.90955922389332,500,11.114333163465878,0.8291927796844281
magnitude,1.0,observed_standardized,standardized_feature,methylation,False,angle,12.667783462834034,22.228793508946517,32.30526438454012,500,11.114333163465878,1.5534502993681567
magnitude,0.25,observed_standardized,standardized_feature,proteomics,False,angle,6.240787271987031,8.74427702033995,18.640124171975977,500,6.188758532951998,0.052028739035033134
magnitude,0.5,observed_standardized,standardized_feature,proteomics,False,angle,6.240787271987003,8.744277020339958,18.64012417197597,500,6.188758532951998,0.05202873903500471
magnitude,0.75,observed_standardized,standardized_feature,proteomics,False,angle,6.240787271987003,8.744277020339943,18.640124171975938,500,6.188758532951998,0.05202873903500471
magnitude,1.0,observed_standardized,standardized_feature,proteomics,False,angle,6.240787271987031,8.744277020339949,18.64012417197598,500,6.188758532951998,0.052028739035033134
magnitude,0.25,observed_standardized,standardized_feature,joint,True,angle,10.69599277189277,15.546472834497127,24.70483049683889,500,8.325599841915379,2.370392929977392
magnitude,0.5,observed_standardized,standardized_feature,joint,True,angle,14.78393206171846,21.324941669113397,27.2309162083814,500,8.325599841915379,6.458332219803081
magnitude,0.75,observed_standardized,standardized_feature,joint,True,angle,18.614090074756167,27.42358327512149,30.58710773097341,500,8.325599841915379,10.288490232840788
magnitude,1.0,observed_standardized,standardized_feature,joint,True,angle,21.96023135774786,32.50634599201588,32.46940307704059,500,8.325599841915379,13.63463151583248
magnitude,0.25,pls_latent,pls_latent,joint,True,angle,3.303052860732833,8.936855909424994,27.078235512362443,500,2.3008054443894794,1.0022474163433537
magnitude,0.5,pls_latent,pls_latent,joint,True,angle,4.739598417906739,11.678544088302077,28.45201782353903,500,2.3008054443894794,2.43879297351726
magnitude,0.75,pls_latent,pls_latent,joint,True,angle,6.262524567912817,16.06276540998735,33.896716296562296,500,2.3008054443894794,3.9617191235233378
magnitude,1.0,pls_latent,pls_latent,joint,True,angle,7.587342221470898,20.248441033218707,38.71456482167895,500,2.3008054443894794,5.286536777081419
magnitude,0.25,population_native,native_omic_units,expression,False,angle,0.0,6.91382398500305e-07,8.547272356597721e-07,500,0.0,0.0
magnitude,0.5,population_native,native_omic_units,expression,False,angle,0.0,6.766558713735963e-07,8.407865725346697e-07,500,0.0,0.0
magnitude,0.75,population_native,native_omic_units,expression,False,angle,0.0,7.144820547860413e-07,8.697412253938455e-07,500,0.0,0.0
magnitude,1.0,population_native,native_omic_units,expression,False,angle,0.0,6.875061965552533e-07,8.501571532403912e-07,500,0.0,0.0
magnitude,0.25,population_native,native_omic_units,methylation,False,angle,0.0,5.852003268377238e-07,7.61621640615984e-07,500,0.0,0.0
magnitude,0.5,population_native,native_omic_units,methylation,False,angle,0.0,0.7200005930349039,11.372786766415658,500,0.0,0.0
magnitude,0.75,population_native,native_omic_units,methylation,False,angle,0.0,6.054953458745827e-07,7.543215022940319e-07,500,0.0,0.0
magnitude,1.0,population_native,native_omic_units,methylation,False,angle,0.0,0.36000064008608146,8.049844636210832,500,0.0,0.0
magnitude,0.25,population_native,native_omic_units,proteomics,False,angle,0.0,7.638420692322208e-07,9.155196299886515e-07,500,0.0,0.0
magnitude,0.5,population_native,native_omic_units,proteomics,False,angle,0.0,7.185190219170285e-07,8.913341914960176e-07,500,0.0,0.0
magnitude,0.75,population_native,native_omic_units,proteomics,False,angle,0.0,7.512238680503533e-07,9.124136362798304e-07,500,0.0,0.0
magnitude,1.0,population_native,native_omic_units,proteomics,False,angle,0.0,7.382726228929149e-07,9.149974494399917e-07,500,0.0,0.0
magnitude,0.25,population_standardized,standardized_feature,expression,False,angle,0.0,6.914161055856496e-07,8.40046829886472e-07,500,0.0,0.0
magnitude,0.5,population_standardized,standardized_feature,expression,False,angle,0.0,6.649943507046935e-07,8.309403870102457e-07,500,0.0,0.0
magnitude,0.75,population_standardized,standardized_feature,expression,False,angle,0.0,6.54822837232629e-07,8.337557707873544e-07,500,0.0,0.0
magnitude,1.0,population_standardized,standardized_feature,expression,False,angle,0.0,7.150450008489493e-07,8.523073571336781e-07,500,0.0,0.0
magnitude,0.25,population_standardized,standardized_feature,methylation,False,angle,0.0,5.798392234339721e-07,7.522466428216631e-07,500,0.0,0.0
magnitude,0.5,population_standardized,standardized_feature,methylation,False,angle,0.0,5.922646129444427e-07,7.265738034322863e-07,500,0.0,0.0
magnitude,0.75,population_standardized,standardized_feature,methylation,False,angle,0.0,5.718542216207467e-07,7.437593755420055e-07,500,0.0,0.0
magnitude,1.0,population_standardized,standardized_feature,methylation,False,angle,0.0,6.284974164106976e-07,7.76771019410759e-07,500,0.0,0.0
magnitude,0.25,population_standardized,standardized_feature,proteomics,False,angle,0.0,7.135005170358304e-07,8.518902846898741e-07,500,0.0,0.0
magnitude,0.5,population_standardized,standardized_feature,proteomics,False,angle,0.0,7.110199511861351e-07,8.358118006783851e-07,500,0.0,0.0
magnitude,0.75,population_standardized,standardized_feature,proteomics,False,angle,0.0,7.119609795583421e-07,8.332574970251164e-07,500,0.0,0.0
magnitude,1.0,population_standardized,standardized_feature,proteomics,False,angle,0.0,6.805203587642258e-07,8.315294922320515e-07,500,0.0,0.0
magnitude,0.25,population_standardized,standardized_feature,joint,True,angle,6.697795851647357,11.555373564967192,25.39434012940872,500,0.0,6.697795851647357
magnitude,0.5,population_standardized,standardized_feature,joint,True,angle,12.119946848250226,19.87107691137385,30.354032736561276,500,0.0,12.119946848250226
magnitude,0.75,population_standardized,standardized_feature,joint,True,angle,16.589013507810918,26.716864948165725,33.38062906752904,500,0.0,16.589013507810918
magnitude,1.0,population_standardized,standardized_feature,joint,True,angle,20.329313411733686,31.616961165791825,34.04722392333798,500,0.0,20.329313411733686
magnitude,0.25,observed_standardized,standardized_feature,expression,False,delta,0.13271284764242353,0.15256746372147362,0.11570534025610138,500,0.12985574767624541,0.0028570999661781116
magnitude,0.5,observed_standardized,standardized_feature,expression,False,delta,0.13271284764242353,0.15256746372147373,0.11570534025610141,500,0.12985574767624541,0.0028570999661781116
magnitude,0.75,observed_standardized,standardized_feature,expression,False,delta,0.13271284764242353,0.15256746372147356,0.11570534025610141,500,0.12985574767624541,0.0028570999661781116
magnitude,1.0,observed_standardized,standardized_feature,expression,False,delta,0.13271284764242353,0.15256746372147367,0.11570534025610144,500,0.12985574767624541,0.0028570999661781116
magnitude,0.25,observed_standardized,standardized_feature,methylation,False,delta,9.850906560120428,9.846056314334188,0.49661478354018324,500,0.1790950679082357,9.671811492212193
magnitude,0.5,observed_standardized,standardized_feature,methylation,False,delta,17.99501857654202,17.98687364595797,0.789105403099052,500,0.1790950679082357,17.815923508633784
magnitude,0.75,observed_standardized,standardized_feature,methylation,False,delta,24.63058580372769,24.64577671774631,1.044248023258731,500,0.1790950679082357,24.451490735819455
magnitude,1.0,observed_standardized,standardized_feature,methylation,False,delta,30.06706240106051,30.083192984655643,1.2568055021422688,500,0.1790950679082357,29.887967333152275
magnitude,0.25,observed_standardized,standardized_feature,proteomics,False,delta,0.1031264780432366,0.12068259472195529,0.09069701477612614,500,0.1116933393253774,-0.008566861282140792
magnitude,0.5,observed_standardized,standardized_feature,proteomics,False,delta,0.10312647804323305,0.12068259472195553,0.09069701477612592,500,0.1116933393253774,-0.008566861282144345
magnitude,0.75,observed_standardized,standardized_feature,proteomics,False,delta,0.1031264780432366,0.1206825947219556,0.09069701477612599,500,0.1116933393253774,-0.008566861282140792
magnitude,1.0,observed_standardized,standardized_feature,proteomics,False,delta,0.10312647804323305,0.1206825947219556,0.09069701477612568,500,0.1116933393253774,-0.008566861282144345
magnitude,0.25,observed_standardized,standardized_feature,joint,True,delta,6.365588980420483,6.361404658903104,0.3926495531964786,500,0.1422965322672738,6.2232924481532095
magnitude,0.5,observed_standardized,standardized_feature,joint,True,delta,11.67874556534214,11.686039296360953,0.6333710621631169,500,0.1422965322672738,11.536449033074867
magnitude,0.75,observed_standardized,standardized_feature,joint,True,delta,15.994471180397646,15.994511817639014,0.8383827693182613,500,0.1422965322672738,15.852174648130372
magnitude,1.0,observed_standardized,standardized_feature,joint,True,delta,19.42624540531976,19.429802219294146,1.0042602233347995,500,0.1422965322672738,19.283948873052488
magnitude,0.25,pls_latent,pls_latent,joint,True,delta,6.35467458076576,6.275643946709862,0.5518770170651675,500,0.1410650641549509,6.213609516610809
magnitude,0.5,pls_latent,pls_latent,joint,True,delta,11.712337162769565,11.578750903952665,0.9225645529903418,500,0.1410650641549509,11.571272098614614
magnitude,0.75,pls_latent,pls_latent,joint,True,delta,16.10592585043983,15.912519642100838,1.2425277833160069,500,0.1410650641549509,15.96486078628488
magnitude,1.0,pls_latent,pls_latent,joint,True,delta,19.63650898111815,19.428141192102977,1.4950541782708888,500,0.1410650641549509,19.4954439169632
magnitude,0.25,population_native,native_omic_units,expression,False,delta,0.0,0.0,0.0,500,0.0,0.0
magnitude,0.5,population_native,native_omic_units,expression,False,delta,0.0,0.0,0.0,500,0.0,0.0
magnitude,0.75,population_native,native_omic_units,expression,False,delta,0.0,0.0,0.0,500,0.0,0.0
magnitude,1.0,population_native,native_omic_units,expression,False,delta,0.0,0.0,0.0,500,0.0,0.0
magnitude,0.25,population_native,native_omic_units,methylation,False,delta,12.153048940009413,12.147099106532421,0.4854225878111974,500,0.0,12.153048940009413
magnitude,0.5,population_native,native_omic_units,methylation,False,delta,24.306097880018825,24.29419821306485,0.9708451756223938,500,0.0,24.306097880018825
magnitude,0.75,population_native,native_omic_units,methylation,False,delta,36.459146820028245,36.44129731959728,1.456267763433592,500,0.0,36.459146820028245
magnitude,1.0,population_native,native_omic_units,methylation,False,delta,48.61219576003766,48.58839642612972,1.9416903512447894,500,0.0,48.61219576003766
magnitude,0.25,population_native,native_omic_units,proteomics,False,delta,0.0,0.0,0.0,500,0.0,0.0
magnitude,0.5,population_native,native_omic_units,proteomics,False,delta,0.0,0.0,0.0,500,0.0,0.0
magnitude,0.75,population_native,native_omic_units,proteomics,False,delta,0.0,0.0,0.0,500,0.0,0.0
magnitude,1.0,population_native,native_omic_units,proteomics,False,delta,0.0,0.0,0.0,500,0.0,0.0
magnitude,0.25,population_standardized,standardized_feature,expression,False,delta,0.0,0.0,0.0,500,0.0,0.0
magnitude,0.5,population_standardized,standardized_feature,expression,False,delta,0.0,0.0,0.0,500,0.0,0.0
magnitude,0.75,population_standardized,standardized_feature,expression,False,delta,0.0,0.0,0.0,500,0.0,0.0
magnitude,1.0,population_standardized,standardized_feature,expression,False,delta,0.0,0.0,0.0,500,0.0,0.0
magnitude,0.25,population_standardized,standardized_feature,methylation,False,delta,9.914793446423445,9.918701489241785,0.40008925278171475,500,0.0,9.914793446423445
magnitude,0.5,population_standardized,standardized_feature,methylation,False,delta,18.13648696284896,18.128326554213583,0.7267976878947224,500,0.0,18.13648696284896
magnitude,0.75,population_standardized,standardized_feature,methylation,False,delta,24.847266601654095,24.845396888679254,0.9915589163844201,500,0.0,24.847266601654095
magnitude,1.0,population_standardized,standardized_feature,methylation,False,delta,30.32995266724869,30.335125931158498,1.2066373811147653,500,0.0,30.32995266724869
magnitude,0.25,population_standardized,standardized_feature,proteomics,False,delta,0.0,0.0,0.0,500,0.0,0.0
magnitude,0.5,population_standardized,standardized_feature,proteomics,False,delta,0.0,0.0,0.0,500,0.0,0.0
magnitude,0.75,population_standardized,standardized_feature,proteomics,False,delta,0.0,0.0,0.0,500,0.0,0.0
magnitude,1.0,population_standardized,standardized_feature,proteomics,False,delta,0.0,0.0,0.0,500,0.0,0.0
magnitude,0.25,population_standardized,standardized_feature,joint,True,delta,6.3788128263671595,6.393299898324654,0.33052756390525906,500,0.0,6.3788128263671595
magnitude,0.5,population_standardized,standardized_feature,joint,True,delta,11.721122082880612,11.748673918978824,0.600364563803679,500,0.0,11.721122082880612
magnitude,0.75,population_standardized,standardized_feature,joint,True,delta,16.048464391387455,16.080307640575093,0.8157466521251893,500,0.0,16.048464391387455
magnitude,1.0,population_standardized,standardized_feature,joint,True,delta,19.503802636410803,19.533123250646163,0.9866664211297506,500,0.0,19.503802636410803
magnitude,0.25,observed_standardized,standardized_feature,expression,False,shape,0.010699122227227357,0.010910285875605056,0.003720239459514949,500,0.010570845565075702,0.00012827666215165477
magnitude,0.5,observed_standardized,standardized_feature,expression,False,shape,0.01069912222722746,0.010910285875605058,0.003720239459514946,500,0.010570845565075702,0.00012827666215175712
magnitude,0.75,observed_standardized,standardized_feature,expression,False,shape,0.010699122227227242,0.010910285875605056,0.003720239459514951,500,0.010570845565075702,0.00012827666215154028
magnitude,1.0,observed_standardized,standardized_feature,expression,False,shape,0.010699122227227242,0.010910285875605047,0.00372023945951495,500,0.010570845565075702,0.00012827666215154028
magnitude,0.25,observed_standardized,standardized_feature,methylation,False,shape,0.010266294230348721,0.011461030669318403,0.005489470956790826,500,0.010999690457148336,-0.0007333962267996146
magnitude,0.5,observed_standardized,standardized_feature,methylation,False,shape,0.010150173410784086,0.011718789136493164,0.0060550622995112005,500,0.010999690457148336,-0.0008495170463642503
magnitude,0.75,observed_standardized,standardized_feature,methylation,False,shape,0.010503518664071562,0.012513656404468842,0.006944920765454847,500,0.010999690457148336,-0.0004961717930767745
magnitude,1.0,observed_standardized,standardized_feature,methylation,False,shape,0.011393883220436385,0.013701359114031616,0.008036511409783386,500,0.010999690457148336,0.0003941927632880489
magnitude,0.25,observed_standardized,standardized_feature,proteomics,False,shape,0.006397389984171983,0.006657437128326099,0.0022383537982437283,500,0.006304149063712896,9.324092045908706e-05
magnitude,0.5,observed_standardized,standardized_feature,proteomics,False,shape,0.006397389984171864,0.006657437128326099,0.0022383537982437252,500,0.006304149063712896,9.324092045896737e-05
magnitude,0.75,observed_standardized,standardized_feature,proteomics,False,shape,0.006397389984171862,0.006657437128326097,0.00223835379824372,500,0.006304149063712896,9.324092045896563e-05
magnitude,1.0,observed_standardized,standardized_feature,proteomics,False,shape,0.006397389984171742,0.006657437128326094,0.002238353798243728,500,0.006304149063712896,9.324092045884594e-05
magnitude,0.25,observed_standardized,standardized_feature,joint,True,shape,0.009052206454454727,0.009510960559012856,0.003320249622921354,500,0.005604723297484347,0.0034474831569703806
magnitude,0.5,observed_standardized,standardized_feature,joint,True,shape,0.014297225546662292,0.014632582943097631,0.004944965437908899,500,0.005604723297484347,0.008692502249177945
magnitude,0.75,observed_standardized,standardized_feature,joint,True,shape,0.0186653339949136,0.019160704138031632,0.006425051148323139,500,0.005604723297484347,0.013060610697429252
magnitude,1.0,observed_standardized,standardized_feature,joint,True,shape,0.022568612470697996,0.02296300530836643,0.007654871122286903,500,0.005604723297484347,0.016963889173213648
magnitude,0.25,pls_latent,pls_latent,joint,True,shape,0.009099746167912526,0.009504606964685183,0.003374927538920164,500,0.005757076584734662,0.003342669583177865
magnitude,0.5,pls_latent,pls_latent,joint,True,shape,0.014436504473525642,0.01468212767678563,0.005052821765114766,500,0.005757076584734662,0.00867942788879098
magnitude,0.75,pls_latent,pls_latent,joint,True,shape,0.019198008935417128,0.019402159914743262,0.006639613563477252,500,0.005757076584734662,0.013440932350682467
magnitude,1.0,pls_latent,pls_latent,joint,True,shape,0.02329172804555201,0.023529201146459545,0.008012380102497493,500,0.005757076584734662,0.017534651460817348
magnitude,0.25,population_native,native_omic_units,expression,False,shape,1.0868219388937115e-15,1.1864204483876969e-15,4.203787309957405e-16,500,1.0754384912420657e-15,1.1383447651645858e-17
magnitude,0.5,population_native,native_omic_units,expression,False,shape,1.0715771035747028e-15,1.1685644878618724e-15,4.129192428835666e-16,500,1.0754384912420657e-15,-3.861387667362929e-18
magnitude,0.75,population_native,native_omic_units,expression,False,shape,1.076473500356041e-15,1.1773178509387237e-15,3.9712727691806925e-16,500,1.0754384912420657e-15,1.0350091139753182e-18
magnitude,1.0,population_native,native_omic_units,expression,False,shape,1.0676371855797085e-15,1.1739144723073077e-15,4.520450115982601e-16,500,1.0754384912420657e-15,-7.801305662357208e-18
magnitude,0.25,population_native,native_omic_units,methylation,False,shape,1.4924681504100045e-15,1.5468584698163961e-15,3.8252528275245377e-16,500,1.465672132269263e-15,2.679601814074151e-17
magnitude,0.5,population_native,native_omic_units,methylation,False,shape,1.4834633062168693e-15,1.5529664473339735e-15,4.1745071864587034e-16,500,1.465672132269263e-15,1.779117394760633e-17
magnitude,0.75,population_native,native_omic_units,methylation,False,shape,1.482129201456825e-15,1.5458133774711127e-15,3.9271020829869365e-16,500,1.465672132269263e-15,1.6457069187562025e-17
magnitude,1.0,population_native,native_omic_units,methylation,False,shape,1.4713756847492427e-15,1.5342611864800656e-15,3.8521584259739014e-16,500,1.465672132269263e-15,5.703552479979721e-18
magnitude,0.25,population_native,native_omic_units,proteomics,False,shape,1.1639599168717225e-15,1.2996762056958934e-15,4.715509191645523e-16,500,1.15934074729923e-15,4.619169572492428e-18
magnitude,0.5,population_native,native_omic_units,proteomics,False,shape,1.139582044468693e-15,1.2667037260012575e-15,4.615301046132077e-16,500,1.15934074729923e-15,-1.9758702830537045e-17
magnitude,0.75,population_native,native_omic_units,proteomics,False,shape,1.1626884200918298e-15,1.2853228653578812e-15,4.600782958502829e-16,500,1.15934074729923e-15,3.3476727925997216e-18
magnitude,1.0,population_native,native_omic_units,proteomics,False,shape,1.1455985544114894e-15,1.2806514168051983e-15,4.932571912610591e-16,500,1.15934074729923e-15,-1.3742192887740618e-17
magnitude,0.25,population_standardized,standardized_feature,expression,False,shape,8.590642358442212e-16,9.290377451780473e-16,3.7052867181940263e-16,500,8.614169983718292e-16,-2.3527625276079863e-18
magnitude,0.5,population_standardized,standardized_feature,expression,False,shape,8.561506549267125e-16,9.220699889100627e-16,3.6456315682082835e-16,500,8.614169983718292e-16,-5.26634344511675e-18
magnitude,0.75,population_standardized,standardized_feature,expression,False,shape,8.590892107393029e-16,9.333284377736906e-16,3.851950442052867e-16,500,8.614169983718292e-16,-2.3277876325263487e-18
magnitude,1.0,population_standardized,standardized_feature,expression,False,shape,8.530172471565502e-16,9.225928437482929e-16,3.6936585417771775e-16,500,8.614169983718292e-16,-8.39975121527902e-18
magnitude,0.25,population_standardized,standardized_feature,methylation,False,shape,9.510154780307328e-16,1.021953558658715e-15,3.9876386360294158e-16,500,9.438927705827528e-16,7.122707447980058e-18
magnitude,0.5,population_standardized,standardized_feature,methylation,False,shape,9.537730845413755e-16,1.0083544071175968e-15,3.669253811767234e-16,500,9.438927705827528e-16,9.880313958622764e-18
magnitude,0.75,population_standardized,standardized_feature,methylation,False,shape,9.431503457474835e-16,1.004538772488544e-15,3.2726589364373283e-16,500,9.438927705827528e-16,-7.424248352693217e-19
magnitude,1.0,population_standardized,standardized_feature,methylation,False,shape,9.36778902629751e-16,1.0145078266947923e-15,4.0051500273637607e-16,500,9.438927705827528e-16,-7.113867953001723e-18
magnitude,0.25,population_standardized,standardized_feature,proteomics,False,shape,9.106675738034813e-16,9.837524539452468e-16,3.628182725909274e-16,500,9.077742552780283e-16,2.8933185254530386e-18
magnitude,0.5,population_standardized,standardized_feature,proteomics,False,shape,9.07655959779128e-16,9.782936326277394e-16,3.6254679141800167e-16,500,9.077742552780283e-16,-1.1829549890028963e-19
magnitude,0.75,population_standardized,standardized_feature,proteomics,False,shape,9.068269371421127e-16,9.820084605328442e-16,3.636265561543091e-16,500,9.077742552780283e-16,-9.473181359156018e-19
magnitude,1.0,population_standardized,standardized_feature,proteomics,False,shape,9.07254237773144e-16,9.786722909445262e-16,3.6341550175340495e-16,500,9.077742552780283e-16,-5.200175048842849e-19
magnitude,0.25,population_standardized,standardized_feature,joint,True,shape,0.007643620829657234,0.007679311946253425,0.0024935793581442613,500,1.0728247560909772e-15,0.007643620829656161
magnitude,0.5,population_standardized,standardized_feature,joint,True,shape,0.01378869916868184,0.01382747055318677,0.004482374453640825,500,1.0728247560909772e-15,0.013788699168680769
magnitude,0.75,population_standardized,standardized_feature,joint,True,shape,0.018689791439162287,0.018791448428150965,0.00608580033681721,500,1.0728247560909772e-15,0.018689791439161215
magnitude,1.0,population_standardized,standardized_feature,joint,True,shape,0.022583188850766725,0.02283591098842787,0.00739221918583289,500,1.0728247560909772e-15,0.022583188850765653
orientation,0.25,observed_standardized,standardized_feature,expression,False,angle,54.098861330750935,68.13748719790846,29.532816587515896,500,8.112924233106117,45.98593709764482
orientation,0.5,observed_standardized,standardized_feature,expression,False,angle,72.1642399022898,78.65053791033507,16.966175879696028,500,8.112924233106117,64.05131566918368
orientation,0.75,observed_standardized,standardized_feature,expression,False,angle,83.30788468530974,85.03364357132409,8.26955520313372,500,8.112924233106117,75.19496045220363
orientation,1.0,observed_standardized,standardized_feature,expression,False,angle,89.89208502274957,90.07126077122226,3.835681033410801,500,8.112924233106117,81.77916078964346
orientation,0.25,observed_standardized,standardized_feature,methylation,False,angle,49.08977044517151,53.80399562523126,18.33461433821155,500,11.114333163465878,37.97543728170563
orientation,0.5,observed_standardized,standardized_feature,methylation,False,angle,66.78334261927068,70.58669097686543,12.688678257127803,500,11.114333163465878,55.669009455804805
orientation,0.75,observed_standardized,standardized_feature,methylation,False,angle,79.8211597650768,81.52397860333943,6.060370765348085,500,11.114333163465878,68.70682660161093
orientation,1.0,observed_standardized,standardized_feature,methylation,False,angle,90.00864773725296,89.99264251864753,0.43160262437793606,500,11.114333163465878,78.89431457378709
orientation,0.25,observed_standardized,standardized_feature,proteomics,False,angle,55.49693757807499,67.36821031436804,27.59252542703232,500,6.188758532951998,49.30817904512299
orientation,0.5,observed_standardized,standardized_feature,proteomics,False,angle,73.3099466961763,79.09786126969693,16.18053735164764,500,6.188758532951998,67.1211881632243
orientation,0.75,observed_standardized,standardized_feature,proteomics,False,angle,84.53550216231389,85.7231945477887,7.715096352767275,500,6.188758532951998,78.3467436293619
orientation,1.0,observed_standardized,standardized_feature,proteomics,False,angle,90.0995241480471,90.118614156689,3.861577590064691,500,6.188758532951998,83.9107656150951
orientation,0.25,observed_standardized,standardized_feature,joint,True,angle,51.68904849717481,63.802057110443364,27.465467599476433,500,8.325599841915379,43.36344865525943
orientation,0.5,observed_standardized,standardized_feature,joint,True,angle,69.67027495951564,75.70214401825362,15.431395343287333,500,8.325599841915379,61.34467511760026
orientation,0.75,observed_standardized,standardized_feature,joint,True,angle,81.62003507338198,84.07301389764116,7.351534590487202,500,8.325599841915379,73.29443523146661
orientation,1.0,observed_standardized,standardized_feature,joint,True,angle,90.04866203958832,90.07697428080455,2.183109994031703,500,8.325599841915379,81.72306219767295
orientation,0.25,pls_latent,pls_latent,joint,True,angle,21.832107956832424,41.68162621902306,46.31722887072121,500,2.3008054443894794,19.531302512442945
orientation,0.5,pls_latent,pls_latent,joint,True,angle,39.80229663779741,54.94292389505284,45.03304943965458,500,2.3008054443894794,37.50149119340793
orientation,0.75,pls_latent,pls_latent,joint,True,angle,52.2713421486673,61.45629176963776,40.66979879875146,500,2.3008054443894794,49.97053670427782
orientation,1.0,pls_latent,pls_latent,joint,True,angle,63.078606129691394,69.15270278868309,37.91169379836326,500,2.3008054443894794,60.77780068530191
orientation,0.25,population_native,native_omic_units,expression,False,angle,49.00933843370059,63.59190077824885,31.46793756136831,500,0.0,49.00933843370059
orientation,0.5,population_native,native_omic_units,expression,False,angle,68.4139687947087,75.7808453726245,18.84773885813922,500,0.0,68.4139687947087
orientation,0.75,population_native,native_omic_units,expression,False,angle,81.8845032757053,84.04903971831673,9.735781467557482,500,0.0,81.8845032757053
orientation,1.0,population_native,native_omic_units,expression,False,angle,90.038542305602,90.07542641291317,4.531469441711974,500,0.0,90.038542305602
orientation,0.25,population_native,native_omic_units,methylation,False,angle,41.24324193513179,41.57927035307212,6.895786042204778,500,0.0,41.24324193513179
orientation,0.5,population_native,native_omic_units,methylation,False,angle,60.08733483088017,60.11823234495226,3.6001918225691374,500,0.0,60.08733483088017
orientation,0.75,population_native,native_omic_units,methylation,False,angle,75.50990950050567,75.6718935633902,2.9041712007471143,500,0.0,75.50990950050567
orientation,1.0,population_native,native_omic_units,methylation,False,angle,90.0,90.0,3.180826134296277e-15,500,0.0,90.0
orientation,0.25,population_native,native_omic_units,proteomics,False,angle,48.22291536282037,61.728683921109656,30.159592021682723,500,0.0,48.22291536282037
orientation,0.5,population_native,native_omic_units,proteomics,False,angle,68.57243296822217,75.98055746465224,18.954153986437028,500,0.0,68.57243296822217
orientation,0.75,population_native,native_omic_units,proteomics,False,angle,81.68827796306931,83.88669693318381,9.755712562774926,500,0.0,81.68827796306931
orientation,1.0,population_native,native_omic_units,proteomics,False,angle,90.22161267422501,90.33984746765661,4.850358870799035,500,0.0,90.22161267422501
orientation,0.25,population_standardized,standardized_feature,expression,False,angle,54.29024317483878,67.3340503771002,29.563289884038905,500,0.0,54.29024317483878
orientation,0.5,population_standardized,standardized_feature,expression,False,angle,71.27930541277178,77.84864581533147,16.69869696205692,500,0.0,71.27930541277178
orientation,0.75,population_standardized,standardized_feature,expression,False,angle,83.37970635248887,85.04265406381212,8.365144521707338,500,0.0,83.37970635248887
orientation,1.0,population_standardized,standardized_feature,expression,False,angle,89.85660298090136,89.97843370537177,3.853793162271295,500,0.0,89.85660298090136
orientation,0.25,population_standardized,standardized_feature,methylation,False,angle,48.06465871913029,52.51641998380615,18.87045154384947,500,0.0,48.06465871913029
orientation,0.5,population_standardized,standardized_feature,methylation,False,angle,66.31066576294083,69.46813429870734,11.876981766994195,500,0.0,66.31066576294083
orientation,0.75,population_standardized,standardized_feature,methylation,False,angle,79.53511619446756,80.942514476942,5.503313581509208,500,0.0,79.53511619446756
orientation,1.0,population_standardized,standardized_feature,methylation,False,angle,90.0,90.0,4.968609256900582e-15,500,0.0,90.0
orientation,0.25,population_standardized,standardized_feature,proteomics,False,angle,55.03908004687891,67.02168655088656,27.65688369013658,500,0.0,55.03908004687891
orientation,0.5,population_standardized,standardized_feature,proteomics,False,angle,73.05310663069159,79.2430478786793,16.41540525910488,500,0.0,73.05310663069159
orientation,0.75,population_standardized,standardized_feature,proteomics,False,angle,84.41999295977143,85.54573249910132,7.64421847639959,500,0.0,84.41999295977143
orientation,1.0,population_standardized,standardized_feature,proteomics,False,angle,90.08163396893653,90.04604410455349,3.876487659960005,500,0.0,90.08163396893653
orientation,0.25,population_standardized,standardized_feature,joint,True,angle,51.33671893763676,63.50135248061986,27.835296154005846,500,0.0,51.33671893763676
orientation,0.5,population_standardized,standardized_feature,joint,True,angle,69.25651803611865,75.31807977260647,15.42237133981149,500,0.0,69.25651803611865
orientation,0.75,population_standardized,standardized_feature,joint,True,angle,81.50863671236766,83.82715882450391,7.200297024630356,500,0.0,81.50863671236766
orientation,1.0,population_standardized,standardized_feature,joint,True,angle,89.92869060149475,90.06058289983596,2.194424405250754,500,0.0,89.92869060149475
orientation,0.25,observed_standardized,standardized_feature,expression,False,delta,0.9119219737045832,1.1167939344941482,0.8761916293664703,500,0.12985574767624541,0.7820662260283378
orientation,0.5,observed_standardized,standardized_feature,expression,False,delta,1.2750444014574889,1.4655625170677558,1.0323334755222409,500,0.12985574767624541,1.1451886537812435
orientation,0.75,observed_standardized,standardized_feature,expression,False,delta,1.4617617715279572,1.663299180339289,1.2023800771054083,500,0.12985574767624541,1.3319060238517118
orientation,1.0,observed_standardized,standardized_feature,expression,False,delta,1.422608189280652,1.691883500102479,1.2747296211871282,500,0.12985574767624541,1.2927524416044065
orientation,0.25,observed_standardized,standardized_feature,methylation,False,delta,0.4286100598521898,0.48363488673113525,0.35561229046158815,500,0.1790950679082357,0.2495149919439541
orientation,0.5,observed_standardized,standardized_feature,methylation,False,delta,0.5675424116009467,0.6182249581680088,0.4578543167679015,500,0.1790950679082357,0.38844734369271094
orientation,0.75,observed_standardized,standardized_feature,methylation,False,delta,0.6428116180091124,0.7375786033962791,0.5214265831264155,500,0.1790950679082357,0.46371655010087665
orientation,1.0,observed_standardized,standardized_feature,methylation,False,delta,0.6795205491977931,0.8256711211091681,0.6304223611219316,500,0.1790950679082357,0.5004254812895574
orientation,0.25,observed_standardized,standardized_feature,proteomics,False,delta,1.3910431469534892,1.707748811081873,1.293436318871094,500,0.1116933393253774,1.2793498076281118
orientation,0.5,observed_standardized,standardized_feature,proteomics,False,delta,1.8183147905899304,2.2118339235112168,1.6946755509525098,500,0.1116933393253774,1.706621451264553
orientation,0.75,observed_standardized,standardized_feature,proteomics,False,delta,2.046048433977205,2.5060891413607025,1.8963168861805477,500,0.1116933393253774,1.9343550946518278
orientation,1.0,observed_standardized,standardized_feature,proteomics,False,delta,2.2012541403099988,2.67952367757452,2.08628365423866,500,0.1116933393253774,2.0895608009846214
orientation,0.25,observed_standardized,standardized_feature,joint,True,delta,1.272517596060979,1.5436221948821967,1.189326191799523,500,0.1422965322672738,1.1302210637937051
orientation,0.5,observed_standardized,standardized_feature,joint,True,delta,1.6701502621989874,2.0020476744498805,1.5226703648246172,500,0.1422965322672738,1.5278537299317136
orientation,0.75,observed_standardized,standardized_feature,joint,True,delta,1.9741511101619125,2.2873035606181493,1.6417852056566102,500,0.1422965322672738,1.8318545778946387
orientation,1.0,observed_standardized,standardized_feature,joint,True,delta,1.993995337930599,2.4027577660622654,1.812156781121608,500,0.1422965322672738,1.8516988056633252
orientation,0.25,pls_latent,pls_latent,joint,True,delta,1.355381837937209,1.6582918449105006,1.2768574070136802,500,0.1410650641549509,1.214316773782258
orientation,0.5,pls_latent,pls_latent,joint,True,delta,1.9618650197917304,2.3750035556513733,1.8103542408192794,500,0.1410650641549509,1.8207999556367795
orientation,0.75,pls_latent,pls_latent,joint,True,delta,2.54041526318181,2.9287936178770475,2.1060419528633973,500,0.1410650641549509,2.399350199026859
orientation,1.0,pls_latent,pls_latent,joint,True,delta,2.7475938421749433,3.2777159020555717,2.4190596415299086,500,0.1410650641549509,2.6065287780199924
orientation,0.25,population_native,native_omic_units,expression,False,delta,0.7601038001540594,0.9691143051600537,0.7557661848929091,500,0.0,0.7601038001540594
orientation,0.5,population_native,native_omic_units,expression,False,delta,1.1471261579239496,1.324403536162275,0.9441142906030721,500,0.0,1.1471261579239496
orientation,0.75,population_native,native_omic_units,expression,False,delta,1.2518918963136159,1.501450948779028,1.1402000402026355,500,0.0,1.2518918963136159
orientation,1.0,population_native,native_omic_units,expression,False,delta,1.4182495696014215,1.6036707386829476,1.1756848703999963,500,0.0,1.4182495696014215
orientation,0.25,population_native,native_omic_units,methylation,False,delta,0.0,0.0,0.0,500,0.0,0.0
orientation,0.5,population_native,native_omic_units,methylation,False,delta,0.0,0.0,0.0,500,0.0,0.0
orientation,0.75,population_native,native_omic_units,methylation,False,delta,0.0,0.0,0.0,500,0.0,0.0
orientation,1.0,population_native,native_omic_units,methylation,False,delta,0.0,0.0,0.0,500,0.0,0.0
orientation,0.25,population_native,native_omic_units,proteomics,False,delta,0.9478329043443168,1.1753881864614981,0.9462661258197562,500,0.0,0.9478329043443168
orientation,0.5,population_native,native_omic_units,proteomics,False,delta,1.3660311658997522,1.6108454372539611,1.1937583277668506,500,0.0,1.3660311658997522
orientation,0.75,population_native,native_omic_units,proteomics,False,delta,1.6255831722137835,1.919486423668164,1.4190528865344185,500,0.0,1.6255831722137835
orientation,1.0,population_native,native_omic_units,proteomics,False,delta,1.747286767147724,2.096315117207236,1.5763426739393538,500,0.0,1.747286767147724
orientation,0.25,population_standardized,standardized_feature,expression,False,delta,0.9290767286296031,1.118484833136865,0.8534784629892943,500,0.0,0.9290767286296031
orientation,0.5,population_standardized,standardized_feature,expression,False,delta,1.2571223290321214,1.4538852082928424,1.0221197804957898,500,0.0,1.2571223290321214
orientation,0.75,population_standardized,standardized_feature,expression,False,delta,1.4352486840890641,1.6550132761341982,1.1891747626811444,500,0.0,1.4352486840890641
orientation,1.0,population_standardized,standardized_feature,expression,False,delta,1.3721265428648053,1.6934514342232552,1.281256725972374,500,0.0,1.3721265428648053
orientation,0.25,population_standardized,standardized_feature,methylation,False,delta,0.35485198840443744,0.42707758970680926,0.32020038774490167,500,0.0,0.35485198840443744
orientation,0.5,population_standardized,standardized_feature,methylation,False,delta,0.5463004313228161,0.6079897722603725,0.4244722203782812,500,0.0,0.5463004313228161
orientation,0.75,population_standardized,standardized_feature,methylation,False,delta,0.6433490543734663,0.7272381881543166,0.5054008665230917,500,0.0,0.6433490543734663
orientation,1.0,population_standardized,standardized_feature,methylation,False,delta,0.7111702495865373,0.8261526096327062,0.6064866543696237,500,0.0,0.7111702495865373
orientation,0.25,population_standardized,standardized_feature,proteomics,False,delta,1.3992730717393194,1.7039436608650873,1.2973140850969558,500,0.0,1.3992730717393194
orientation,0.5,population_standardized,standardized_feature,proteomics,False,delta,1.8804550352714173,2.2086902485884576,1.6942039243460434,500,0.0,1.8804550352714173
orientation,0.75,population_standardized,standardized_feature,proteomics,False,delta,2.0542235495075403,2.5027191593237292,1.9003488481050084,500,0.0,2.0542235495075403
orientation,1.0,population_standardized,standardized_feature,proteomics,False,delta,2.198741466016248,2.6751808267814856,2.0791614655822572,500,0.0,2.198741466016248
orientation,0.25,population_standardized,standardized_feature,joint,True,delta,1.2480623784288838,1.534668879156568,1.2059973045326569,500,0.0,1.2480623784288838
orientation,0.5,population_standardized,standardized_feature,joint,True,delta,1.679114850511624,2.000943378295262,1.5117548303094284,500,0.0,1.679114850511624
orientation,0.75,population_standardized,standardized_feature,joint,True,delta,1.996644746388995,2.2988133061737153,1.6484408709019447,500,0.0,1.996644746388995
orientation,1.0,population_standardized,standardized_feature,joint,True,delta,2.0059340212792236,2.3997306713933777,1.8161499515562614,500,0.0,2.0059340212792236
orientation,0.25,observed_standardized,standardized_feature,expression,False,shape,0.06553169974827244,0.06667486280604273,0.021790648743194106,500,0.010570845565075702,0.05496085418319674
orientation,0.5,observed_standardized,standardized_feature,expression,False,shape,0.0792549805006276,0.08147855509764276,0.027581961001289648,500,0.010570845565075702,0.0686841349355519
orientation,0.75,observed_standardized,standardized_feature,expression,False,shape,0.08827521145431418,0.09215207462945522,0.030178053034366718,500,0.010570845565075702,0.07770436588923847
orientation,1.0,observed_standardized,standardized_feature,expression,False,shape,0.09532975231191576,0.09647932509868927,0.0310062950319658,500,0.010570845565075702,0.08475890674684006
orientation,0.25,observed_standardized,standardized_feature,methylation,False,shape,0.017888255621603868,0.018549905479436562,0.006981558183251646,500,0.010999690457148336,0.006888565164455532
orientation,0.5,observed_standardized,standardized_feature,methylation,False,shape,0.02097553918616648,0.022240440780561366,0.00828722294422115,500,0.010999690457148336,0.009975848729018143
orientation,0.75,observed_standardized,standardized_feature,methylation,False,shape,0.02439850966587335,0.025096423556487557,0.009283338809574621,500,0.010999690457148336,0.013398819208725012
orientation,1.0,observed_standardized,standardized_feature,methylation,False,shape,0.02433971823602215,0.025352180286782558,0.009995950259046076,500,0.010999690457148336,0.013340027778873813
orientation,0.25,observed_standardized,standardized_feature,proteomics,False,shape,0.07200685943870225,0.07547220937090694,0.025535860069719054,500,0.006304149063712896,0.06570271037498936
orientation,0.5,observed_standardized,standardized_feature,proteomics,False,shape,0.0925409396003661,0.09418953295145398,0.032853864402635616,500,0.006304149063712896,0.08623679053665322
orientation,0.75,observed_standardized,standardized_feature,proteomics,False,shape,0.10043467221179292,0.10399203822717833,0.03622617339569309,500,0.006304149063712896,0.09413052314808003
orientation,1.0,observed_standardized,standardized_feature,proteomics,False,shape,0.10795073343781493,0.10940321848737694,0.036333230156971784,500,0.006304149063712896,0.10164658437410204
orientation,0.25,observed_standardized,standardized_feature,joint,True,shape,0.04134359012161205,0.04211009854334728,0.014359068754320265,500,0.005604723297484347,0.035738866824127705
orientation,0.5,observed_standardized,standardized_feature,joint,True,shape,0.05005509166970119,0.05179828967347702,0.017424514025756354,500,0.005604723297484347,0.044450368372216845
orientation,0.75,observed_standardized,standardized_feature,joint,True,shape,0.05552777386599958,0.05677152664576975,0.01916684878520941,500,0.005604723297484347,0.04992305056851523
orientation,1.0,observed_standardized,standardized_feature,joint,True,shape,0.058801006718380136,0.058656877293272465,0.019416449529700543,500,0.005604723297484347,0.05319628342089579
orientation,0.25,pls_latent,pls_latent,joint,True,shape,0.04948275427425304,0.050416101258454055,0.017306563553298085,500,0.005757076584734662,0.04372567768951838
orientation,0.5,pls_latent,pls_latent,joint,True,shape,0.07061180874769564,0.0731930912592153,0.024732825938735832,500,0.005757076584734662,0.06485473216296098
orientation,0.75,pls_latent,pls_latent,joint,True,shape,0.09304154417979658,0.09502850544013765,0.0321576223178415,500,0.005757076584734662,0.08728446759506192
orientation,1.0,pls_latent,pls_latent,joint,True,shape,0.11107229050642584,0.11243008249552472,0.03816457562857026,500,0.005757076584734662,0.10531521392169117
orientation,0.25,population_native,native_omic_units,expression,False,shape,0.059272951718339295,0.06111200146024885,0.020560856845983456,500,1.0754384912420657e-15,0.05927295171833822
orientation,0.5,population_native,native_omic_units,expression,False,shape,0.07429187507396082,0.07702522955507254,0.025497228862873533,500,1.0754384912420657e-15,0.07429187507395975
orientation,0.75,population_native,native_omic_units,expression,False,shape,0.0845791856742149,0.08825710997307369,0.030196242225618054,500,1.0754384912420657e-15,0.08457918567421382
orientation,1.0,population_native,native_omic_units,expression,False,shape,0.09023607553409602,0.09199587702524108,0.030193661663300193,500,1.0754384912420657e-15,0.09023607553409495
orientation,0.25,population_native,native_omic_units,methylation,False,shape,1.490156731439804e-15,1.5480861301291913e-15,3.5065317122313515e-16,500,1.465672132269263e-15,2.4484599170541074e-17
orientation,0.5,population_native,native_omic_units,methylation,False,shape,1.4920956946801557e-15,1.5808690456735387e-15,4.4699711980295585e-16,500,1.465672132269263e-15,2.642356241089273e-17
orientation,0.75,population_native,native_omic_units,methylation,False,shape,1.4943106405901452e-15,1.579371902447853e-15,4.42171383423605e-16,500,1.465672132269263e-15,2.863850832088223e-17
orientation,1.0,population_native,native_omic_units,methylation,False,shape,1.5311083659517546e-15,1.5820246081882858e-15,3.641419896331364e-16,500,1.465672132269263e-15,6.543623368249167e-17
orientation,0.25,population_native,native_omic_units,proteomics,False,shape,0.06481198180594935,0.06699189463375396,0.022015819085784635,500,1.15934074729923e-15,0.06481198180594819
orientation,0.5,population_native,native_omic_units,proteomics,False,shape,0.08388870758269013,0.08589939241316123,0.029572116227945183,500,1.15934074729923e-15,0.08388870758268896
orientation,0.75,population_native,native_omic_units,proteomics,False,shape,0.09240102152156958,0.09700379336331905,0.03350930595152418,500,1.15934074729923e-15,0.09240102152156841
orientation,1.0,population_native,native_omic_units,proteomics,False,shape,0.10076871904633417,0.10294068320663605,0.034042601339633015,500,1.15934074729923e-15,0.100768719046333
orientation,0.25,population_standardized,standardized_feature,expression,False,shape,0.06599487822676123,0.06649727580125367,0.022057235401021214,500,8.614169983718292e-16,0.06599487822676037
orientation,0.5,population_standardized,standardized_feature,expression,False,shape,0.0785216621976961,0.08162930858350756,0.02762449579601483,500,8.614169983718292e-16,0.07852166219769524
orientation,0.75,population_standardized,standardized_feature,expression,False,shape,0.08892207490609272,0.09210461490694376,0.0306138545399046,500,8.614169983718292e-16,0.08892207490609186
orientation,1.0,population_standardized,standardized_feature,expression,False,shape,0.09588735148998609,0.09673985046503367,0.030584625636223918,500,8.614169983718292e-16,0.09588735148998523
orientation,0.25,population_standardized,standardized_feature,methylation,False,shape,0.013887736085984693,0.014638939785637949,0.005678735652642017,500,9.438927705827528e-16,0.013887736085983749
orientation,0.5,population_standardized,standardized_feature,methylation,False,shape,0.019517491275923015,0.019853212874555107,0.007787423174387239,500,9.438927705827528e-16,0.01951749127592207
orientation,0.75,population_standardized,standardized_feature,methylation,False,shape,0.022782898734421082,0.023250899221469903,0.008937896981688776,500,9.438927705827528e-16,0.02278289873442014
orientation,1.0,population_standardized,standardized_feature,methylation,False,shape,0.023183823925834277,0.023844226717806866,0.009423291435203898,500,9.438927705827528e-16,0.023183823925833333
orientation,0.25,population_standardized,standardized_feature,proteomics,False,shape,0.07208408497191057,0.07552629412496781,0.025315270568115084,500,9.077742552780283e-16,0.07208408497190967
orientation,0.5,population_standardized,standardized_feature,proteomics,False,shape,0.0930324029445986,0.09421714307443066,0.032937951946797786,500,9.077742552780283e-16,0.09303240294459769
orientation,0.75,population_standardized,standardized_feature,proteomics,False,shape,0.09983409486530785,0.10401221419539826,0.036407231243057794,500,9.077742552780283e-16,0.09983409486530695
orientation,1.0,population_standardized,standardized_feature,proteomics,False,shape,0.10831128808088436,0.10974091818338294,0.03645360684906614,500,9.077742552780283e-16,0.10831128808088346
orientation,0.25,population_standardized,standardized_feature,joint,True,shape,0.04121787263982413,0.0420281517781203,0.014216902390977918,500,1.0728247560909772e-15,0.04121787263982305
orientation,0.5,population_standardized,standardized_feature,joint,True,shape,0.05045709130082725,0.05195424768333349,0.017455746389159737,500,1.0728247560909772e-15,0.05045709130082617
orientation,0.75,population_standardized,standardized_feature,joint,True,shape,0.055307799040290866,0.056835897928511306,0.019232747222712693,500,1.0728247560909772e-15,0.05530779904028979
orientation,1.0,population_standardized,standardized_feature,joint,True,shape,0.05903029459642091,0.05887649906529364,0.019439673576972946,500,1.0728247560909772e-15,0.059030294596419834
shape,0.25,observed_standardized,standardized_feature,expression,False,angle,35.424417288805586,43.978279602423804,35.78077431896137,500,8.112924233106117,27.31149305569947
shape,0.5,observed_standardized,standardized_feature,expression,False,angle,55.20289780834367,61.0731728290503,31.815129287889178,500,8.112924233106117,47.08997357523755
shape,0.75,observed_standardized,standardized_feature,expression,False,angle,67.80420069839181,69.06572067682094,27.22987244343934,500,8.112924233106117,59.691276465285696
shape,1.0,observed_standardized,standardized_feature,expression,False,angle,78.30759992235907,77.60927766596625,21.223633201312026,500,8.112924233106117,70.19467568925296
shape,0.25,observed_standardized,standardized_feature,methylation,False,angle,39.16978150490408,47.01418179236994,35.948761394362165,500,11.114333163465878,28.0554483414382
shape,0.5,observed_standardized,standardized_feature,methylation,False,angle,57.37963413591713,62.07970392277539,29.61110153834458,500,11.114333163465878,46.26530097245125
shape,0.75,observed_standardized,standardized_feature,methylation,False,angle,69.80776958531186,73.20030086298802,22.312554479254228,500,11.114333163465878,58.69343642184598
shape,1.0,observed_standardized,standardized_feature,methylation,False,angle,79.55614266393715,81.48759716446295,14.501700214763684,500,11.114333163465878,68.44180950047128
shape,0.25,observed_standardized,standardized_feature,proteomics,False,angle,36.87640897322848,44.831957979612284,35.21924869224747,500,6.188758532951998,30.68765044027648
shape,0.5,observed_standardized,standardized_feature,proteomics,False,angle,55.74190716264215,61.70911427518764,32.18795661392357,500,6.188758532951998,49.55314862969015
shape,0.75,observed_standardized,standardized_feature,proteomics,False,angle,69.19011773743736,72.12686901249229,25.668524079351716,500,6.188758532951998,63.00135920448536
shape,1.0,observed_standardized,standardized_feature,proteomics,False,angle,78.87074876380254,79.64027022609137,18.039501287880345,500,6.188758532951998,72.68199023085054
shape,0.25,observed_standardized,standardized_feature,joint,True,angle,37.257622515561316,42.84251036350207,32.875814656447965,500,8.325599841915379,28.93202267364594
shape,0.5,observed_standardized,standardized_feature,joint,True,angle,56.79645735586962,62.966071096255504,30.971108748617667,500,8.325599841915379,48.47085751395424
shape,0.75,observed_standardized,standardized_feature,joint,True,angle,69.8017320505579,72.91466798703446,22.86950149537621,500,8.325599841915379,61.476132208642525
shape,1.0,observed_standardized,standardized_feature,joint,True,angle,79.74252793281038,81.3541163879901,16.17256621043391,500,8.325599841915379,71.416928090895
shape,0.25,pls_latent,pls_latent,joint,True,angle,11.074690475768232,21.498246730758755,31.46507534092181,500,2.3008054443894794,8.773885031378754
shape,0.5,pls_latent,pls_latent,joint,True,angle,15.168641183606159,30.134628971569246,37.41184641555523,500,2.3008054443894794,12.86783573921668
shape,0.75,pls_latent,pls_latent,joint,True,angle,15.188299893393511,27.583069432727292,32.47054259912558,500,2.3008054443894794,12.88749444900403
shape,1.0,pls_latent,pls_latent,joint,True,angle,17.119811129288173,29.83592411536998,31.786339343119487,500,2.3008054443894794,14.819005684898695
shape,0.25,population_native,native_omic_units,expression,False,angle,25.710743208599283,33.90937652945725,32.73396392177613,500,0.0,25.710743208599283
shape,0.5,population_native,native_omic_units,expression,False,angle,41.66911033294035,49.96847700387409,35.427371552452804,500,0.0,41.66911033294035
shape,0.75,population_native,native_omic_units,expression,False,angle,52.2039393372015,55.73266504808123,32.06771144083121,500,0.0,52.2039393372015
shape,1.0,population_native,native_omic_units,expression,False,angle,63.893771676679265,62.695633150694896,29.46873372237068,500,0.0,63.893771676679265
shape,0.25,population_native,native_omic_units,methylation,False,angle,23.353447515436592,31.104462442319775,32.34278627296639,500,0.0,23.353447515436592
shape,0.5,population_native,native_omic_units,methylation,False,angle,39.572373901585394,45.07871919387655,34.02680298701017,500,0.0,39.572373901585394
shape,0.75,population_native,native_omic_units,methylation,False,angle,55.404522301330445,55.894590763946695,33.40091840782865,500,0.0,55.404522301330445
shape,1.0,population_native,native_omic_units,methylation,False,angle,68.40644606701738,63.88601994330228,29.748354674312107,500,0.0,68.40644606701738
shape,0.25,population_native,native_omic_units,proteomics,False,angle,26.133961830348817,35.962448900117145,35.74663500046332,500,0.0,26.133961830348817
shape,0.5,population_native,native_omic_units,proteomics,False,angle,39.88659126204557,47.46438100190774,35.149614271343964,500,0.0,39.88659126204557
shape,0.75,population_native,native_omic_units,proteomics,False,angle,49.28816889574766,53.502905248914615,32.22818465215435,500,0.0,49.28816889574766
shape,1.0,population_native,native_omic_units,proteomics,False,angle,61.056087767619275,61.5248343244325,29.955682679022857,500,0.0,61.056087767619275
shape,0.25,population_standardized,standardized_feature,expression,False,angle,34.91626578839191,42.55867030218991,36.480981105423986,500,0.0,34.91626578839191
shape,0.5,population_standardized,standardized_feature,expression,False,angle,55.07158177014577,60.666762467597216,32.9725116477924,500,0.0,55.07158177014577
shape,0.75,population_standardized,standardized_feature,expression,False,angle,67.444660969006,69.5929730931632,27.918061872758905,500,0.0,67.444660969006
shape,1.0,population_standardized,standardized_feature,expression,False,angle,78.54547424385495,77.90713177969684,21.41781793675024,500,0.0,78.54547424385495
shape,0.25,population_standardized,standardized_feature,methylation,False,angle,37.551465063279736,41.01163454461907,32.43787802048145,500,0.0,37.551465063279736
shape,0.5,population_standardized,standardized_feature,methylation,False,angle,56.71425179188152,59.68385884509398,29.56268405976554,500,0.0,56.71425179188152
shape,0.75,population_standardized,standardized_feature,methylation,False,angle,69.32788833780417,72.91462988712301,22.757007975483226,500,0.0,69.32788833780417
shape,1.0,population_standardized,standardized_feature,methylation,False,angle,79.36357482686489,80.8399297674312,14.643979744195219,500,0.0,79.36357482686489
shape,0.25,population_standardized,standardized_feature,proteomics,False,angle,36.32489461072039,43.57651874405537,35.077690835484056,500,0.0,36.32489461072039
shape,0.5,population_standardized,standardized_feature,proteomics,False,angle,55.27817516819278,60.77856788881386,32.119376820657315,500,0.0,55.27817516819278
shape,0.75,population_standardized,standardized_feature,proteomics,False,angle,68.91675658824389,71.7707226567188,25.67173248788199,500,0.0,68.91675658824389
shape,1.0,population_standardized,standardized_feature,proteomics,False,angle,79.19137158482451,79.70279833307644,18.41732001795958,500,0.0,79.19137158482451
shape,0.25,population_standardized,standardized_feature,joint,True,angle,36.43091113495378,41.463837771526606,33.711663985614756,500,0.0,36.43091113495378
shape,0.5,population_standardized,standardized_feature,joint,True,angle,56.52592055280534,61.83021394859156,31.025062240208467,500,0.0,56.52592055280534
shape,0.75,population_standardized,standardized_feature,joint,True,angle,69.45396937428717,73.08954819781084,23.441814213106536,500,0.0,69.45396937428717
shape,1.0,population_standardized,standardized_feature,joint,True,angle,79.71562274086008,81.21805718670768,16.39483759613969,500,0.0,79.71562274086008
shape,0.25,observed_standardized,standardized_feature,expression,False,delta,0.6946373739503748,0.8385596383290834,0.6146892634701732,500,0.12985574767624541,0.5647816262741294
shape,0.5,observed_standardized,standardized_feature,expression,False,delta,1.070360359447191,1.2844903753480614,0.9998936660222836,500,0.12985574767624541,0.9405046117709457
shape,0.75,observed_standardized,standardized_feature,expression,False,delta,1.410881293630549,1.6066042609198095,1.1671305532457847,500,0.12985574767624541,1.2810255459543036
shape,1.0,observed_standardized,standardized_feature,expression,False,delta,1.8642149957002623,1.9630459180102995,1.3593641247050754,500,0.12985574767624541,1.7343592480240169
shape,0.25,observed_standardized,standardized_feature,methylation,False,delta,0.6843550269367533,0.7332241900285564,0.48004454758166254,500,0.1790950679082357,0.5052599590285176
shape,0.5,observed_standardized,standardized_feature,methylation,False,delta,1.2501953792857705,1.309890897362981,0.7600120094212598,500,0.1790950679082357,1.0711003113775348
shape,0.75,observed_standardized,standardized_feature,methylation,False,delta,1.8016610567401834,1.818196911061997,0.9216137740051343,500,0.1790950679082357,1.6225659888319477
shape,1.0,observed_standardized,standardized_feature,methylation,False,delta,2.3299467734205024,2.33820390739018,1.016021147657254,500,0.1790950679082357,2.1508517055122667
shape,0.25,observed_standardized,standardized_feature,proteomics,False,delta,1.1544636521984941,1.3263225014094517,1.0064655282392565,500,0.1116933393253774,1.0427703128731167
shape,0.5,observed_standardized,standardized_feature,proteomics,False,delta,1.6246709137562156,1.8584648601794567,1.4121035946368,500,0.1116933393253774,1.5129775744308382
shape,0.75,observed_standardized,standardized_feature,proteomics,False,delta,1.8527389530376688,2.3214980011921655,1.7625553522149235,500,0.1116933393253774,1.7410456137122914
shape,1.0,observed_standardized,standardized_feature,proteomics,False,delta,2.5627453318935203,2.8464203295261528,2.0196737990832707,500,0.1116933393253774,2.451051992568143
shape,0.25,observed_standardized,standardized_feature,joint,True,delta,1.2953808517053602,1.420024764874721,1.0223153162914878,500,0.1422965322672738,1.1530843194380864
shape,0.5,observed_standardized,standardized_feature,joint,True,delta,1.9843398550821263,2.2328191390429213,1.623803767541863,500,0.1422965322672738,1.8420433228148525
shape,0.75,observed_standardized,standardized_feature,joint,True,delta,2.7264717152226865,2.988555262043808,1.9704476130729558,500,0.1422965322672738,2.5841751829554127
shape,1.0,observed_standardized,standardized_feature,joint,True,delta,3.692332185527583,3.819360428952536,2.328551289209146,500,0.1422965322672738,3.5500356532603092
shape,0.25,pls_latent,pls_latent,joint,True,delta,1.3342718939218372,1.4692953754047273,1.0718755511876454,500,0.1410650641549509,1.1932068297668863
shape,0.5,pls_latent,pls_latent,joint,True,delta,2.1564464818010443,2.4387043933776638,1.775848631537419,500,0.1410650641549509,2.0153814176460934
shape,0.75,pls_latent,pls_latent,joint,True,delta,3.091990870136115,3.3963628185548087,2.2570376333818527,500,0.1410650641549509,2.9509258059811643
shape,1.0,pls_latent,pls_latent,joint,True,delta,4.294846834502767,4.51195386035804,2.7771700147475435,500,0.1410650641549509,4.153781770347816
shape,0.25,population_native,native_omic_units,expression,False,delta,0.608897561523257,0.6715528196197537,0.5345630722708082,500,0.0,0.608897561523257
shape,0.5,population_native,native_omic_units,expression,False,delta,0.9155493255770182,1.069144762092777,0.8431045062638619,500,0.0,0.9155493255770182
shape,0.75,population_native,native_omic_units,expression,False,delta,1.197589578382967,1.3328578866530434,0.9794482278897103,500,0.0,1.197589578382967
shape,1.0,population_native,native_omic_units,expression,False,delta,1.4648416125391037,1.6493022242572,1.1553913175620987,500,0.0,1.4648416125391037
shape,0.25,population_native,native_omic_units,methylation,False,delta,0.4747597647989181,0.46609090946179177,0.31516137996135407,500,0.0,0.4747597647989181
shape,0.5,population_native,native_omic_units,methylation,False,delta,0.9303212019741878,0.9263311013273661,0.4643164206249553,500,0.0,0.9303212019741878
shape,0.75,population_native,native_omic_units,methylation,False,delta,1.2682601960779571,1.3321067983986719,0.5566243602356903,500,0.0,1.2682601960779571
shape,1.0,population_native,native_omic_units,methylation,False,delta,1.7034717244100577,1.7727989415743743,0.6686994998477668,500,0.0,1.7034717244100577
shape,0.25,population_native,native_omic_units,proteomics,False,delta,0.6733478094845076,0.8406713932087785,0.6525266607486304,500,0.0,0.6733478094845076
shape,0.5,population_native,native_omic_units,proteomics,False,delta,1.0638128233968587,1.228632025391419,0.9737450847063918,500,0.0,1.0638128233968587
shape,0.75,population_native,native_omic_units,proteomics,False,delta,1.2895870870047688,1.529022410897812,1.1700132607498661,500,0.0,1.2895870870047688
shape,1.0,population_native,native_omic_units,proteomics,False,delta,1.6509836293392368,1.9145837951294915,1.343885971484596,500,0.0,1.6509836293392368
shape,0.25,population_standardized,standardized_feature,expression,False,delta,0.7019524032858548,0.8425691530526189,0.6150302004191719,500,0.0,0.7019524032858548
shape,0.5,population_standardized,standardized_feature,expression,False,delta,1.0846174516434957,1.2904716363833886,0.9955522192230578,500,0.0,1.0846174516434957
shape,0.75,population_standardized,standardized_feature,expression,False,delta,1.4090196207415921,1.6037763353328938,1.1536033889215067,500,0.0,1.4090196207415921
shape,1.0,population_standardized,standardized_feature,expression,False,delta,1.7857162495615029,1.977796008254238,1.364083040721507,500,0.0,1.7857162495615029
shape,0.25,population_standardized,standardized_feature,methylation,False,delta,0.687601034024734,0.71834518243914,0.44898484706726743,500,0.0,0.687601034024734
shape,0.5,population_standardized,standardized_feature,methylation,False,delta,1.2657292551627215,1.2944110925063137,0.7194083828283596,500,0.0,1.2657292551627215
shape,0.75,population_standardized,standardized_feature,methylation,False,delta,1.8156461651203095,1.8379428273860854,0.9046876072402315,500,0.0,1.8156461651203095
shape,1.0,population_standardized,standardized_feature,methylation,False,delta,2.3264606441041984,2.3473674137875675,1.0305948164465344,500,0.0,2.3264606441041984
shape,0.25,population_standardized,standardized_feature,proteomics,False,delta,1.146607907732637,1.3244219390026837,1.0036895704516127,500,0.0,1.146607907732637
shape,0.5,population_standardized,standardized_feature,proteomics,False,delta,1.6113110814861251,1.8492316138812699,1.418386865644163,500,0.0,1.6113110814861251
shape,0.75,population_standardized,standardized_feature,proteomics,False,delta,1.8311069427512479,2.3127831952008395,1.772860034345212,500,0.0,1.8311069427512479
shape,1.0,population_standardized,standardized_feature,proteomics,False,delta,2.5740573378564164,2.86114515588184,2.0318298434911033,500,0.0,2.5740573378564164
shape,0.25,population_standardized,standardized_feature,joint,True,delta,1.305005158340876,1.4308819180015278,1.0103237366514506,500,0.0,1.305005158340876
shape,0.5,population_standardized,standardized_feature,joint,True,delta,1.985065864370661,2.2364898228007983,1.6120334415119706,500,0.0,1.985065864370661
shape,0.75,population_standardized,standardized_feature,joint,True,delta,2.736064146697956,2.999180544285921,1.9943488448140843,500,0.0,2.736064146697956
shape,1.0,population_standardized,standardized_feature,joint,True,delta,3.7463094380207806,3.839675113630597,2.354527400509505,500,0.0,3.7463094380207806
shape,0.25,observed_standardized,standardized_feature,expression,False,shape,0.038470792921091214,0.040745195076447076,0.017609091895078675,500,0.010570845565075702,0.02789994735601551
shape,0.5,observed_standardized,standardized_feature,expression,False,shape,0.054909510840142506,0.057687795580146535,0.025452151193990042,500,0.010570845565075702,0.0443386652750668
shape,0.75,observed_standardized,standardized_feature,expression,False,shape,0.06307945178771018,0.06806506396141337,0.030849336564148094,500,0.010570845565075702,0.05250860622263448
shape,1.0,observed_standardized,standardized_feature,expression,False,shape,0.07539184717415054,0.07863028947795492,0.03424382576617257,500,0.010570845565075702,0.06482100160907484
shape,0.25,observed_standardized,standardized_feature,methylation,False,shape,0.023227517813804714,0.024288928047494947,0.009817051093036842,500,0.010999690457148336,0.012227827356656378
shape,0.5,observed_standardized,standardized_feature,methylation,False,shape,0.03410483853953146,0.03542273641806006,0.014575111638779432,500,0.010999690457148336,0.023105148082383124
shape,0.75,observed_standardized,standardized_feature,methylation,False,shape,0.04488264957903361,0.04536732206329612,0.01737733042784823,500,0.010999690457148336,0.03388295912188527
shape,1.0,observed_standardized,standardized_feature,methylation,False,shape,0.05481028133444529,0.05440871164841782,0.018715592370788448,500,0.010999690457148336,0.043810590877296954
shape,0.25,observed_standardized,standardized_feature,proteomics,False,shape,0.043095185677148096,0.045773604442038894,0.022003805200124914,500,0.006304149063712896,0.0367910366134352
shape,0.5,observed_standardized,standardized_feature,proteomics,False,shape,0.05695271396813836,0.061792758521595756,0.02845954261766537,500,0.006304149063712896,0.050648564904425465
shape,0.75,observed_standardized,standardized_feature,proteomics,False,shape,0.06912585535104039,0.07301612657032898,0.035137009584238134,500,0.006304149063712896,0.0628217062873275
shape,1.0,observed_standardized,standardized_feature,proteomics,False,shape,0.07770713108661803,0.0848153063278452,0.03948728723944961,500,0.006304149063712896,0.07140298202290514
shape,0.25,observed_standardized,standardized_feature,joint,True,shape,0.02826716773440607,0.029874065356559062,0.013343448773717367,500,0.005604723297484347,0.022662444436921725
shape,0.5,observed_standardized,standardized_feature,joint,True,shape,0.0412609532911026,0.0431644736464548,0.018819449905113795,500,0.005604723297484347,0.035656229993618255
shape,0.75,observed_standardized,standardized_feature,joint,True,shape,0.0500109332382192,0.05298911914736973,0.0236660043366701,500,0.005604723297484347,0.04440620994073485
shape,1.0,observed_standardized,standardized_feature,joint,True,shape,0.061362044271053705,0.06334407849327171,0.02692091235230868,500,0.005604723297484347,0.055757320973569356
shape,0.25,pls_latent,pls_latent,joint,True,shape,0.030663904940801272,0.032713145891502024,0.015280724266361298,500,0.005757076584734662,0.024906828356066613
shape,0.5,pls_latent,pls_latent,joint,True,shape,0.04872677362725709,0.05209412685819129,0.023855674478880134,500,0.005757076584734662,0.042969697042522424
shape,0.75,pls_latent,pls_latent,joint,True,shape,0.06669125061791828,0.0703042237937716,0.033469119305536796,500,0.005757076584734662,0.060934174033183616
shape,1.0,pls_latent,pls_latent,joint,True,shape,0.088066721614909,0.09199435705073711,0.04211439196135707,500,0.005757076584734662,0.08230964503017434
shape,0.25,population_native,native_omic_units,expression,False,shape,0.03489774987207578,0.03618493631935608,0.015686907766160697,500,1.0754384912420657e-15,0.0348977498720747
shape,0.5,population_native,native_omic_units,expression,False,shape,0.05018231669578753,0.05272000541698386,0.022014093509900006,500,1.0754384912420657e-15,0.050182316695786454
shape,0.75,population_native,native_omic_units,expression,False,shape,0.059208345460640875,0.06273250549513343,0.028132035332415734,500,1.0754384912420657e-15,0.0592083454606398
shape,1.0,population_native,native_omic_units,expression,False,shape,0.07025036237172472,0.07306833135086721,0.030422373569997628,500,1.0754384912420657e-15,0.07025036237172365
shape,0.25,population_native,native_omic_units,methylation,False,shape,0.016832490232027535,0.01612440713964656,0.007946328709774728,500,1.465672132269263e-15,0.01683249023202607
shape,0.5,population_native,native_omic_units,methylation,False,shape,0.026709029501483118,0.026744468908292705,0.010120399725279205,500,1.465672132269263e-15,0.026709029501481654
shape,0.75,population_native,native_omic_units,methylation,False,shape,0.03509586831803804,0.035914177281266405,0.011518409583880946,500,1.465672132269263e-15,0.03509586831803658
shape,1.0,population_native,native_omic_units,methylation,False,shape,0.04483936843088607,0.045444444399227485,0.013101215426279015,500,1.465672132269263e-15,0.0448393684308846
shape,0.25,population_native,native_omic_units,proteomics,False,shape,0.03678476207579361,0.03913953504356047,0.017648038543904225,500,1.15934074729923e-15,0.036784762075792454
shape,0.5,population_native,native_omic_units,proteomics,False,shape,0.05154441346896168,0.05572562105214671,0.02422896614936991,500,1.15934074729923e-15,0.05154441346896052
shape,0.75,population_native,native_omic_units,proteomics,False,shape,0.06246395777361904,0.06634580514879616,0.029715242866252354,500,1.15934074729923e-15,0.06246395777361788
shape,1.0,population_native,native_omic_units,proteomics,False,shape,0.07464809291574825,0.07823289429047896,0.03285317476915951,500,1.15934074729923e-15,0.07464809291574709
shape,0.25,population_standardized,standardized_feature,expression,False,shape,0.03729743317944842,0.03966988597190657,0.017587033534574577,500,8.614169983718292e-16,0.03729743317944756
shape,0.5,population_standardized,standardized_feature,expression,False,shape,0.05507281833293154,0.05728840766937992,0.025833291326100953,500,8.614169983718292e-16,0.05507281833293068
shape,0.75,population_standardized,standardized_feature,expression,False,shape,0.06394976323065582,0.06760012409053921,0.03102396858526757,500,8.614169983718292e-16,0.06394976323065496
shape,1.0,population_standardized,standardized_feature,expression,False,shape,0.07463016912419951,0.07858300010428557,0.034360040319838865,500,8.614169983718292e-16,0.07463016912419865
shape,0.25,population_standardized,standardized_feature,methylation,False,shape,0.02024964431131939,0.020833956947027298,0.009928496508606827,500,9.438927705827528e-16,0.020249644311318447
shape,0.5,population_standardized,standardized_feature,methylation,False,shape,0.03231406718011922,0.03345547845077234,0.014635721802438356,500,9.438927705827528e-16,0.032314067180118276
shape,0.75,population_standardized,standardized_feature,methylation,False,shape,0.04370043797475079,0.04428162299115352,0.017963412576768766,500,9.438927705827528e-16,0.043700437974749845
shape,1.0,population_standardized,standardized_feature,methylation,False,shape,0.05401457387949017,0.05384449924980424,0.0190302162067997,500,9.438927705827528e-16,0.05401457387948923
shape,0.25,population_standardized,standardized_feature,proteomics,False,shape,0.04218389750997489,0.045411530597218,0.022173746028691987,500,9.077742552780283e-16,0.04218389750997398
shape,0.5,population_standardized,standardized_feature,proteomics,False,shape,0.05651790574830462,0.06173185454359739,0.02849521767846953,500,9.077742552780283e-16,0.05651790574830371
shape,0.75,population_standardized,standardized_feature,proteomics,False,shape,0.06888123804945027,0.07303658847464338,0.03540953363734546,500,9.077742552780283e-16,0.06888123804944937
shape,1.0,population_standardized,standardized_feature,proteomics,False,shape,0.07784976882216205,0.08504909031104514,0.03981910579897878,500,9.077742552780283e-16,0.07784976882216114
shape,0.25,population_standardized,standardized_feature,joint,True,shape,0.027511038004919365,0.029517146802770386,0.013629803688235098,500,1.0728247560909772e-15,0.027511038004918293
shape,0.5,population_standardized,standardized_feature,joint,True,shape,0.04094547887896265,0.043077299123922046,0.019202138666591484,500,1.0728247560909772e-15,0.04094547887896158
shape,0.75,population_standardized,standardized_feature,joint,True,shape,0.050061523118724596,0.053029702443385,0.024062425149600917,500,1.0728247560909772e-15,0.05006152311872352
shape,1.0,population_standardized,standardized_feature,joint,True,shape,0.06142311327870278,0.06367945556583485,0.02711429584289087,500,1.0728247560909772e-15,0.0614231132787017
