evaluation.integration_params.forced_components,phase,is_baseline,trajectory_mode,effect_size,statistic,n_cells,n_replicates,n_available,n_rejected,rejection_rate,monte_carlo_se,n_eigengap_available,mean_eigengap,q33_eigengap,median_eigengap,q67_eigengap,n_angle_null_available,median_angle_null_q95,iqr_angle_null_q95,sd_angle_null_q95,n_selected_lv_available,median_selected_lv,min_selected_lv,max_selected_lv,component_selection
3.0,power_design,False,magnitude,0.25,delta,1,100,100,100,1.0,0.0,100,0.05002895588026396,0.037280903530413134,0.04749282375638647,0.05633183739949088,100,6.599439835373258,5.677690227020642,46.28433976918009,100,3.0,3,3,forced
3.0,power_design,False,magnitude,0.25,angle,1,100,100,10,0.1,0.030000000000000002,100,0.05002895588026396,0.037280903530413134,0.04749282375638647,0.05633183739949088,100,6.599439835373258,5.677690227020642,46.28433976918009,100,3.0,3,3,forced
3.0,power_design,False,magnitude,0.25,shape,1,100,100,31,0.31,0.04624932431938871,100,0.05002895588026396,0.037280903530413134,0.04749282375638647,0.05633183739949088,100,6.599439835373258,5.677690227020642,46.28433976918009,100,3.0,3,3,forced
3.0,power_design,False,magnitude,0.5,delta,1,100,100,100,1.0,0.0,100,0.04976481279285089,0.03666997217483292,0.047282331920987436,0.05646421219945541,100,8.182945031575079,7.800651911612576,50.7929626006682,100,3.0,3,3,forced
3.0,power_design,False,magnitude,0.5,angle,1,100,100,17,0.17,0.0375632799419859,100,0.04976481279285089,0.03666997217483292,0.047282331920987436,0.05646421219945541,100,8.182945031575079,7.800651911612576,50.7929626006682,100,3.0,3,3,forced
3.0,power_design,False,magnitude,0.5,shape,1,100,100,59,0.59,0.04918333050943175,100,0.04976481279285089,0.03666997217483292,0.047282331920987436,0.05646421219945541,100,8.182945031575079,7.800651911612576,50.7929626006682,100,3.0,3,3,forced
3.0,power_design,False,magnitude,1.0,delta,1,100,100,100,1.0,0.0,100,0.049659394253656564,0.035923906798013494,0.04710292920433978,0.056464480633286074,100,11.731295892288372,13.07294800770172,55.42286594014627,100,3.0,3,3,forced
3.0,power_design,False,magnitude,1.0,angle,1,100,100,24,0.24,0.04270831300812525,100,0.049659394253656564,0.035923906798013494,0.04710292920433978,0.056464480633286074,100,11.731295892288372,13.07294800770172,55.42286594014627,100,3.0,3,3,forced
3.0,power_design,False,magnitude,1.0,shape,1,100,100,77,0.77,0.042083250825001625,100,0.049659394253656564,0.035923906798013494,0.04710292920433978,0.056464480633286074,100,11.731295892288372,13.07294800770172,55.42286594014627,100,3.0,3,3,forced
3.0,power_design,False,none,0.0,delta,1,100,100,1,0.01,0.0099498743710662,100,0.0505579239903709,0.03753280479163906,0.047992719659651045,0.05599523872970208,100,6.034028375605868,4.876850035418195,43.18243536794025,100,3.0,3,3,forced
3.0,power_design,False,none,0.0,angle,1,100,100,2,0.02,0.014,100,0.0505579239903709,0.03753280479163906,0.047992719659651045,0.05599523872970208,100,6.034028375605868,4.876850035418195,43.18243536794025,100,3.0,3,3,forced
3.0,power_design,False,none,0.0,shape,1,100,100,3,0.03,0.01705872210923198,100,0.0505579239903709,0.03753280479163906,0.047992719659651045,0.05599523872970208,100,6.034028375605868,4.876850035418195,43.18243536794025,100,3.0,3,3,forced
3.0,power_design,False,orientation,0.25,delta,1,100,100,81,0.81,0.03923009049186606,100,0.049968642126731265,0.03120176452036766,0.04745862325556319,0.05636313143393212,100,7.626676166499327,6.313559306838824,47.777752235724584,100,3.0,3,3,forced
3.0,power_design,False,orientation,0.25,angle,1,100,100,89,0.89,0.031288975694324025,100,0.049968642126731265,0.03120176452036766,0.04745862325556319,0.05636313143393212,100,7.626676166499327,6.313559306838824,47.777752235724584,100,3.0,3,3,forced
3.0,power_design,False,orientation,0.25,shape,1,100,100,100,1.0,0.0,100,0.049968642126731265,0.03120176452036766,0.04745862325556319,0.05636313143393212,100,7.626676166499327,6.313559306838824,47.777752235724584,100,3.0,3,3,forced
3.0,power_design,False,orientation,0.5,delta,1,100,100,78,0.78,0.04142463035441595,100,0.05153684930293284,0.032003900238996186,0.04766599009995462,0.06177795039519779,100,8.298396113088257,12.227313965622905,50.076469309500574,100,3.0,3,3,forced
3.0,power_design,False,orientation,0.5,angle,1,100,100,89,0.89,0.031288975694324025,100,0.05153684930293284,0.032003900238996186,0.04766599009995462,0.06177795039519779,100,8.298396113088257,12.227313965622905,50.076469309500574,100,3.0,3,3,forced
3.0,power_design,False,orientation,0.5,shape,1,100,100,100,1.0,0.0,100,0.05153684930293284,0.032003900238996186,0.04766599009995462,0.06177795039519779,100,8.298396113088257,12.227313965622905,50.076469309500574,100,3.0,3,3,forced
3.0,power_design,False,orientation,1.0,delta,1,100,100,93,0.93,0.02551470164434614,100,0.05184297886494278,0.03612698799497899,0.04545577881735488,0.06202192030710091,100,10.200564444794072,10.826485724135742,48.26793382431465,100,3.0,3,3,forced
3.0,power_design,False,orientation,1.0,angle,1,100,100,86,0.86,0.03469870314579494,100,0.05184297886494278,0.03612698799497899,0.04545577881735488,0.06202192030710091,100,10.200564444794072,10.826485724135742,48.26793382431465,100,3.0,3,3,forced
3.0,power_design,False,orientation,1.0,shape,1,100,100,99,0.99,0.009949874371066205,100,0.05184297886494278,0.03612698799497899,0.04545577881735488,0.06202192030710091,100,10.200564444794072,10.826485724135742,48.26793382431465,100,3.0,3,3,forced
3.0,power_design,False,shape,0.25,delta,1,100,100,80,0.8,0.04,100,0.05124979866438485,0.032740103698154,0.04631970642376021,0.06097316451864887,100,5.852880539787125,6.226246712506503,31.259975403150758,100,3.0,3,3,forced
3.0,power_design,False,shape,0.25,angle,1,100,100,74,0.74,0.04386342439892262,100,0.05124979866438485,0.032740103698154,0.04631970642376021,0.06097316451864887,100,5.852880539787125,6.226246712506503,31.259975403150758,100,3.0,3,3,forced
3.0,power_design,False,shape,0.25,shape,1,100,100,96,0.96,0.019595917942265433,100,0.05124979866438485,0.032740103698154,0.04631970642376021,0.06097316451864887,100,5.852880539787125,6.226246712506503,31.259975403150758,100,3.0,3,3,forced
3.0,power_design,False,shape,0.5,delta,1,100,100,88,0.88,0.03249615361854384,100,0.053711074922671305,0.03814641323176465,0.04780958039613101,0.0629338013792815,100,6.057217619618443,7.102371325131687,32.40277450011168,100,3.0,3,3,forced
3.0,power_design,False,shape,0.5,angle,1,100,100,76,0.76,0.04270831300812525,100,0.053711074922671305,0.03814641323176465,0.04780958039613101,0.0629338013792815,100,6.057217619618443,7.102371325131687,32.40277450011168,100,3.0,3,3,forced
3.0,power_design,False,shape,0.5,shape,1,100,100,97,0.97,0.017058722109231986,100,0.053711074922671305,0.03814641323176465,0.04780958039613101,0.0629338013792815,100,6.057217619618443,7.102371325131687,32.40277450011168,100,3.0,3,3,forced
3.0,power_design,False,shape,1.0,delta,1,100,100,89,0.89,0.031288975694324025,100,0.06282659346253952,0.044581720460592666,0.057489063109918664,0.07348597043605387,100,5.6586836138233405,4.646542458487293,31.05104958620189,100,3.0,3,3,forced
3.0,power_design,False,shape,1.0,angle,1,100,100,80,0.8,0.04,100,0.06282659346253952,0.044581720460592666,0.057489063109918664,0.07348597043605387,100,5.6586836138233405,4.646542458487293,31.05104958620189,100,3.0,3,3,forced
3.0,power_design,False,shape,1.0,shape,1,100,100,100,1.0,0.0,100,0.06282659346253952,0.044581720460592666,0.057489063109918664,0.07348597043605387,100,5.6586836138233405,4.646542458487293,31.05104958620189,100,3.0,3,3,forced
3.0,power_design,False,translation,0.25,delta,1,100,100,1,0.01,0.0099498743710662,100,0.05067506554527064,0.03700405874641871,0.048939600835819386,0.05661171682210048,100,5.46108958958597,6.570792755614348,39.98924274223108,100,3.0,3,3,forced
3.0,power_design,False,translation,0.25,angle,1,100,100,9,0.09,0.02861817604250837,100,0.05067506554527064,0.03700405874641871,0.048939600835819386,0.05661171682210048,100,5.46108958958597,6.570792755614348,39.98924274223108,100,3.0,3,3,forced
3.0,power_design,False,translation,0.25,shape,1,100,100,8,0.08,0.027129319932501072,100,0.05067506554527064,0.03700405874641871,0.048939600835819386,0.05661171682210048,100,5.46108958958597,6.570792755614348,39.98924274223108,100,3.0,3,3,forced
3.0,power_design,False,translation,0.5,delta,1,100,100,3,0.03,0.01705872210923198,100,0.05070903808790686,0.03589635628941246,0.04824823626775443,0.058499582572796416,100,6.273836748107707,5.153855165462363,42.41788970223616,100,3.0,3,3,forced
3.0,power_design,False,translation,0.5,angle,1,100,100,5,0.05,0.021794494717703367,100,0.05070903808790686,0.03589635628941246,0.04824823626775443,0.058499582572796416,100,6.273836748107707,5.153855165462363,42.41788970223616,100,3.0,3,3,forced
3.0,power_design,False,translation,0.5,shape,1,100,100,1,0.01,0.0099498743710662,100,0.05070903808790686,0.03589635628941246,0.04824823626775443,0.058499582572796416,100,6.273836748107707,5.153855165462363,42.41788970223616,100,3.0,3,3,forced
3.0,power_design,False,translation,1.0,delta,1,100,100,6,0.06,0.023748684174075833,100,0.05079544423899847,0.036763422846716964,0.04931517829345686,0.0590544376394872,100,5.520179065643721,5.508904418994167,39.42455303623443,100,3.0,3,3,forced
3.0,power_design,False,translation,1.0,angle,1,100,100,2,0.02,0.014,100,0.05079544423899847,0.036763422846716964,0.04931517829345686,0.0590544376394872,100,5.520179065643721,5.508904418994167,39.42455303623443,100,3.0,3,3,forced
3.0,power_design,False,translation,1.0,shape,1,100,100,4,0.04,0.019595917942265423,100,0.05079544423899847,0.036763422846716964,0.04931517829345686,0.0590544376394872,100,5.520179065643721,5.508904418994167,39.42455303623443,100,3.0,3,3,forced
4.0,power_design,False,magnitude,0.25,delta,1,100,100,100,1.0,0.0,100,0.048877693766853324,0.03444973224318448,0.04538204309369617,0.054687161614169644,100,10.54938779111497,5.456812612050191,49.0940346181088,100,4.0,4,4,forced
4.0,power_design,False,magnitude,0.25,angle,1,100,100,5,0.05,0.021794494717703367,100,0.048877693766853324,0.03444973224318448,0.04538204309369617,0.054687161614169644,100,10.54938779111497,5.456812612050191,49.0940346181088,100,4.0,4,4,forced
4.0,power_design,False,magnitude,0.25,shape,1,100,100,15,0.15,0.035707142142714254,100,0.048877693766853324,0.03444973224318448,0.04538204309369617,0.054687161614169644,100,10.54938779111497,5.456812612050191,49.0940346181088,100,4.0,4,4,forced
4.0,power_design,False,magnitude,0.5,delta,1,100,100,100,1.0,0.0,100,0.04871861164209223,0.034226198465288515,0.04433840780068901,0.05522130393004432,100,11.261178145504552,6.910500740610974,52.870162305391176,100,4.0,4,4,forced
4.0,power_design,False,magnitude,0.5,angle,1,100,100,13,0.13,0.03363034344160047,100,0.04871861164209223,0.034226198465288515,0.04433840780068901,0.05522130393004432,100,11.261178145504552,6.910500740610974,52.870162305391176,100,4.0,4,4,forced
4.0,power_design,False,magnitude,0.5,shape,1,100,100,44,0.44,0.04963869458396343,100,0.04871861164209223,0.034226198465288515,0.04433840780068901,0.05522130393004432,100,11.261178145504552,6.910500740610974,52.870162305391176,100,4.0,4,4,forced
4.0,power_design,False,magnitude,1.0,delta,1,100,100,100,1.0,0.0,100,0.048723259547326564,0.03485511876788522,0.04430625300341254,0.05520742641857945,100,13.402842664886824,12.626131961606024,54.00810919725616,100,4.0,4,4,forced
4.0,power_design,False,magnitude,1.0,angle,1,100,100,23,0.23,0.042083250825001625,100,0.048723259547326564,0.03485511876788522,0.04430625300341254,0.05520742641857945,100,13.402842664886824,12.626131961606024,54.00810919725616,100,4.0,4,4,forced
4.0,power_design,False,magnitude,1.0,shape,1,100,100,75,0.75,0.04330127018922193,100,0.048723259547326564,0.03485511876788522,0.04430625300341254,0.05520742641857945,100,13.402842664886824,12.626131961606024,54.00810919725616,100,4.0,4,4,forced
4.0,power_design,False,none,0.0,delta,1,100,100,0,0.0,0.0,100,0.04925031230213084,0.034491873282746,0.04696384060417455,0.0554634091169513,100,10.768269355747277,5.134606585154691,49.204314416964,100,4.0,4,4,forced
4.0,power_design,False,none,0.0,angle,1,100,100,2,0.02,0.014,100,0.04925031230213084,0.034491873282746,0.04696384060417455,0.0554634091169513,100,10.768269355747277,5.134606585154691,49.204314416964,100,4.0,4,4,forced
4.0,power_design,False,none,0.0,shape,1,100,100,0,0.0,0.0,100,0.04925031230213084,0.034491873282746,0.04696384060417455,0.0554634091169513,100,10.768269355747277,5.134606585154691,49.204314416964,100,4.0,4,4,forced
4.0,power_design,False,orientation,0.25,delta,1,100,100,68,0.68,0.0466476151587624,100,0.04804140701503816,0.031001106297301906,0.04448501116173498,0.05806350802682636,100,12.054796211640404,7.858691353348407,51.54528474913869,100,4.0,4,4,forced
4.0,power_design,False,orientation,0.25,angle,1,100,100,75,0.75,0.04330127018922193,100,0.04804140701503816,0.031001106297301906,0.04448501116173498,0.05806350802682636,100,12.054796211640404,7.858691353348407,51.54528474913869,100,4.0,4,4,forced
4.0,power_design,False,orientation,0.25,shape,1,100,100,100,1.0,0.0,100,0.04804140701503816,0.031001106297301906,0.04448501116173498,0.05806350802682636,100,12.054796211640404,7.858691353348407,51.54528474913869,100,4.0,4,4,forced
4.0,power_design,False,orientation,0.5,delta,1,100,100,79,0.79,0.0407308237088326,100,0.05129129403945774,0.03660224073020013,0.04789485786042355,0.05943494349519168,100,12.7008924405066,11.045708385298168,54.262466144618536,100,4.0,4,4,forced
4.0,power_design,False,orientation,0.5,angle,1,100,100,76,0.76,0.04270831300812525,100,0.05129129403945774,0.03660224073020013,0.04789485786042355,0.05943494349519168,100,12.7008924405066,11.045708385298168,54.262466144618536,100,4.0,4,4,forced
4.0,power_design,False,orientation,0.5,shape,1,100,100,99,0.99,0.009949874371066205,100,0.05129129403945774,0.03660224073020013,0.04789485786042355,0.05943494349519168,100,12.7008924405066,11.045708385298168,54.262466144618536,100,4.0,4,4,forced
4.0,power_design,False,orientation,1.0,delta,1,100,100,84,0.84,0.036660605559646724,100,0.048297432464022384,0.030789391189541326,0.04034576363542308,0.059859657537181865,100,16.96082688163093,30.20776466838784,57.329226438393505,100,4.0,4,4,forced
4.0,power_design,False,orientation,1.0,angle,1,100,100,79,0.79,0.0407308237088326,100,0.048297432464022384,0.030789391189541326,0.04034576363542308,0.059859657537181865,100,16.96082688163093,30.20776466838784,57.329226438393505,100,4.0,4,4,forced
4.0,power_design,False,orientation,1.0,shape,1,100,100,99,0.99,0.009949874371066205,100,0.048297432464022384,0.030789391189541326,0.04034576363542308,0.059859657537181865,100,16.96082688163093,30.20776466838784,57.329226438393505,100,4.0,4,4,forced
4.0,power_design,False,shape,0.25,delta,1,100,100,74,0.74,0.04386342439892262,100,0.05085371047236245,0.03407365890152325,0.045762300343238055,0.06104535747885281,100,10.60240083270974,4.046444226257371,28.745893037028836,100,4.0,4,4,forced
4.0,power_design,False,shape,0.25,angle,1,100,100,54,0.54,0.04983974317750845,100,0.05085371047236245,0.03407365890152325,0.045762300343238055,0.06104535747885281,100,10.60240083270974,4.046444226257371,28.745893037028836,100,4.0,4,4,forced
4.0,power_design,False,shape,0.25,shape,1,100,100,93,0.93,0.02551470164434614,100,0.05085371047236245,0.03407365890152325,0.045762300343238055,0.06104535747885281,100,10.60240083270974,4.046444226257371,28.745893037028836,100,4.0,4,4,forced
4.0,power_design,False,shape,0.5,delta,1,100,100,78,0.78,0.04142463035441595,100,0.05258699421744459,0.035634515067125616,0.04817241924571902,0.062238204311626855,100,10.196363971158068,6.125450493266191,35.625083566488776,100,4.0,4,4,forced
4.0,power_design,False,shape,0.5,angle,1,100,100,59,0.59,0.04918333050943175,100,0.05258699421744459,0.035634515067125616,0.04817241924571902,0.062238204311626855,100,10.196363971158068,6.125450493266191,35.625083566488776,100,4.0,4,4,forced
4.0,power_design,False,shape,0.5,shape,1,100,100,96,0.96,0.019595917942265433,100,0.05258699421744459,0.035634515067125616,0.04817241924571902,0.062238204311626855,100,10.196363971158068,6.125450493266191,35.625083566488776,100,4.0,4,4,forced
4.0,power_design,False,shape,1.0,delta,1,100,100,78,0.78,0.04142463035441595,100,0.06049513329621013,0.04346485353138674,0.05428235561893621,0.07025658820076608,100,9.450082130945388,4.547846966790692,32.597207872151834,100,4.0,4,4,forced
4.0,power_design,False,shape,1.0,angle,1,100,100,68,0.68,0.0466476151587624,100,0.06049513329621013,0.04346485353138674,0.05428235561893621,0.07025658820076608,100,9.450082130945388,4.547846966790692,32.597207872151834,100,4.0,4,4,forced
4.0,power_design,False,shape,1.0,shape,1,100,100,95,0.95,0.021794494717703377,100,0.06049513329621013,0.04346485353138674,0.05428235561893621,0.07025658820076608,100,9.450082130945388,4.547846966790692,32.597207872151834,100,4.0,4,4,forced
4.0,power_design,False,translation,0.25,delta,1,100,100,0,0.0,0.0,100,0.050588455243687595,0.036784713244292944,0.047089209000161475,0.059463360490842776,100,10.722075432271806,5.945576603382472,41.76046177848814,100,4.0,4,4,forced
4.0,power_design,False,translation,0.25,angle,1,100,100,4,0.04,0.019595917942265423,100,0.050588455243687595,0.036784713244292944,0.047089209000161475,0.059463360490842776,100,10.722075432271806,5.945576603382472,41.76046177848814,100,4.0,4,4,forced
4.0,power_design,False,translation,0.25,shape,1,100,100,0,0.0,0.0,100,0.050588455243687595,0.036784713244292944,0.047089209000161475,0.059463360490842776,100,10.722075432271806,5.945576603382472,41.76046177848814,100,4.0,4,4,forced
4.0,power_design,False,translation,0.5,delta,1,100,100,1,0.01,0.0099498743710662,100,0.050253000208815894,0.03568600909602665,0.048204936800475356,0.05688890795279877,100,10.27411158263115,4.100444772249563,41.91263499070551,100,4.0,4,4,forced
4.0,power_design,False,translation,0.5,angle,1,100,100,2,0.02,0.014,100,0.050253000208815894,0.03568600909602665,0.048204936800475356,0.05688890795279877,100,10.27411158263115,4.100444772249563,41.91263499070551,100,4.0,4,4,forced
4.0,power_design,False,translation,0.5,shape,1,100,100,0,0.0,0.0,100,0.050253000208815894,0.03568600909602665,0.048204936800475356,0.05688890795279877,100,10.27411158263115,4.100444772249563,41.91263499070551,100,4.0,4,4,forced
4.0,power_design,False,translation,1.0,delta,1,100,100,2,0.02,0.014,100,0.050536897621959016,0.0358794392003402,0.04669286306568063,0.05787884606803129,100,9.698579249952324,4.497214922340023,46.15638287461605,100,4.0,4,4,forced
4.0,power_design,False,translation,1.0,angle,1,100,100,4,0.04,0.019595917942265423,100,0.050536897621959016,0.0358794392003402,0.04669286306568063,0.05787884606803129,100,9.698579249952324,4.497214922340023,46.15638287461605,100,4.0,4,4,forced
4.0,power_design,False,translation,1.0,shape,1,100,100,1,0.01,0.0099498743710662,100,0.050536897621959016,0.0358794392003402,0.04669286306568063,0.05787884606803129,100,9.698579249952324,4.497214922340023,46.15638287461605,100,4.0,4,4,forced
6.0,power_design,False,magnitude,0.25,delta,1,100,100,100,1.0,0.0,100,0.048854460649806114,0.034401442240397706,0.04534628009904268,0.05470185225307994,100,10.675555365002094,5.362528703650948,49.30881562020111,100,6.0,6,6,forced
6.0,power_design,False,magnitude,0.25,angle,1,100,100,5,0.05,0.021794494717703367,100,0.048854460649806114,0.034401442240397706,0.04534628009904268,0.05470185225307994,100,10.675555365002094,5.362528703650948,49.30881562020111,100,6.0,6,6,forced
6.0,power_design,False,magnitude,0.25,shape,1,100,100,14,0.14,0.03469870314579494,100,0.048854460649806114,0.034401442240397706,0.04534628009904268,0.05470185225307994,100,10.675555365002094,5.362528703650948,49.30881562020111,100,6.0,6,6,forced
6.0,power_design,False,magnitude,0.5,delta,1,100,100,100,1.0,0.0,100,0.048690287036319745,0.034232476534042044,0.044292309968977234,0.055185422644651316,100,11.307786864102884,6.886330241004815,52.90938479174196,100,6.0,6,6,forced
6.0,power_design,False,magnitude,0.5,angle,1,100,100,25,0.25,0.04330127018922193,100,0.048690287036319745,0.034232476534042044,0.044292309968977234,0.055185422644651316,100,11.307786864102884,6.886330241004815,52.90938479174196,100,6.0,6,6,forced
6.0,power_design,False,magnitude,0.5,shape,1,100,100,40,0.4,0.04898979485566356,100,0.048690287036319745,0.034232476534042044,0.044292309968977234,0.055185422644651316,100,11.307786864102884,6.886330241004815,52.90938479174196,100,6.0,6,6,forced
6.0,power_design,False,magnitude,1.0,delta,1,100,100,100,1.0,0.0,100,0.04866817603748839,0.034820008236142175,0.04418534690545323,0.05514043180653694,100,13.2736705691797,12.464959466213418,54.04874741827213,100,6.0,6,6,forced
6.0,power_design,False,magnitude,1.0,angle,1,100,100,59,0.59,0.04918333050943175,100,0.04866817603748839,0.034820008236142175,0.04418534690545323,0.05514043180653694,100,13.2736705691797,12.464959466213418,54.04874741827213,100,6.0,6,6,forced
6.0,power_design,False,magnitude,1.0,shape,1,100,100,41,0.41,0.04918333050943175,100,0.04866817603748839,0.034820008236142175,0.04418534690545323,0.05514043180653694,100,13.2736705691797,12.464959466213418,54.04874741827213,100,6.0,6,6,forced
6.0,power_design,False,none,0.0,delta,1,100,100,0,0.0,0.0,100,0.04922569549134974,0.03444369802621622,0.04690981548353901,0.055480144705429946,100,10.92075286621947,5.152209017907218,49.20149785804027,100,6.0,6,6,forced
6.0,power_design,False,none,0.0,angle,1,100,100,2,0.02,0.014,100,0.04922569549134974,0.03444369802621622,0.04690981548353901,0.055480144705429946,100,10.92075286621947,5.152209017907218,49.20149785804027,100,6.0,6,6,forced
6.0,power_design,False,none,0.0,shape,1,100,100,0,0.0,0.0,100,0.04922569549134974,0.03444369802621622,0.04690981548353901,0.055480144705429946,100,10.92075286621947,5.152209017907218,49.20149785804027,100,6.0,6,6,forced
6.0,power_design,False,orientation,0.25,delta,1,100,100,61,0.61,0.048774993593028795,100,0.047957937941192116,0.03092112700086236,0.044364213683493775,0.05788020630316015,100,12.044112069612176,7.830109930601521,51.5358101558558,100,6.0,6,6,forced
6.0,power_design,False,orientation,0.25,angle,1,100,100,86,0.86,0.03469870314579494,100,0.047957937941192116,0.03092112700086236,0.044364213683493775,0.05788020630316015,100,12.044112069612176,7.830109930601521,51.5358101558558,100,6.0,6,6,forced
6.0,power_design,False,orientation,0.25,shape,1,100,100,98,0.98,0.014000000000000005,100,0.047957937941192116,0.03092112700086236,0.044364213683493775,0.05788020630316015,100,12.044112069612176,7.830109930601521,51.5358101558558,100,6.0,6,6,forced
6.0,power_design,False,orientation,0.5,delta,1,100,100,67,0.67,0.04702127178203499,100,0.05103828844092472,0.03633198150621586,0.04752629117184293,0.05805323518825106,100,12.99884469883683,11.530383321477467,55.2709417972551,100,6.0,6,6,forced
6.0,power_design,False,orientation,0.5,angle,1,100,100,81,0.81,0.03923009049186606,100,0.05103828844092472,0.03633198150621586,0.04752629117184293,0.05805323518825106,100,12.99884469883683,11.530383321477467,55.2709417972551,100,6.0,6,6,forced
6.0,power_design,False,orientation,0.5,shape,1,100,100,94,0.94,0.023748684174075843,100,0.05103828844092472,0.03633198150621586,0.04752629117184293,0.05805323518825106,100,12.99884469883683,11.530383321477467,55.2709417972551,100,6.0,6,6,forced
6.0,power_design,False,orientation,1.0,delta,1,100,100,53,0.53,0.04990991885387112,100,0.04764737824791642,0.030741576467093357,0.039892371312068436,0.05916949787008435,100,15.647994660806908,22.307949150152727,55.41745557355206,100,6.0,6,6,forced
6.0,power_design,False,orientation,1.0,angle,1,100,100,80,0.8,0.04,100,0.04764737824791642,0.030741576467093357,0.039892371312068436,0.05916949787008435,100,15.647994660806908,22.307949150152727,55.41745557355206,100,6.0,6,6,forced
6.0,power_design,False,orientation,1.0,shape,1,100,100,78,0.78,0.04142463035441595,100,0.04764737824791642,0.030741576467093357,0.039892371312068436,0.05916949787008435,100,15.647994660806908,22.307949150152727,55.41745557355206,100,6.0,6,6,forced
6.0,power_design,False,shape,0.25,delta,1,100,100,66,0.66,0.04737087712930804,100,0.05080962941158902,0.03410002541203233,0.045811330287394814,0.061197613851840194,100,10.631981142128616,4.025450611493309,28.48183722828895,100,6.0,6,6,forced
6.0,power_design,False,shape,0.25,angle,1,100,100,76,0.76,0.04270831300812525,100,0.05080962941158902,0.03410002541203233,0.045811330287394814,0.061197613851840194,100,10.631981142128616,4.025450611493309,28.48183722828895,100,6.0,6,6,forced
6.0,power_design,False,shape,0.25,shape,1,100,100,85,0.85,0.035707142142714254,100,0.05080962941158902,0.03410002541203233,0.045811330287394814,0.061197613851840194,100,10.631981142128616,4.025450611493309,28.48183722828895,100,6.0,6,6,forced
6.0,power_design,False,shape,0.5,delta,1,100,100,51,0.51,0.04998999899979995,100,0.052435884726204654,0.03549506238709427,0.04826287935940299,0.06216000901269603,100,10.308045374754073,6.17541802325999,35.502963998114346,100,6.0,6,6,forced
6.0,power_design,False,shape,0.5,angle,1,100,100,88,0.88,0.03249615361854384,100,0.052435884726204654,0.03549506238709427,0.04826287935940299,0.06216000901269603,100,10.308045374754073,6.17541802325999,35.502963998114346,100,6.0,6,6,forced
6.0,power_design,False,shape,0.5,shape,1,100,100,71,0.71,0.04537620521815371,100,0.052435884726204654,0.03549506238709427,0.04826287935940299,0.06216000901269603,100,10.308045374754073,6.17541802325999,35.502963998114346,100,6.0,6,6,forced
6.0,power_design,False,shape,1.0,delta,1,100,100,53,0.53,0.04990991885387112,100,0.05981068334857849,0.04170049962902456,0.0549113893860228,0.06851998881953941,100,9.87469515714258,4.0410849149008286,31.491610020035658,100,6.0,6,6,forced
6.0,power_design,False,shape,1.0,angle,1,100,100,95,0.95,0.021794494717703377,100,0.05981068334857849,0.04170049962902456,0.0549113893860228,0.06851998881953941,100,9.87469515714258,4.0410849149008286,31.491610020035658,100,6.0,6,6,forced
6.0,power_design,False,shape,1.0,shape,1,100,100,57,0.57,0.04950757517794625,100,0.05981068334857849,0.04170049962902456,0.0549113893860228,0.06851998881953941,100,9.87469515714258,4.0410849149008286,31.491610020035658,100,6.0,6,6,forced
6.0,power_design,False,translation,0.25,delta,1,100,100,0,0.0,0.0,100,0.050566976553480886,0.036714092483284166,0.04702591938567674,0.059373893479826634,100,10.803409319336296,5.676681316969505,41.600486040309704,100,6.0,6,6,forced
6.0,power_design,False,translation,0.25,angle,1,100,100,4,0.04,0.019595917942265423,100,0.050566976553480886,0.036714092483284166,0.04702591938567674,0.059373893479826634,100,10.803409319336296,5.676681316969505,41.600486040309704,100,6.0,6,6,forced
6.0,power_design,False,translation,0.25,shape,1,100,100,0,0.0,0.0,100,0.050566976553480886,0.036714092483284166,0.04702591938567674,0.059373893479826634,100,10.803409319336296,5.676681316969505,41.600486040309704,100,6.0,6,6,forced
6.0,power_design,False,translation,0.5,delta,1,100,100,1,0.01,0.0099498743710662,100,0.050222639904014515,0.03566031822468546,0.048177846972130844,0.05689170614720945,100,10.307894033661546,3.705188787203438,41.83771043553176,100,6.0,6,6,forced
6.0,power_design,False,translation,0.5,angle,1,100,100,3,0.03,0.01705872210923198,100,0.050222639904014515,0.03566031822468546,0.048177846972130844,0.05689170614720945,100,10.307894033661546,3.705188787203438,41.83771043553176,100,6.0,6,6,forced
6.0,power_design,False,translation,0.5,shape,1,100,100,0,0.0,0.0,100,0.050222639904014515,0.03566031822468546,0.048177846972130844,0.05689170614720945,100,10.307894033661546,3.705188787203438,41.83771043553176,100,6.0,6,6,forced
6.0,power_design,False,translation,1.0,delta,1,100,100,1,0.01,0.0099498743710662,100,0.050498710012020984,0.035747258814356975,0.04660065395176444,0.057721386840147604,100,9.976983270857602,4.206167334122826,41.71838605542794,100,6.0,6,6,forced
6.0,power_design,False,translation,1.0,angle,1,100,100,3,0.03,0.01705872210923198,100,0.050498710012020984,0.035747258814356975,0.04660065395176444,0.057721386840147604,100,9.976983270857602,4.206167334122826,41.71838605542794,100,6.0,6,6,forced
6.0,power_design,False,translation,1.0,shape,1,100,100,1,0.01,0.0099498743710662,100,0.050498710012020984,0.035747258814356975,0.04660065395176444,0.057721386840147604,100,9.976983270857602,4.206167334122826,41.71838605542794,100,6.0,6,6,forced
9.0,power_design,False,magnitude,0.25,delta,1,100,100,100,1.0,0.0,100,0.04885282214572979,0.034448638750778804,0.045346275695582444,0.054672429965851255,100,10.720320992545748,5.289966729615305,49.5801931325713,100,9.0,9,9,forced
9.0,power_design,False,magnitude,0.25,angle,1,100,100,8,0.08,0.027129319932501072,100,0.04885282214572979,0.034448638750778804,0.045346275695582444,0.054672429965851255,100,10.720320992545748,5.289966729615305,49.5801931325713,100,9.0,9,9,forced
9.0,power_design,False,magnitude,0.25,shape,1,100,100,12,0.12,0.03249615361854384,100,0.04885282214572979,0.034448638750778804,0.045346275695582444,0.054672429965851255,100,10.720320992545748,5.289966729615305,49.5801931325713,100,9.0,9,9,forced
9.0,power_design,False,magnitude,0.5,delta,1,100,100,100,1.0,0.0,100,0.048682267023187856,0.034246912438689936,0.044268845515675614,0.05516371611806181,100,11.276937679155447,6.492036738936793,52.96106717869713,100,9.0,9,9,forced
9.0,power_design,False,magnitude,0.5,angle,1,100,100,67,0.67,0.04702127178203499,100,0.048682267023187856,0.034246912438689936,0.044268845515675614,0.05516371611806181,100,11.276937679155447,6.492036738936793,52.96106717869713,100,9.0,9,9,forced
9.0,power_design,False,magnitude,0.5,shape,1,100,100,23,0.23,0.042083250825001625,100,0.048682267023187856,0.034246912438689936,0.044268845515675614,0.05516371611806181,100,11.276937679155447,6.492036738936793,52.96106717869713,100,9.0,9,9,forced
9.0,power_design,False,magnitude,1.0,delta,1,100,100,100,1.0,0.0,100,0.04862789132691204,0.03474510559026822,0.04421021608294301,0.05504533155703811,100,13.129771656588561,11.640670845729531,53.979431408257064,100,9.0,9,9,forced
9.0,power_design,False,magnitude,1.0,angle,1,100,100,80,0.8,0.04,100,0.04862789132691204,0.03474510559026822,0.04421021608294301,0.05504533155703811,100,13.129771656588561,11.640670845729531,53.979431408257064,100,9.0,9,9,forced
9.0,power_design,False,magnitude,1.0,shape,1,100,100,53,0.53,0.04990991885387112,100,0.04862789132691204,0.03474510559026822,0.04421021608294301,0.05504533155703811,100,13.129771656588561,11.640670845729531,53.979431408257064,100,9.0,9,9,forced
9.0,power_design,False,none,0.0,delta,1,100,100,0,0.0,0.0,100,0.04922452789540473,0.034433561589590045,0.046913292998375294,0.05546629426027527,100,11.13927694842678,5.135655154564844,47.90455530731091,100,9.0,9,9,forced
9.0,power_design,False,none,0.0,angle,1,100,100,2,0.02,0.014,100,0.04922452789540473,0.034433561589590045,0.046913292998375294,0.05546629426027527,100,11.13927694842678,5.135655154564844,47.90455530731091,100,9.0,9,9,forced
9.0,power_design,False,none,0.0,shape,1,100,100,0,0.0,0.0,100,0.04922452789540473,0.034433561589590045,0.046913292998375294,0.05546629426027527,100,11.13927694842678,5.135655154564844,47.90455530731091,100,9.0,9,9,forced
9.0,power_design,False,orientation,0.25,delta,1,100,100,57,0.57,0.04950757517794625,100,0.04795448669366307,0.030907237048511005,0.04438380630642741,0.05793117619448296,100,12.11653829235511,7.481953506184061,51.35262478382473,100,9.0,9,9,forced
9.0,power_design,False,orientation,0.25,angle,1,100,100,86,0.86,0.03469870314579494,100,0.04795448669366307,0.030907237048511005,0.04438380630642741,0.05793117619448296,100,12.11653829235511,7.481953506184061,51.35262478382473,100,9.0,9,9,forced
9.0,power_design,False,orientation,0.25,shape,1,100,100,96,0.96,0.019595917942265433,100,0.04795448669366307,0.030907237048511005,0.04438380630642741,0.05793117619448296,100,12.11653829235511,7.481953506184061,51.35262478382473,100,9.0,9,9,forced
9.0,power_design,False,orientation,0.5,delta,1,100,100,65,0.65,0.047696960070847276,100,0.051027155232528904,0.036269894281556525,0.0474777580142175,0.05803195983618814,100,12.978383390862003,10.891039041881719,54.000433219710025,100,9.0,9,9,forced
9.0,power_design,False,orientation,0.5,angle,1,100,100,82,0.82,0.0384187454245971,100,0.051027155232528904,0.036269894281556525,0.0474777580142175,0.05803195983618814,100,12.978383390862003,10.891039041881719,54.000433219710025,100,9.0,9,9,forced
9.0,power_design,False,orientation,0.5,shape,1,100,100,89,0.89,0.031288975694324025,100,0.051027155232528904,0.036269894281556525,0.0474777580142175,0.05803195983618814,100,12.978383390862003,10.891039041881719,54.000433219710025,100,9.0,9,9,forced
9.0,power_design,False,orientation,1.0,delta,1,100,100,47,0.47,0.04990991885387112,100,0.04763348132176962,0.03070723132333325,0.03975139744479572,0.0589920258893723,100,16.220591046521207,22.196971682019168,54.989585506809036,100,9.0,9,9,forced
9.0,power_design,False,orientation,1.0,angle,1,100,100,81,0.81,0.03923009049186606,100,0.04763348132176962,0.03070723132333325,0.03975139744479572,0.0589920258893723,100,16.220591046521207,22.196971682019168,54.989585506809036,100,9.0,9,9,forced
9.0,power_design,False,orientation,1.0,shape,1,100,100,60,0.6,0.04898979485566356,100,0.04763348132176962,0.03070723132333325,0.03975139744479572,0.0589920258893723,100,16.220591046521207,22.196971682019168,54.989585506809036,100,9.0,9,9,forced
9.0,power_design,False,shape,0.25,delta,1,100,100,67,0.67,0.04702127178203499,100,0.05080877379685485,0.03410989412289572,0.04581533062080953,0.06122141299154499,100,10.71174949281114,4.081464111540447,28.393392815188218,100,9.0,9,9,forced
9.0,power_design,False,shape,0.25,angle,1,100,100,82,0.82,0.0384187454245971,100,0.05080877379685485,0.03410989412289572,0.04581533062080953,0.06122141299154499,100,10.71174949281114,4.081464111540447,28.393392815188218,100,9.0,9,9,forced
9.0,power_design,False,shape,0.25,shape,1,100,100,83,0.83,0.037563279941985904,100,0.05080877379685485,0.03410989412289572,0.04581533062080953,0.06122141299154499,100,10.71174949281114,4.081464111540447,28.393392815188218,100,9.0,9,9,forced
9.0,power_design,False,shape,0.5,delta,1,100,100,54,0.54,0.04983974317750845,100,0.052431134569784724,0.03543426346171391,0.04826427810229572,0.0621970552785403,100,10.380047498378008,5.7405726133463,35.592245354933716,100,9.0,9,9,forced
9.0,power_design,False,shape,0.5,angle,1,100,100,89,0.89,0.031288975694324025,100,0.052431134569784724,0.03543426346171391,0.04826427810229572,0.0621970552785403,100,10.380047498378008,5.7405726133463,35.592245354933716,100,9.0,9,9,forced
9.0,power_design,False,shape,0.5,shape,1,100,100,74,0.74,0.04386342439892262,100,0.052431134569784724,0.03543426346171391,0.04826427810229572,0.0621970552785403,100,10.380047498378008,5.7405726133463,35.592245354933716,100,9.0,9,9,forced
9.0,power_design,False,shape,1.0,delta,1,100,100,53,0.53,0.04990991885387112,100,0.059799185447814984,0.04169607246996526,0.05488751940482475,0.06854042491741269,100,10.02669615077907,3.9719535963546715,31.551796677626644,100,9.0,9,9,forced
9.0,power_design,False,shape,1.0,angle,1,100,100,95,0.95,0.021794494717703377,100,0.059799185447814984,0.04169607246996526,0.05488751940482475,0.06854042491741269,100,10.02669615077907,3.9719535963546715,31.551796677626644,100,9.0,9,9,forced
9.0,power_design,False,shape,1.0,shape,1,100,100,58,0.58,0.04935585071701227,100,0.059799185447814984,0.04169607246996526,0.05488751940482475,0.06854042491741269,100,10.02669615077907,3.9719535963546715,31.551796677626644,100,9.0,9,9,forced
9.0,power_design,False,translation,0.25,delta,1,100,100,0,0.0,0.0,100,0.050564986786634514,0.03672357266863885,0.04702390779930227,0.05940573373991914,100,10.769965545128926,6.3175407430352735,41.689904021169454,100,9.0,9,9,forced
9.0,power_design,False,translation,0.25,angle,1,100,100,4,0.04,0.019595917942265423,100,0.050564986786634514,0.03672357266863885,0.04702390779930227,0.05940573373991914,100,10.769965545128926,6.3175407430352735,41.689904021169454,100,9.0,9,9,forced
9.0,power_design,False,translation,0.25,shape,1,100,100,0,0.0,0.0,100,0.050564986786634514,0.03672357266863885,0.04702390779930227,0.05940573373991914,100,10.769965545128926,6.3175407430352735,41.689904021169454,100,9.0,9,9,forced
9.0,power_design,False,translation,0.5,delta,1,100,100,1,0.01,0.0099498743710662,100,0.050216359624142726,0.03567062486519679,0.04818350535061244,0.05686803279054109,100,10.439910590708685,3.861043829476733,41.92394414124426,100,9.0,9,9,forced
9.0,power_design,False,translation,0.5,angle,1,100,100,3,0.03,0.01705872210923198,100,0.050216359624142726,0.03567062486519679,0.04818350535061244,0.05686803279054109,100,10.439910590708685,3.861043829476733,41.92394414124426,100,9.0,9,9,forced
9.0,power_design,False,translation,0.5,shape,1,100,100,0,0.0,0.0,100,0.050216359624142726,0.03567062486519679,0.04818350535061244,0.05686803279054109,100,10.439910590708685,3.861043829476733,41.92394414124426,100,9.0,9,9,forced
9.0,power_design,False,translation,1.0,delta,1,100,100,1,0.01,0.0099498743710662,100,0.050493288768686695,0.03575106023479957,0.0465995323734647,0.057757815500377396,100,10.065093612488988,4.316684339186182,41.53699226356229,100,9.0,9,9,forced
9.0,power_design,False,translation,1.0,angle,1,100,100,3,0.03,0.01705872210923198,100,0.050493288768686695,0.03575106023479957,0.0465995323734647,0.057757815500377396,100,10.065093612488988,4.316684339186182,41.53699226356229,100,9.0,9,9,forced
9.0,power_design,False,translation,1.0,shape,1,100,100,1,0.01,0.0099498743710662,100,0.050493288768686695,0.03575106023479957,0.0465995323734647,0.057757815500377396,100,10.065093612488988,4.316684339186182,41.53699226356229,100,9.0,9,9,forced
12.0,power_design,False,magnitude,0.25,delta,1,100,100,100,1.0,0.0,100,0.04884887725107436,0.034435843097843144,0.04534167649130258,0.05468253385619015,100,10.764847625048155,5.295256617903652,49.29205970299228,100,12.0,12,12,forced
12.0,power_design,False,magnitude,0.25,angle,1,100,100,12,0.12,0.03249615361854384,100,0.04884887725107436,0.034435843097843144,0.04534167649130258,0.05468253385619015,100,10.764847625048155,5.295256617903652,49.29205970299228,100,12.0,12,12,forced
12.0,power_design,False,magnitude,0.25,shape,1,100,100,11,0.11,0.03128897569432403,100,0.04884887725107436,0.034435843097843144,0.04534167649130258,0.05468253385619015,100,10.764847625048155,5.295256617903652,49.29205970299228,100,12.0,12,12,forced
12.0,power_design,False,magnitude,0.5,delta,1,100,100,100,1.0,0.0,100,0.04867628828142458,0.03423744827544678,0.044295977784460955,0.05516322557372627,100,11.397206733388458,6.404202849840846,52.8362770074367,100,12.0,12,12,forced
12.0,power_design,False,magnitude,0.5,angle,1,100,100,77,0.77,0.042083250825001625,100,0.04867628828142458,0.03423744827544678,0.044295977784460955,0.05516322557372627,100,11.397206733388458,6.404202849840846,52.8362770074367,100,12.0,12,12,forced
12.0,power_design,False,magnitude,0.5,shape,1,100,100,31,0.31,0.04624932431938871,100,0.04867628828142458,0.03423744827544678,0.044295977784460955,0.05516322557372627,100,11.397206733388458,6.404202849840846,52.8362770074367,100,12.0,12,12,forced
12.0,power_design,False,magnitude,1.0,delta,1,100,100,100,1.0,0.0,100,0.048620149741528354,0.034792592842820824,0.04420147930340873,0.05503884411787524,100,13.3142216879483,11.612233765757146,53.95399807832443,100,12.0,12,12,forced
12.0,power_design,False,magnitude,1.0,angle,1,100,100,81,0.81,0.03923009049186606,100,0.048620149741528354,0.034792592842820824,0.04420147930340873,0.05503884411787524,100,13.3142216879483,11.612233765757146,53.95399807832443,100,12.0,12,12,forced
12.0,power_design,False,magnitude,1.0,shape,1,100,100,50,0.5,0.05,100,0.048620149741528354,0.034792592842820824,0.04420147930340873,0.05503884411787524,100,13.3142216879483,11.612233765757146,53.95399807832443,100,12.0,12,12,forced
12.0,power_design,False,none,0.0,delta,1,100,100,0,0.0,0.0,100,0.04922201031794244,0.034429948079416295,0.04691537524078887,0.05546857673050265,100,11.204959414586442,5.064988044637964,47.82898226943624,100,12.0,12,12,forced
12.0,power_design,False,none,0.0,angle,1,100,100,2,0.02,0.014,100,0.04922201031794244,0.034429948079416295,0.04691537524078887,0.05546857673050265,100,11.204959414586442,5.064988044637964,47.82898226943624,100,12.0,12,12,forced
12.0,power_design,False,none,0.0,shape,1,100,100,0,0.0,0.0,100,0.04922201031794244,0.034429948079416295,0.04691537524078887,0.05546857673050265,100,11.204959414586442,5.064988044637964,47.82898226943624,100,12.0,12,12,forced
12.0,power_design,False,orientation,0.25,delta,1,100,100,57,0.57,0.04950757517794625,100,0.047948922739534626,0.030908650379560254,0.04437066275741189,0.057921584429743156,100,12.16742222876048,7.447704334832821,51.313634640587374,100,12.0,12,12,forced
12.0,power_design,False,orientation,0.25,angle,1,100,100,87,0.87,0.03363034344160047,100,0.047948922739534626,0.030908650379560254,0.04437066275741189,0.057921584429743156,100,12.16742222876048,7.447704334832821,51.313634640587374,100,12.0,12,12,forced
12.0,power_design,False,orientation,0.25,shape,1,100,100,96,0.96,0.019595917942265433,100,0.047948922739534626,0.030908650379560254,0.04437066275741189,0.057921584429743156,100,12.16742222876048,7.447704334832821,51.313634640587374,100,12.0,12,12,forced
12.0,power_design,False,orientation,0.5,delta,1,100,100,65,0.65,0.047696960070847276,100,0.05102473145503627,0.03628797184120014,0.04746923464555694,0.058027782899232716,100,13.136490355019195,11.015758154917274,53.95479417597736,100,12.0,12,12,forced
12.0,power_design,False,orientation,0.5,angle,1,100,100,83,0.83,0.037563279941985904,100,0.05102473145503627,0.03628797184120014,0.04746923464555694,0.058027782899232716,100,13.136490355019195,11.015758154917274,53.95479417597736,100,12.0,12,12,forced
12.0,power_design,False,orientation,0.5,shape,1,100,100,89,0.89,0.031288975694324025,100,0.05102473145503627,0.03628797184120014,0.04746923464555694,0.058027782899232716,100,13.136490355019195,11.015758154917274,53.95479417597736,100,12.0,12,12,forced
12.0,power_design,False,orientation,1.0,delta,1,100,100,47,0.47,0.04990991885387112,100,0.047618066193995806,0.030715267614569886,0.03978689086262413,0.05907919355132296,100,16.43964749718626,23.682457511281996,55.478614447710534,100,12.0,12,12,forced
12.0,power_design,False,orientation,1.0,angle,1,100,100,81,0.81,0.03923009049186606,100,0.047618066193995806,0.030715267614569886,0.03978689086262413,0.05907919355132296,100,16.43964749718626,23.682457511281996,55.478614447710534,100,12.0,12,12,forced
12.0,power_design,False,orientation,1.0,shape,1,100,100,62,0.62,0.048538644398046386,100,0.047618066193995806,0.030715267614569886,0.03978689086262413,0.05907919355132296,100,16.43964749718626,23.682457511281996,55.478614447710534,100,12.0,12,12,forced
12.0,power_design,False,shape,0.25,delta,1,100,100,67,0.67,0.04702127178203499,100,0.050804422369747144,0.03410784325850569,0.04580517503648984,0.06120744773374004,100,10.758430893257982,4.154891324713764,28.375955996200613,100,12.0,12,12,forced
12.0,power_design,False,shape,0.25,angle,1,100,100,82,0.82,0.0384187454245971,100,0.050804422369747144,0.03410784325850569,0.04580517503648984,0.06120744773374004,100,10.758430893257982,4.154891324713764,28.375955996200613,100,12.0,12,12,forced
12.0,power_design,False,shape,0.25,shape,1,100,100,85,0.85,0.035707142142714254,100,0.050804422369747144,0.03410784325850569,0.04580517503648984,0.06120744773374004,100,10.758430893257982,4.154891324713764,28.375955996200613,100,12.0,12,12,forced
12.0,power_design,False,shape,0.5,delta,1,100,100,54,0.54,0.04983974317750845,100,0.05242704999665021,0.03543335889604571,0.04825759115829756,0.062187591827844,100,10.446232051524284,5.730223801094779,35.57194008817616,100,12.0,12,12,forced
12.0,power_design,False,shape,0.5,angle,1,100,100,89,0.89,0.031288975694324025,100,0.05242704999665021,0.03543335889604571,0.04825759115829756,0.062187591827844,100,10.446232051524284,5.730223801094779,35.57194008817616,100,12.0,12,12,forced
12.0,power_design,False,shape,0.5,shape,1,100,100,74,0.74,0.04386342439892262,100,0.05242704999665021,0.03543335889604571,0.04825759115829756,0.062187591827844,100,10.446232051524284,5.730223801094779,35.57194008817616,100,12.0,12,12,forced
12.0,power_design,False,shape,1.0,delta,1,100,100,53,0.53,0.04990991885387112,100,0.059794077148679105,0.04167992972053208,0.0548855300190898,0.0685271897989066,100,10.129574828656798,3.9431694881072126,31.611636551433737,100,12.0,12,12,forced
12.0,power_design,False,shape,1.0,angle,1,100,100,95,0.95,0.021794494717703377,100,0.059794077148679105,0.04167992972053208,0.0548855300190898,0.0685271897989066,100,10.129574828656798,3.9431694881072126,31.611636551433737,100,12.0,12,12,forced
12.0,power_design,False,shape,1.0,shape,1,100,100,58,0.58,0.04935585071701227,100,0.059794077148679105,0.04167992972053208,0.0548855300190898,0.0685271897989066,100,10.129574828656798,3.9431694881072126,31.611636551433737,100,12.0,12,12,forced
12.0,power_design,False,translation,0.25,delta,1,100,100,0,0.0,0.0,100,0.050561042627973146,0.036724254650071786,0.047016191435277244,0.05939827775839912,100,10.817188189866958,6.14522699112646,41.60569969704344,100,12.0,12,12,forced
12.0,power_design,False,translation,0.25,angle,1,100,100,4,0.04,0.019595917942265423,100,0.050561042627973146,0.036724254650071786,0.047016191435277244,0.05939827775839912,100,10.817188189866958,6.14522699112646,41.60569969704344,100,12.0,12,12,forced
12.0,power_design,False,translation,0.25,shape,1,100,100,0,0.0,0.0,100,0.050561042627973146,0.036724254650071786,0.047016191435277244,0.05939827775839912,100,10.817188189866958,6.14522699112646,41.60569969704344,100,12.0,12,12,forced
12.0,power_design,False,translation,0.5,delta,1,100,100,1,0.01,0.0099498743710662,100,0.05021330486645669,0.03566665679328884,0.04818068386787694,0.05686653579781281,100,10.510509961913556,3.867850129744239,41.81430488096548,100,12.0,12,12,forced
12.0,power_design,False,translation,0.5,angle,1,100,100,3,0.03,0.01705872210923198,100,0.05021330486645669,0.03566665679328884,0.04818068386787694,0.05686653579781281,100,10.510509961913556,3.867850129744239,41.81430488096548,100,12.0,12,12,forced
12.0,power_design,False,translation,0.5,shape,1,100,100,0,0.0,0.0,100,0.05021330486645669,0.03566665679328884,0.04818068386787694,0.05686653579781281,100,10.510509961913556,3.867850129744239,41.81430488096548,100,12.0,12,12,forced
12.0,power_design,False,translation,1.0,delta,1,100,100,1,0.01,0.0099498743710662,100,0.05048957728969838,0.035744467194520346,0.046596715927559096,0.05775646059599493,100,10.154504352737383,4.324653525382693,41.21334031084124,100,12.0,12,12,forced
12.0,power_design,False,translation,1.0,angle,1,100,100,3,0.03,0.01705872210923198,100,0.05048957728969838,0.035744467194520346,0.046596715927559096,0.05775646059599493,100,10.154504352737383,4.324653525382693,41.21334031084124,100,12.0,12,12,forced
12.0,power_design,False,translation,1.0,shape,1,100,100,1,0.01,0.0099498743710662,100,0.05048957728969838,0.035744467194520346,0.046596715927559096,0.05775646059599493,100,10.154504352737383,4.324653525382693,41.21334031084124,100,12.0,12,12,forced
,power_primary,True,magnitude,0.25,delta,1,100,100,100,1.0,0.0,100,0.05146746758051285,0.037987890303105454,0.047708750269215755,0.06177372246988255,100,6.58655448181581,5.789950699663292,46.292513371450056,100,3.0,2,3,cv
,power_primary,True,magnitude,0.25,angle,1,100,100,10,0.1,0.030000000000000002,100,0.05146746758051285,0.037987890303105454,0.047708750269215755,0.06177372246988255,100,6.58655448181581,5.789950699663292,46.292513371450056,100,3.0,2,3,cv
,power_primary,True,magnitude,0.25,shape,1,100,100,31,0.31,0.04624932431938871,100,0.05146746758051285,0.037987890303105454,0.047708750269215755,0.06177372246988255,100,6.58655448181581,5.789950699663292,46.292513371450056,100,3.0,2,3,cv
,power_primary,True,magnitude,0.5,delta,1,100,100,100,1.0,0.0,100,0.05088102211800585,0.037436169602759306,0.047505309940414214,0.06091908392264472,100,8.135012981555434,7.857779954288232,50.80602557806115,100,3.0,2,3,cv
,power_primary,True,magnitude,0.5,angle,1,100,100,16,0.16,0.03666060555964672,100,0.05088102211800585,0.037436169602759306,0.047505309940414214,0.06091908392264472,100,8.135012981555434,7.857779954288232,50.80602557806115,100,3.0,2,3,cv
,power_primary,True,magnitude,0.5,shape,1,100,100,56,0.56,0.04963869458396342,100,0.05088102211800585,0.037436169602759306,0.047505309940414214,0.06091908392264472,100,8.135012981555434,7.857779954288232,50.80602557806115,100,3.0,2,3,cv
,power_primary,True,magnitude,1.0,delta,1,100,100,100,1.0,0.0,100,0.05076574433333025,0.03744568794853781,0.047762971254776077,0.06313388015834381,100,11.55087336410951,13.072948007701902,55.43456836118791,100,3.0,2,3,cv
,power_primary,True,magnitude,1.0,angle,1,100,100,24,0.24,0.04270831300812525,100,0.05076574433333025,0.03744568794853781,0.047762971254776077,0.06313388015834381,100,11.55087336410951,13.072948007701902,55.43456836118791,100,3.0,2,3,cv
,power_primary,True,magnitude,1.0,shape,1,100,100,74,0.74,0.04386342439892262,100,0.05076574433333025,0.03744568794853781,0.047762971254776077,0.06313388015834381,100,11.55087336410951,13.072948007701902,55.43456836118791,100,3.0,2,3,cv
,power_primary,True,none,0.0,delta,1,100,100,1,0.01,0.0099498743710662,100,0.05201560522742796,0.03900432559691719,0.04849311392939534,0.06081507985342438,100,5.921579497785056,4.876850035418579,43.19048553991592,100,3.0,2,3,cv
,power_primary,True,none,0.0,angle,1,100,100,2,0.02,0.014,100,0.05201560522742796,0.03900432559691719,0.04849311392939534,0.06081507985342438,100,5.921579497785056,4.876850035418579,43.19048553991592,100,3.0,2,3,cv
,power_primary,True,none,0.0,shape,1,100,100,3,0.03,0.01705872210923198,100,0.05201560522742796,0.03900432559691719,0.04849311392939534,0.06081507985342438,100,5.921579497785056,4.876850035418579,43.19048553991592,100,3.0,2,3,cv
,power_primary,True,orientation,0.25,delta,1,100,100,80,0.8,0.04,100,0.05028427957875003,0.031201764520368602,0.04886091830372294,0.05693534018473134,100,7.626676166499327,6.340654507220668,47.77919227058139,100,3.0,2,3,cv
,power_primary,True,orientation,0.25,angle,1,100,100,89,0.89,0.031288975694324025,100,0.05028427957875003,0.031201764520368602,0.04886091830372294,0.05693534018473134,100,7.626676166499327,6.340654507220668,47.77919227058139,100,3.0,2,3,cv
,power_primary,True,orientation,0.25,shape,1,100,100,100,1.0,0.0,100,0.05028427957875003,0.031201764520368602,0.04886091830372294,0.05693534018473134,100,7.626676166499327,6.340654507220668,47.77919227058139,100,3.0,2,3,cv
,power_primary,True,orientation,0.5,delta,1,100,100,77,0.77,0.042083250825001625,100,0.05198001649647489,0.03234693567336644,0.04766599009995437,0.06177795039519779,100,8.298396113087774,12.22731396562375,50.078383557274734,100,3.0,2,3,cv
,power_primary,True,orientation,0.5,angle,1,100,100,89,0.89,0.031288975694324025,100,0.05198001649647489,0.03234693567336644,0.04766599009995437,0.06177795039519779,100,8.298396113087774,12.22731396562375,50.078383557274734,100,3.0,2,3,cv
,power_primary,True,orientation,0.5,shape,1,100,100,100,1.0,0.0,100,0.05198001649647489,0.03234693567336644,0.04766599009995437,0.06177795039519779,100,8.298396113087774,12.22731396562375,50.078383557274734,100,3.0,2,3,cv
,power_primary,True,orientation,1.0,delta,1,100,100,91,0.91,0.028618176042508364,100,0.049878499125561276,0.0340429562533307,0.04545577881735466,0.059988284590010876,100,11.498884993608915,14.467033366396368,50.765097928127666,100,3.0,3,4,cv
,power_primary,True,orientation,1.0,angle,1,100,100,85,0.85,0.035707142142714254,100,0.049878499125561276,0.0340429562533307,0.04545577881735466,0.059988284590010876,100,11.498884993608915,14.467033366396368,50.765097928127666,100,3.0,3,4,cv
,power_primary,True,orientation,1.0,shape,1,100,100,99,0.99,0.009949874371066205,100,0.049878499125561276,0.0340429562533307,0.04545577881735466,0.059988284590010876,100,11.498884993608915,14.467033366396368,50.765097928127666,100,3.0,3,4,cv
,power_primary,True,shape,0.25,delta,1,100,100,79,0.79,0.0407308237088326,100,0.051814297256771454,0.033124860046100324,0.047672026206287854,0.06097316451864887,100,5.852880539787208,6.2262467125067165,31.251366462411287,100,3.0,2,3,cv
,power_primary,True,shape,0.25,angle,1,100,100,73,0.73,0.044395945760846225,100,0.051814297256771454,0.033124860046100324,0.047672026206287854,0.06097316451864887,100,5.852880539787208,6.2262467125067165,31.251366462411287,100,3.0,2,3,cv
,power_primary,True,shape,0.25,shape,1,100,100,95,0.95,0.021794494717703377,100,0.051814297256771454,0.033124860046100324,0.047672026206287854,0.06097316451864887,100,5.852880539787208,6.2262467125067165,31.251366462411287,100,3.0,2,3,cv
,power_primary,True,shape,0.5,delta,1,100,100,88,0.88,0.03249615361854384,100,0.05427003988977057,0.038146413231764986,0.04908959388679601,0.0629338013792815,100,6.057217619618443,7.10237132513176,32.40410606129798,100,3.0,2,3,cv
,power_primary,True,shape,0.5,angle,1,100,100,76,0.76,0.04270831300812525,100,0.05427003988977057,0.038146413231764986,0.04908959388679601,0.0629338013792815,100,6.057217619618443,7.10237132513176,32.40410606129798,100,3.0,2,3,cv
,power_primary,True,shape,0.5,shape,1,100,100,97,0.97,0.017058722109231986,100,0.05427003988977057,0.038146413231764986,0.04908959388679601,0.0629338013792815,100,6.057217619618443,7.10237132513176,32.40410606129798,100,3.0,2,3,cv
,power_primary,True,shape,1.0,delta,1,100,100,89,0.89,0.031288975694324025,100,0.0628629954137183,0.044581720460592666,0.05748906310991886,0.07348597043605387,100,5.6586836138233405,4.646542458487307,34.205828628819305,100,3.0,2,4,cv
,power_primary,True,shape,1.0,angle,1,100,100,79,0.79,0.0407308237088326,100,0.0628629954137183,0.044581720460592666,0.05748906310991886,0.07348597043605387,100,5.6586836138233405,4.646542458487307,34.205828628819305,100,3.0,2,4,cv
,power_primary,True,shape,1.0,shape,1,100,100,100,1.0,0.0,100,0.0628629954137183,0.044581720460592666,0.05748906310991886,0.07348597043605387,100,5.6586836138233405,4.646542458487307,34.205828628819305,100,3.0,2,4,cv
,power_primary,True,translation,0.25,delta,1,100,100,1,0.01,0.0099498743710662,100,0.05277702775734698,0.037470852298189194,0.050323132690807404,0.060817521221418425,100,5.292995253244706,6.742270880177486,40.00334727316179,100,3.0,2,3,cv
,power_primary,True,translation,0.25,angle,1,100,100,9,0.09,0.02861817604250837,100,0.05277702775734698,0.037470852298189194,0.050323132690807404,0.060817521221418425,100,5.292995253244706,6.742270880177486,40.00334727316179,100,3.0,2,3,cv
,power_primary,True,translation,0.25,shape,1,100,100,7,0.07,0.02551470164434615,100,0.05277702775734698,0.037470852298189194,0.050323132690807404,0.060817521221418425,100,5.292995253244706,6.742270880177486,40.00334727316179,100,3.0,2,3,cv
,power_primary,True,translation,0.5,delta,1,100,100,3,0.03,0.01705872210923198,100,0.051384078507398324,0.03817587219415569,0.048604719946512304,0.05860085433667295,100,6.273836748107774,5.153855165462652,42.420167176158614,100,3.0,2,3,cv
,power_primary,True,translation,0.5,angle,1,100,100,5,0.05,0.021794494717703367,100,0.051384078507398324,0.03817587219415569,0.048604719946512304,0.05860085433667295,100,6.273836748107774,5.153855165462652,42.420167176158614,100,3.0,2,3,cv
,power_primary,True,translation,0.5,shape,1,100,100,1,0.01,0.0099498743710662,100,0.051384078507398324,0.03817587219415569,0.048604719946512304,0.05860085433667295,100,6.273836748107774,5.153855165462652,42.420167176158614,100,3.0,2,3,cv
,power_primary,True,translation,1.0,delta,1,100,100,5,0.05,0.021794494717703367,100,0.05214500318317908,0.03928316410471838,0.049985589683650994,0.060929019235828275,100,5.388633363936873,5.554600009471146,39.4357979321209,100,3.0,2,3,cv
,power_primary,True,translation,1.0,angle,1,100,100,2,0.02,0.014,100,0.05214500318317908,0.03928316410471838,0.049985589683650994,0.060929019235828275,100,5.388633363936873,5.554600009471146,39.4357979321209,100,3.0,2,3,cv
,power_primary,True,translation,1.0,shape,1,100,100,4,0.04,0.019595917942265423,100,0.05214500318317908,0.03928316410471838,0.049985589683650994,0.060929019235828275,100,5.388633363936873,5.554600009471146,39.4357979321209,100,3.0,2,3,cv
