trajectory_mode,effect_size,cell_id,phase,checkpoint,scope,measurement_space,statistic,n_replicates,n_available,n_unavailable,mean,sd,median
magnitude,0.0025,power_primary-3617b140aa5a,power_primary,population_native,expression,native_omic_units,angle,500,500,0,0.36000058759819636,8.049844692668444,0.0
magnitude,0.0025,power_primary-3617b140aa5a,power_primary,population_native,expression,native_omic_units,delta,500,500,0,0.09523501668127828,0.004170812466568537,0.09523717260548636
magnitude,0.0025,power_primary-3617b140aa5a,power_primary,population_native,expression,native_omic_units,path_length[A],500,500,0,38.094006672512265,1.6683249866275307,38.094869042197594
magnitude,0.0025,power_primary-3617b140aa5a,power_primary,population_native,expression,native_omic_units,path_length[B],500,500,0,38.18924168919348,1.6724957990940987,38.19010621480308
magnitude,0.0025,power_primary-3617b140aa5a,power_primary,population_native,expression,native_omic_units,shape,500,500,0,1.2819289716364506e-15,3.0930864887128863e-16,1.23048970951421e-15
magnitude,0.0025,power_primary-3617b140aa5a,power_primary,population_native,methylation,native_omic_units,angle,500,500,0,0.3600005679553779,8.049844655290181,0.0
magnitude,0.0025,power_primary-3617b140aa5a,power_primary,population_native,methylation,native_omic_units,delta,500,500,0,0.12147099106532097,0.004854225878111614,0.1215304894000937
magnitude,0.0025,power_primary-3617b140aa5a,power_primary,population_native,methylation,native_omic_units,path_length[A],500,500,0,48.58839642612972,1.9416903512447894,48.61219576003766
magnitude,0.0025,power_primary-3617b140aa5a,power_primary,population_native,methylation,native_omic_units,path_length[B],500,500,0,48.709867417195035,1.9465445771229006,48.73372624943775
magnitude,0.0025,power_primary-3617b140aa5a,power_primary,population_native,methylation,native_omic_units,shape,500,500,0,1.409687925424998e-15,3.3939325759543648e-16,1.367584892536097e-15
magnitude,0.0025,power_primary-3617b140aa5a,power_primary,population_native,proteomics,native_omic_units,angle,500,500,0,0.720000585861824,11.372786758263617,0.0
magnitude,0.0025,power_primary-3617b140aa5a,power_primary,population_native,proteomics,native_omic_units,delta,500,500,0,0.10556047089098787,0.0051126781431957286,0.10569282686099157
magnitude,0.0025,power_primary-3617b140aa5a,power_primary,population_native,proteomics,native_omic_units,path_length[A],500,500,0,42.224188356396326,2.045071257278377,42.27713074439798
magnitude,0.0025,power_primary-3617b140aa5a,power_primary,population_native,proteomics,native_omic_units,path_length[B],500,500,0,42.32974882728726,2.050183935421572,42.38282357125898
magnitude,0.0025,power_primary-3617b140aa5a,power_primary,population_native,proteomics,native_omic_units,shape,500,500,0,1.51786969874082e-15,4.480653397156986e-16,1.4227065569505704e-15
magnitude,0.0025,power_primary-3617b140aa5a,power_primary,population_standardized,expression,standardized_feature,angle,500,500,0,5.447111388439376e-07,6.948035117551378e-07,0.0
magnitude,0.0025,power_primary-3617b140aa5a,power_primary,population_standardized,expression,standardized_feature,delta,500,500,0,0.08234892337548848,0.0037055768841639906,0.08254498596206972
magnitude,0.0025,power_primary-3617b140aa5a,power_primary,population_standardized,expression,standardized_feature,path_length[A],500,500,0,32.93956935019598,1.4822307536657378,33.017994384829855
magnitude,0.0025,power_primary-3617b140aa5a,power_primary,population_standardized,expression,standardized_feature,path_length[B],500,500,0,33.02191827357153,1.4859363305499025,33.10053937079192
magnitude,0.0025,power_primary-3617b140aa5a,power_primary,population_standardized,expression,standardized_feature,shape,500,500,0,9.89117738318648e-16,3.6166353626673494e-16,9.303858423577539e-16
magnitude,0.0025,power_primary-3617b140aa5a,power_primary,population_standardized,joint,standardized_feature,angle,500,500,0,5.50456902482126e-07,7.549415083011728e-07,0.0
magnitude,0.0025,power_primary-3617b140aa5a,power_primary,population_standardized,joint,standardized_feature,delta,500,500,0,0.17065632812766923,0.006794074251576431,0.17104711721791688
magnitude,0.0025,power_primary-3617b140aa5a,power_primary,population_standardized,joint,standardized_feature,path_length[A],500,500,0,68.26253125106896,2.71762970063045,68.41884688716678
magnitude,0.0025,power_primary-3617b140aa5a,power_primary,population_standardized,joint,standardized_feature,path_length[B],500,500,0,68.43318757919666,2.724423774882027,68.5898940043847
magnitude,0.0025,power_primary-3617b140aa5a,power_primary,population_standardized,joint,standardized_feature,shape,500,500,0,1.092788169822971e-15,3.4330291689806994e-16,1.0297789333385727e-15
magnitude,0.0025,power_primary-3617b140aa5a,power_primary,population_standardized,methylation,standardized_feature,angle,500,500,0,6.133761859582556e-07,7.556865691188324e-07,0.0
magnitude,0.0025,power_primary-3617b140aa5a,power_primary,population_standardized,methylation,standardized_feature,delta,500,500,0,0.10797273671663538,0.004388098444790871,0.10784547920140852
magnitude,0.0025,power_primary-3617b140aa5a,power_primary,population_standardized,methylation,standardized_feature,path_length[A],500,500,0,43.18909468665509,1.7552393779164575,43.138191680563665
magnitude,0.0025,power_primary-3617b140aa5a,power_primary,population_standardized,methylation,standardized_feature,path_length[B],500,500,0,43.29706742337176,1.7596274763612487,43.246037159765066
magnitude,0.0025,power_primary-3617b140aa5a,power_primary,population_standardized,methylation,standardized_feature,shape,500,500,0,9.789005902646229e-16,3.4317732683416597e-16,9.126497569388e-16
magnitude,0.0025,power_primary-3617b140aa5a,power_primary,population_standardized,proteomics,standardized_feature,angle,500,500,0,5.334528369167649e-07,7.189062855054055e-07,0.0
magnitude,0.0025,power_primary-3617b140aa5a,power_primary,population_standardized,proteomics,standardized_feature,delta,500,500,0,0.10322163075721259,0.005058564602825415,0.10329893083962105
magnitude,0.0025,power_primary-3617b140aa5a,power_primary,population_standardized,proteomics,standardized_feature,path_length[A],500,500,0,41.28865230288596,2.0234258411302655,41.319572335848484
magnitude,0.0025,power_primary-3617b140aa5a,power_primary,population_standardized,proteomics,standardized_feature,path_length[B],500,500,0,41.39187393364314,2.0284844057330913,41.422871266688105
magnitude,0.0025,power_primary-3617b140aa5a,power_primary,population_standardized,proteomics,standardized_feature,shape,500,500,0,1.0605941254756656e-15,3.554456648908432e-16,9.943970608682026e-16
magnitude,0.0025,power_primary-3617b140aa5a,power_primary,observed_standardized,expression,standardized_feature,angle,500,500,0,13.221852770194996,25.722577082013302,7.899587971210541
magnitude,0.0025,power_primary-3617b140aa5a,power_primary,observed_standardized,expression,standardized_feature,delta,500,500,0,0.1623620486173294,0.11909844905684691,0.14040420053695257
magnitude,0.0025,power_primary-3617b140aa5a,power_primary,observed_standardized,expression,standardized_feature,path_length[A],500,500,0,33.095299703498334,1.4695059360396654,33.17723082366906
magnitude,0.0025,power_primary-3617b140aa5a,power_primary,observed_standardized,expression,standardized_feature,path_length[B],500,500,0,33.159934578084034,1.477797176107242,33.24182101816689
magnitude,0.0025,power_primary-3617b140aa5a,power_primary,observed_standardized,expression,standardized_feature,shape,500,500,0,0.010898109389247833,0.003716205769698174,0.010682271475098256
magnitude,0.0025,power_primary-3617b140aa5a,power_primary,observed_standardized,joint,standardized_feature,angle,500,500,0,13.012435409671886,25.44805407450285,8.26584781881407
magnitude,0.0025,power_primary-3617b140aa5a,power_primary,observed_standardized,joint,standardized_feature,delta,500,500,0,0.22851409322460703,0.17102818984887466,0.1975327861930154
magnitude,0.0025,power_primary-3617b140aa5a,power_primary,observed_standardized,joint,standardized_feature,path_length[A],500,500,0,68.63549688860311,2.6900008451167885,68.73404359336007
magnitude,0.0025,power_primary-3617b140aa5a,power_primary,observed_standardized,joint,standardized_feature,path_length[B],500,500,0,68.81351066624775,2.7052743110708897,68.91904980186209
magnitude,0.0025,power_primary-3617b140aa5a,power_primary,observed_standardized,joint,standardized_feature,shape,500,500,0,0.006142068828731454,0.002472581879603167,0.005822538755557797
magnitude,0.0025,power_primary-3617b140aa5a,power_primary,observed_standardized,methylation,standardized_feature,angle,500,500,0,18.743473957909636,27.768297067101233,11.383581938607561
magnitude,0.0025,power_primary-3617b140aa5a,power_primary,observed_standardized,methylation,standardized_feature,delta,500,500,0,0.24549164070917243,0.20331742263382957,0.20219742371877203
magnitude,0.0025,power_primary-3617b140aa5a,power_primary,observed_standardized,methylation,standardized_feature,path_length[A],500,500,0,43.554013586938446,1.7421578566029814,43.52242827258968
magnitude,0.0025,power_primary-3617b140aa5a,power_primary,observed_standardized,methylation,standardized_feature,path_length[B],500,500,0,43.677494881796896,1.7559703817460062,43.65788303539213
magnitude,0.0025,power_primary-3617b140aa5a,power_primary,observed_standardized,methylation,standardized_feature,shape,500,500,0,0.012084286950666495,0.0055626964156557344,0.011170150157935252
magnitude,0.0025,power_primary-3617b140aa5a,power_primary,observed_standardized,proteomics,standardized_feature,angle,500,500,0,8.740652369550808,18.638991110499695,6.238515599849971
magnitude,0.0025,power_primary-3617b140aa5a,power_primary,observed_standardized,proteomics,standardized_feature,delta,500,500,0,0.15479518939915426,0.10753386823059936,0.13556156815024067
magnitude,0.0025,power_primary-3617b140aa5a,power_primary,observed_standardized,proteomics,standardized_feature,path_length[A],500,500,0,41.39828920481249,2.0110727348562527,41.470000450991236
magnitude,0.0025,power_primary-3617b140aa5a,power_primary,observed_standardized,proteomics,standardized_feature,path_length[B],500,500,0,41.511545084567395,2.0172886781465404,41.550121386176556
magnitude,0.0025,power_primary-3617b140aa5a,power_primary,observed_standardized,proteomics,standardized_feature,shape,500,500,0,0.006651066619549487,0.002236315740917708,0.00638887269847737
magnitude,0.0025,power_primary-3617b140aa5a,power_primary,pls_latent,joint,pls_latent,angle,500,500,0,6.695810439522982,24.90894027637934,2.2028867567012083
magnitude,0.0025,power_primary-3617b140aa5a,power_primary,pls_latent,joint,pls_latent,delta,500,500,0,0.22893624099855003,0.1699690410101915,0.19445567130093622
magnitude,0.0025,power_primary-3617b140aa5a,power_primary,pls_latent,joint,pls_latent,path_length[A],500,500,0,67.40105625597434,4.371615536197386,68.16081875693209
magnitude,0.0025,power_primary-3617b140aa5a,power_primary,pls_latent,joint,pls_latent,path_length[B],500,500,0,67.57858513957572,4.402987222198243,68.37652328717036
magnitude,0.0025,power_primary-3617b140aa5a,power_primary,pls_latent,joint,pls_latent,shape,500,500,0,0.006162316696076045,0.0025421612824854715,0.005764891554233901
magnitude,0.005,power_primary-299cb406aa96,power_primary,population_native,expression,native_omic_units,angle,500,500,0,0.7200005918595545,11.3727867394102,0.0
magnitude,0.005,power_primary-299cb406aa96,power_primary,population_native,expression,native_omic_units,delta,500,500,0,0.19047003336255566,0.008341624933137675,0.1904743452109834
magnitude,0.005,power_primary-299cb406aa96,power_primary,population_native,expression,native_omic_units,path_length[A],500,500,0,38.094006672512265,1.6683249866275307,38.094869042197594
magnitude,0.005,power_primary-299cb406aa96,power_primary,population_native,expression,native_omic_units,path_length[B],500,500,0,38.284476705874745,1.6766666115606685,38.285343387408574
magnitude,0.005,power_primary-299cb406aa96,power_primary,population_native,expression,native_omic_units,shape,500,500,0,1.3606434581433223e-15,3.4719212473505243e-16,1.2962005227627027e-15
magnitude,0.005,power_primary-299cb406aa96,power_primary,population_native,methylation,native_omic_units,angle,500,500,0,0.7200006274744868,11.372786802527775,0.0
magnitude,0.005,power_primary-299cb406aa96,power_primary,population_native,methylation,native_omic_units,delta,500,500,0,0.24294198213064067,0.009708451756223379,0.2430609788001803
magnitude,0.005,power_primary-299cb406aa96,power_primary,population_native,methylation,native_omic_units,path_length[A],500,500,0,48.58839642612972,1.9416903512447894,48.61219576003766
magnitude,0.005,power_primary-299cb406aa96,power_primary,population_native,methylation,native_omic_units,path_length[B],500,500,0,48.83133840826026,1.9513988030010125,48.85525673883784
magnitude,0.005,power_primary-299cb406aa96,power_primary,population_native,methylation,native_omic_units,shape,500,500,0,1.575732197675344e-15,4.1400551565156116e-16,1.5068784032755515e-15
magnitude,0.005,power_primary-299cb406aa96,power_primary,population_native,proteomics,native_omic_units,angle,500,500,0,6.169934686544478e-07,7.507869977426189e-07,0.0
magnitude,0.005,power_primary-299cb406aa96,power_primary,population_native,proteomics,native_omic_units,delta,500,500,0,0.21112094178197555,0.0102253562863911,0.21138565372198315
magnitude,0.005,power_primary-299cb406aa96,power_primary,population_native,proteomics,native_omic_units,path_length[A],500,500,0,42.224188356396326,2.045071257278377,42.27713074439798
magnitude,0.005,power_primary-299cb406aa96,power_primary,population_native,proteomics,native_omic_units,path_length[B],500,500,0,42.435309298178254,2.0552966135647663,42.48851639811997
magnitude,0.005,power_primary-299cb406aa96,power_primary,population_native,proteomics,native_omic_units,shape,500,500,0,1.6029782939113027e-15,4.587366572435538e-16,1.5263065851118782e-15
magnitude,0.005,power_primary-299cb406aa96,power_primary,population_standardized,expression,standardized_feature,angle,500,500,0,5.799604008312276e-07,7.374432058851627e-07,0.0
magnitude,0.005,power_primary-299cb406aa96,power_primary,population_standardized,expression,standardized_feature,delta,500,500,0,0.164563346414486,0.007404475563417934,0.16495645821780514
magnitude,0.005,power_primary-299cb406aa96,power_primary,population_standardized,expression,standardized_feature,path_length[A],500,500,0,32.91266928289794,1.480895112683632,32.991291643562555
magnitude,0.005,power_primary-299cb406aa96,power_primary,population_standardized,expression,standardized_feature,path_length[B],500,500,0,33.07723262931242,1.4882995882470493,33.15624810178036
magnitude,0.005,power_primary-299cb406aa96,power_primary,population_standardized,expression,standardized_feature,shape,500,500,0,9.856172553497181e-16,3.2746323306410434e-16,9.346605968020024e-16
magnitude,0.005,power_primary-299cb406aa96,power_primary,population_standardized,joint,standardized_feature,angle,500,500,0,5.743701627167685e-07,7.506233545519446e-07,0.0
magnitude,0.005,power_primary-299cb406aa96,power_primary,population_standardized,joint,standardized_feature,delta,500,500,0,0.3410071090917297,0.013574891477829108,0.3417893308256623
magnitude,0.005,power_primary-299cb406aa96,power_primary,population_standardized,joint,standardized_feature,path_length[A],500,500,0,68.20142181834741,2.714978295565891,68.35786616513319
magnitude,0.005,power_primary-299cb406aa96,power_primary,population_standardized,joint,standardized_feature,path_length[B],500,500,0,68.54242892743919,2.7285531870437194,68.69965549595885
magnitude,0.005,power_primary-299cb406aa96,power_primary,population_standardized,joint,standardized_feature,shape,500,500,0,1.0910919269585884e-15,3.485880545909204e-16,1.0302865657105626e-15
magnitude,0.005,power_primary-299cb406aa96,power_primary,population_standardized,methylation,standardized_feature,angle,500,500,0,6.467855883486791e-07,7.567694370639066e-07,0.0
magnitude,0.005,power_primary-299cb406aa96,power_primary,population_standardized,methylation,standardized_feature,delta,500,500,0,0.21576924962910232,0.008768320691535571,0.2155187194943693
magnitude,0.005,power_primary-299cb406aa96,power_primary,population_standardized,methylation,standardized_feature,path_length[A],500,500,0,43.15384992582144,1.7536641383071383,43.103743898873866
magnitude,0.005,power_primary-299cb406aa96,power_primary,population_standardized,methylation,standardized_feature,path_length[B],500,500,0,43.36961917545051,1.7624324589986737,43.319262618368235
magnitude,0.005,power_primary-299cb406aa96,power_primary,population_standardized,methylation,standardized_feature,shape,500,500,0,9.858351136384726e-16,3.8525420274492616e-16,9.180755971769259e-16
magnitude,0.005,power_primary-299cb406aa96,power_primary,population_standardized,proteomics,standardized_feature,angle,500,500,0,6.206518003905434e-07,7.516564688661227e-07,0.0
magnitude,0.005,power_primary-299cb406aa96,power_primary,population_standardized,proteomics,standardized_feature,delta,500,500,0,0.20623031374591227,0.01010606072538,0.20638332334936393
magnitude,0.005,power_primary-299cb406aa96,power_primary,population_standardized,proteomics,standardized_feature,path_length[A],500,500,0,41.2460627491834,2.021212145076044,41.276664669874094
magnitude,0.005,power_primary-299cb406aa96,power_primary,population_standardized,proteomics,standardized_feature,path_length[B],500,500,0,41.45229306292929,2.0313182058014236,41.48304799322346
magnitude,0.005,power_primary-299cb406aa96,power_primary,population_standardized,proteomics,standardized_feature,shape,500,500,0,1.0542721101573175e-15,3.4653377598429207e-16,9.884579627450944e-16
magnitude,0.005,power_primary-299cb406aa96,power_primary,observed_standardized,expression,standardized_feature,angle,500,500,0,13.214907970458292,25.7240839448293,7.894822193429812
magnitude,0.005,power_primary-299cb406aa96,power_primary,observed_standardized,expression,standardized_feature,delta,500,500,0,0.19709083844979822,0.13785160775256003,0.17230402355612995
magnitude,0.005,power_primary-299cb406aa96,power_primary,observed_standardized,expression,standardized_feature,path_length[A],500,500,0,33.06848353970822,1.4681667386792348,33.14955342605954
magnitude,0.005,power_primary-299cb406aa96,power_primary,observed_standardized,expression,standardized_feature,path_length[B],500,500,0,33.214912420806336,1.4801603919375284,33.296291058681476
magnitude,0.005,power_primary-299cb406aa96,power_primary,observed_standardized,expression,standardized_feature,shape,500,500,0,0.010886018684615622,0.003712200642342724,0.01066599968220728
magnitude,0.005,power_primary-299cb406aa96,power_primary,observed_standardized,joint,standardized_feature,angle,500,500,0,13.007378299224582,25.448656525306657,8.261968833268853
magnitude,0.005,power_primary-299cb406aa96,power_primary,observed_standardized,joint,standardized_feature,delta,500,500,0,0.36089490793780277,0.20087328178674593,0.34255242144913467
magnitude,0.005,power_primary-299cb406aa96,power_primary,observed_standardized,joint,standardized_feature,path_length[A],500,500,0,68.57469985137779,2.6873395014109436,68.67346187732807
magnitude,0.005,power_primary-299cb406aa96,power_primary,observed_standardized,joint,standardized_feature,path_length[B],500,500,0,68.92197542584238,2.709417935509813,69.02794228917492
magnitude,0.005,power_primary-299cb406aa96,power_primary,observed_standardized,joint,standardized_feature,shape,500,500,0,0.0061360625491934185,0.0024699152993927606,0.005821170249737485
magnitude,0.005,power_primary-299cb406aa96,power_primary,observed_standardized,methylation,standardized_feature,angle,500,500,0,18.736706671731444,27.77623901698671,11.378814770925294
magnitude,0.005,power_primary-299cb406aa96,power_primary,observed_standardized,methylation,standardized_feature,delta,500,500,0,0.30126617474004275,0.22049892491910902,0.26399174082740373
magnitude,0.005,power_primary-299cb406aa96,power_primary,observed_standardized,methylation,standardized_feature,path_length[A],500,500,0,43.51905293362849,1.7405782812136077,43.48765511134944
magnitude,0.005,power_primary-299cb406aa96,power_primary,observed_standardized,methylation,standardized_feature,path_length[B],500,500,0,43.74928595132883,1.7587344391921802,43.72997545379796
magnitude,0.005,power_primary-299cb406aa96,power_primary,observed_standardized,methylation,standardized_feature,shape,500,500,0,0.012071280034228315,0.005556737511911654,0.011161126146437928
magnitude,0.005,power_primary-299cb406aa96,power_primary,observed_standardized,proteomics,standardized_feature,angle,500,500,0,8.737068102629184,18.637841827159612,6.236333956704517
magnitude,0.005,power_primary-299cb406aa96,power_primary,observed_standardized,proteomics,standardized_feature,delta,500,500,0,0.22839814644667342,0.13121738859213566,0.22124615061867203
magnitude,0.005,power_primary-299cb406aa96,power_primary,observed_standardized,proteomics,standardized_feature,path_length[A],500,500,0,41.35582619413999,2.0088476448553467,41.42747353364311
magnitude,0.005,power_primary-299cb406aa96,power_primary,observed_standardized,proteomics,standardized_feature,path_length[B],500,500,0,41.5717276556613,2.020132117644086,41.609556874097265
magnitude,0.005,power_primary-299cb406aa96,power_primary,observed_standardized,proteomics,standardized_feature,shape,500,500,0,0.00664474763450523,0.0022342964340515427,0.00638025767871865
magnitude,0.005,power_primary-299cb406aa96,power_primary,pls_latent,joint,pls_latent,angle,500,500,0,6.693125371310369,24.90864538938363,2.1983527194506918
magnitude,0.005,power_primary-299cb406aa96,power_primary,pls_latent,joint,pls_latent,delta,500,500,0,0.35860919316173406,0.20194160777234582,0.33782130193903726
magnitude,0.005,power_primary-299cb406aa96,power_primary,pls_latent,joint,pls_latent,path_length[A],500,500,0,67.34102110027672,4.367679396215862,68.10017369218235
magnitude,0.005,power_primary-299cb406aa96,power_primary,pls_latent,joint,pls_latent,path_length[B],500,500,0,67.68575686818025,4.409929930766571,68.48531232037766
magnitude,0.005,power_primary-299cb406aa96,power_primary,pls_latent,joint,pls_latent,shape,500,500,0,0.006156127696325091,0.0025392429200969302,0.005758963535994132
magnitude,0.01,power_primary-50559e32f2d8,power_primary,population_native,expression,native_omic_units,angle,500,500,0,0.7200005880795688,11.372786766729956,0.0
magnitude,0.01,power_primary-50559e32f2d8,power_primary,population_native,expression,native_omic_units,delta,500,500,0,0.38094006672512265,0.016683249866274875,0.3809486904219739
magnitude,0.01,power_primary-50559e32f2d8,power_primary,population_native,expression,native_omic_units,path_length[A],500,500,0,38.094006672512265,1.6683249866275307,38.094869042197594
magnitude,0.01,power_primary-50559e32f2d8,power_primary,population_native,expression,native_omic_units,path_length[B],500,500,0,38.47494673923737,1.6850082364938046,38.47581773261957
magnitude,0.01,power_primary-50559e32f2d8,power_primary,population_native,expression,native_omic_units,shape,500,500,0,1.2513919952878489e-15,4.228954086715944e-16,1.1670529183522019e-15
magnitude,0.01,power_primary-50559e32f2d8,power_primary,population_native,methylation,native_omic_units,angle,500,500,0,1.0800006230456336,13.914770559335226,0.0
magnitude,0.01,power_primary-50559e32f2d8,power_primary,population_native,methylation,native_omic_units,delta,500,500,0,0.4858839642612975,0.019416903512447806,0.4861219576003748
magnitude,0.01,power_primary-50559e32f2d8,power_primary,population_native,methylation,native_omic_units,path_length[A],500,500,0,48.58839642612972,1.9416903512447894,48.61219576003766
magnitude,0.01,power_primary-50559e32f2d8,power_primary,population_native,methylation,native_omic_units,path_length[B],500,500,0,49.07428039039102,1.9611072547572368,49.09831771763803
magnitude,0.01,power_primary-50559e32f2d8,power_primary,population_native,methylation,native_omic_units,shape,500,500,0,1.4702753896427079e-15,3.5969962557011636e-16,1.4151530873940749e-15
magnitude,0.01,power_primary-50559e32f2d8,power_primary,population_native,proteomics,native_omic_units,angle,500,500,0,1.080000557414126,13.914770501838124,0.0
magnitude,0.01,power_primary-50559e32f2d8,power_primary,population_native,proteomics,native_omic_units,delta,500,500,0,0.4222418835639634,0.020450712572783768,0.4227713074439805
magnitude,0.01,power_primary-50559e32f2d8,power_primary,population_native,proteomics,native_omic_units,path_length[A],500,500,0,42.224188356396326,2.045071257278377,42.27713074439798
magnitude,0.01,power_primary-50559e32f2d8,power_primary,population_native,proteomics,native_omic_units,path_length[B],500,500,0,42.64643023996028,2.065521969851159,42.69990205184197
magnitude,0.01,power_primary-50559e32f2d8,power_primary,population_native,proteomics,native_omic_units,shape,500,500,0,1.4245334989273474e-15,4.680666803551844e-16,1.333568264543978e-15
magnitude,0.01,power_primary-50559e32f2d8,power_primary,population_standardized,expression,standardized_feature,angle,500,500,0,5.586738236525991e-07,7.240754563102602e-07,0.0
magnitude,0.01,power_primary-50559e32f2d8,power_primary,population_standardized,expression,standardized_feature,delta,500,500,0,0.32858804391714047,0.014782222305509391,0.3293781885918925
magnitude,0.01,power_primary-50559e32f2d8,power_primary,population_standardized,expression,standardized_feature,path_length[A],500,500,0,32.85880439171396,1.4782222305509423,32.93781885918894
magnitude,0.01,power_primary-50559e32f2d8,power_primary,population_standardized,expression,standardized_feature,path_length[B],500,500,0,33.187392435631125,1.4930044528564526,33.267197047780826
magnitude,0.01,power_primary-50559e32f2d8,power_primary,population_standardized,expression,standardized_feature,shape,500,500,0,9.817580539893074e-16,3.3908512737686655e-16,9.23251559565551e-16
magnitude,0.01,power_primary-50559e32f2d8,power_primary,population_standardized,joint,standardized_feature,angle,500,500,0,5.642653096314444e-07,7.466156018332497e-07,0.0
magnitude,0.01,power_primary-50559e32f2d8,power_primary,population_standardized,joint,standardized_feature,delta,500,500,0,0.6807912727368951,0.02709673912585133,0.6823581823849878
magnitude,0.01,power_primary-50559e32f2d8,power_primary,population_standardized,joint,standardized_feature,path_length[A],500,500,0,68.07912727368945,2.7096739125851195,68.23581823849779
magnitude,0.01,power_primary-50559e32f2d8,power_primary,population_standardized,joint,standardized_feature,path_length[B],500,500,0,68.75991854642639,2.7367706517109696,68.91817642088276
magnitude,0.01,power_primary-50559e32f2d8,power_primary,population_standardized,joint,standardized_feature,shape,500,500,0,1.097968959256931e-15,3.490859126247983e-16,1.0337225077209792e-15
magnitude,0.01,power_primary-50559e32f2d8,power_primary,population_standardized,methylation,standardized_feature,angle,500,500,0,5.97833182262923e-07,7.300378842439743e-07,0.0
magnitude,0.01,power_primary-50559e32f2d8,power_primary,population_standardized,methylation,standardized_feature,delta,500,500,0,0.43083308582781593,0.01750512725029197,0.43034551228728546
magnitude,0.01,power_primary-50559e32f2d8,power_primary,population_standardized,methylation,standardized_feature,path_length[A],500,500,0,43.08330858278154,1.7505127250292145,43.034551228728596
magnitude,0.01,power_primary-50559e32f2d8,power_primary,population_standardized,methylation,standardized_feature,path_length[B],500,500,0,43.51414166860939,1.7680178522795078,43.46489674101588
magnitude,0.01,power_primary-50559e32f2d8,power_primary,population_standardized,methylation,standardized_feature,shape,500,500,0,9.905866943453334e-16,3.799440506069384e-16,9.22331407100615e-16
magnitude,0.01,power_primary-50559e32f2d8,power_primary,population_standardized,proteomics,standardized_feature,angle,500,500,0,6.017143779730825e-07,7.563819912829293e-07,0.0
magnitude,0.01,power_primary-50559e32f2d8,power_primary,population_standardized,proteomics,standardized_feature,delta,500,500,0,0.411608607411782,0.02016785779290912,0.4119083501369545
magnitude,0.01,power_primary-50559e32f2d8,power_primary,population_standardized,proteomics,standardized_feature,path_length[A],500,500,0,41.160860741178126,2.016785779290914,41.19083501369521
magnitude,0.01,power_primary-50559e32f2d8,power_primary,population_standardized,proteomics,standardized_feature,path_length[B],500,500,0,41.57246934858989,2.0369536370838226,41.60274336383216
magnitude,0.01,power_primary-50559e32f2d8,power_primary,population_standardized,proteomics,standardized_feature,shape,500,500,0,1.0530234184122116e-15,3.4154458096441104e-16,9.929837306803108e-16
magnitude,0.01,power_primary-50559e32f2d8,power_primary,observed_standardized,expression,standardized_feature,angle,500,500,0,13.201251348032287,25.727012036402673,7.882918697620838
magnitude,0.01,power_primary-50559e32f2d8,power_primary,observed_standardized,expression,standardized_feature,delta,500,500,0,0.3193184422036616,0.1745502737322814,0.30980243735192303
magnitude,0.01,power_primary-50559e32f2d8,power_primary,observed_standardized,expression,standardized_feature,path_length[A],500,500,0,33.01478653061422,1.4654867181851374,33.094180105871104
magnitude,0.01,power_primary-50559e32f2d8,power_primary,observed_standardized,expression,standardized_feature,path_length[B],500,500,0,33.324404801457966,1.4848651432323567,33.404748269380875
magnitude,0.01,power_primary-50559e32f2d8,power_primary,observed_standardized,expression,standardized_feature,shape,500,500,0,0.010862091850967526,0.003704275040844199,0.01063747983708139
magnitude,0.01,power_primary-50559e32f2d8,power_primary,observed_standardized,joint,standardized_feature,angle,500,500,0,12.99754800574554,25.449811170128886,8.25521263000011
magnitude,0.01,power_primary-50559e32f2d8,power_primary,observed_standardized,joint,standardized_feature,delta,500,500,0,0.6856830853038319,0.22269658539889858,0.682820202079732
magnitude,0.01,power_primary-50559e32f2d8,power_primary,observed_standardized,joint,standardized_feature,path_length[A],500,500,0,68.45303076787063,2.682015135839465,68.55223554073972
magnitude,0.01,power_primary-50559e32f2d8,power_primary,observed_standardized,joint,standardized_feature,path_length[B],500,500,0,69.13792489734556,2.717663594154943,69.24476308714469
magnitude,0.01,power_primary-50559e32f2d8,power_primary,observed_standardized,joint,standardized_feature,shape,500,500,0,0.006124284464524592,0.0024647433837226922,0.0058129380084985215
magnitude,0.01,power_primary-50559e32f2d8,power_primary,observed_standardized,methylation,standardized_feature,angle,500,500,0,18.72341615517392,27.791893649096238,11.335222382246998
magnitude,0.01,power_primary-50559e32f2d8,power_primary,observed_standardized,methylation,standardized_feature,delta,500,500,0,0.463759909570254,0.260588302369688,0.4462165846206041
magnitude,0.01,power_primary-50559e32f2d8,power_primary,observed_standardized,methylation,standardized_feature,path_length[A],500,500,0,43.44908119214676,1.737418216255789,43.41804901726958
magnitude,0.01,power_primary-50559e32f2d8,power_primary,observed_standardized,methylation,standardized_feature,path_length[B],500,500,0,43.89230031180246,1.7642391018402377,43.87359362639257
magnitude,0.01,power_primary-50559e32f2d8,power_primary,observed_standardized,methylation,standardized_feature,shape,500,500,0,0.012045791903887349,0.005545234707491445,0.011124706663383195
magnitude,0.01,power_primary-50559e32f2d8,power_primary,observed_standardized,proteomics,standardized_feature,angle,500,500,0,8.730019267229974,18.6354947636822,6.232070304394073
magnitude,0.01,power_primary-50559e32f2d8,power_primary,observed_standardized,proteomics,standardized_feature,delta,500,500,0,0.4214104377909106,0.14945428630199786,0.42744807685470576
magnitude,0.01,power_primary-50559e32f2d8,power_primary,observed_standardized,proteomics,standardized_feature,path_length[A],500,500,0,41.27087672283833,2.0043985101451467,41.34238360242576
magnitude,0.01,power_primary-50559e32f2d8,power_primary,observed_standardized,proteomics,standardized_feature,path_length[B],500,500,0,41.69143411533299,2.02578671514704,41.7277820224173
magnitude,0.01,power_primary-50559e32f2d8,power_primary,observed_standardized,proteomics,standardized_feature,shape,500,500,0,0.006632262474733932,0.002230313443262658,0.006366929850567131
magnitude,0.01,power_primary-50559e32f2d8,power_primary,pls_latent,joint,pls_latent,angle,500,500,0,6.687821467434038,24.907772036259654,2.189346515296329
magnitude,0.01,power_primary-50559e32f2d8,power_primary,pls_latent,joint,pls_latent,delta,500,500,0,0.6790441763153969,0.22725675535050793,0.6801003576246245
magnitude,0.01,power_primary-50559e32f2d8,power_primary,pls_latent,joint,pls_latent,path_length[A],500,500,0,67.22086272220623,4.359800713832817,67.97879545161439
magnitude,0.01,power_primary-50559e32f2d8,power_primary,pls_latent,joint,pls_latent,path_length[B],500,500,0,67.89911430714156,4.423749187024051,68.70191125706425
magnitude,0.01,power_primary-50559e32f2d8,power_primary,pls_latent,joint,pls_latent,shape,500,500,0,0.006143917767903886,0.0025334921138401778,0.005750001560166067
magnitude,0.02,power_primary-e4cb568a74d3,power_primary,population_native,expression,native_omic_units,angle,500,500,0,1.4400005523161465,16.05122045958584,0.0
magnitude,0.02,power_primary-e4cb568a74d3,power_primary,population_native,expression,native_omic_units,delta,500,500,0,0.7618801334502442,0.03336649973255071,0.7618973808439549
magnitude,0.02,power_primary-e4cb568a74d3,power_primary,population_native,expression,native_omic_units,path_length[A],500,500,0,38.094006672512265,1.6683249866275307,38.094869042197594
magnitude,0.02,power_primary-e4cb568a74d3,power_primary,population_native,expression,native_omic_units,path_length[B],500,500,0,38.85588680596242,1.7016914863600812,38.85676642304155
magnitude,0.02,power_primary-e4cb568a74d3,power_primary,population_native,expression,native_omic_units,shape,500,500,0,1.2890304344592702e-15,3.3413067028804753e-16,1.2301142309633023e-15
magnitude,0.02,power_primary-e4cb568a74d3,power_primary,population_native,methylation,native_omic_units,angle,500,500,0,0.7200005474449884,11.372786807604493,0.0
magnitude,0.02,power_primary-e4cb568a74d3,power_primary,population_native,methylation,native_omic_units,delta,500,500,0,0.9717679285225915,0.03883380702489554,0.9722439152007496
magnitude,0.02,power_primary-e4cb568a74d3,power_primary,population_native,methylation,native_omic_units,path_length[A],500,500,0,48.58839642612972,1.9416903512447894,48.61219576003766
magnitude,0.02,power_primary-e4cb568a74d3,power_primary,population_native,methylation,native_omic_units,path_length[B],500,500,0,49.560164354652194,1.9805241582696853,49.58443967523841
magnitude,0.02,power_primary-e4cb568a74d3,power_primary,population_native,methylation,native_omic_units,shape,500,500,0,1.4261406890734407e-15,3.527195017168805e-16,1.3707943228048154e-15
magnitude,0.02,power_primary-e4cb568a74d3,power_primary,population_native,proteomics,native_omic_units,angle,500,500,0,0.36000060904811265,8.049844691707232,0.0
magnitude,0.02,power_primary-e4cb568a74d3,power_primary,population_native,proteomics,native_omic_units,delta,500,500,0,0.8444837671279251,0.040901425145566904,0.845542614887961
magnitude,0.02,power_primary-e4cb568a74d3,power_primary,population_native,proteomics,native_omic_units,path_length[A],500,500,0,42.224188356396326,2.045071257278377,42.27713074439798
magnitude,0.02,power_primary-e4cb568a74d3,power_primary,population_native,proteomics,native_omic_units,path_length[B],500,500,0,43.06867212352416,2.085972682423942,43.12267335928595
magnitude,0.02,power_primary-e4cb568a74d3,power_primary,population_native,proteomics,native_omic_units,shape,500,500,0,1.479923961612611e-15,4.53864565356397e-16,1.3969662622091334e-15
magnitude,0.02,power_primary-e4cb568a74d3,power_primary,population_standardized,expression,standardized_feature,angle,500,500,0,6.195398344751601e-07,7.535449834499965e-07,0.0
magnitude,0.02,power_primary-e4cb568a74d3,power_primary,population_standardized,expression,standardized_feature,delta,500,500,0,0.6550165315757817,0.029457411891876863,0.6566122973465696
magnitude,0.02,power_primary-e4cb568a74d3,power_primary,population_standardized,expression,standardized_feature,path_length[A],500,500,0,32.75082657878903,1.4728705945938425,32.83061486732853
magnitude,0.02,power_primary-e4cb568a74d3,power_primary,population_standardized,expression,standardized_feature,path_length[B],500,500,0,33.40584311036482,1.5023280064857192,33.4872271646751
magnitude,0.02,power_primary-e4cb568a74d3,power_primary,population_standardized,expression,standardized_feature,shape,500,500,0,9.874802420252392e-16,3.0403564465092777e-16,9.32992800295161e-16
magnitude,0.02,power_primary-e4cb568a74d3,power_primary,population_standardized,joint,standardized_feature,angle,500,500,0,6.436489066412139e-07,7.536518374575837e-07,0.0
magnitude,0.02,power_primary-e4cb568a74d3,power_primary,population_standardized,joint,standardized_feature,delta,500,500,0,1.3566851829183755,0.05398119789348511,1.359828013341911
magnitude,0.02,power_primary-e4cb568a74d3,power_primary,population_standardized,joint,standardized_feature,path_length[A],500,500,0,67.83425914591862,2.699059894674255,67.9914006670958
magnitude,0.02,power_primary-e4cb568a74d3,power_primary,population_standardized,joint,standardized_feature,path_length[B],500,500,0,69.19094432883698,2.75304109256774,69.35122868043771
magnitude,0.02,power_primary-e4cb568a74d3,power_primary,population_standardized,joint,standardized_feature,shape,500,500,0,1.0973426438477812e-15,3.4493856392063796e-16,1.0350940149048792e-15
magnitude,0.02,power_primary-e4cb568a74d3,power_primary,population_standardized,methylation,standardized_feature,angle,500,500,0,5.727414094230309e-07,7.311847489822897e-07,0.0
magnitude,0.02,power_primary-e4cb568a74d3,power_primary,population_standardized,methylation,standardized_feature,delta,500,500,0,0.8588406126472499,0.03488413409179373,0.8579188484573983
magnitude,0.02,power_primary-e4cb568a74d3,power_primary,population_standardized,methylation,standardized_feature,path_length[A],500,500,0,42.942030632362524,1.7442067045896885,42.89594242286979
magnitude,0.02,power_primary-e4cb568a74d3,power_primary,population_standardized,methylation,standardized_feature,path_length[B],500,500,0,43.80087124500979,1.7790908386814832,43.75386127132718
magnitude,0.02,power_primary-e4cb568a74d3,power_primary,population_standardized,methylation,standardized_feature,shape,500,500,0,9.943320171445775e-16,4.0014133239580507e-16,9.228792826393174e-16
magnitude,0.02,power_primary-e4cb568a74d3,power_primary,population_standardized,proteomics,standardized_feature,angle,500,500,0,5.163894445479912e-07,7.27277729549029e-07,0.0
magnitude,0.02,power_primary-e4cb568a74d3,power_primary,population_standardized,proteomics,standardized_feature,delta,500,500,0,0.8198076588252275,0.040158759531112836,0.8203827148512879
magnitude,0.02,power_primary-e4cb568a74d3,power_primary,population_standardized,proteomics,standardized_feature,path_length[A],500,500,0,40.99038294126143,2.0079379765556338,41.019135742564345
magnitude,0.02,power_primary-e4cb568a74d3,power_primary,population_standardized,proteomics,standardized_feature,path_length[B],500,500,0,41.81019060008671,2.0480967360867477,41.83951845741563
magnitude,0.02,power_primary-e4cb568a74d3,power_primary,population_standardized,proteomics,standardized_feature,shape,500,500,0,1.0541894374338246e-15,3.3013644208716037e-16,9.971788028725305e-16
magnitude,0.02,power_primary-e4cb568a74d3,power_primary,observed_standardized,expression,standardized_feature,angle,500,500,0,12.837064195086182,24.698956159264124,7.853698936538107
magnitude,0.02,power_primary-e4cb568a74d3,power_primary,observed_standardized,expression,standardized_feature,delta,500,500,0,0.6343978904292452,0.19283232909086595,0.6389738468255963
magnitude,0.02,power_primary-e4cb568a74d3,power_primary,observed_standardized,expression,standardized_feature,path_length[A],500,500,0,32.907144757396786,1.4601207004046388,32.98323960777485
magnitude,0.02,power_primary-e4cb568a74d3,power_primary,observed_standardized,expression,standardized_feature,path_length[B],500,500,0,33.54154264782603,1.4941883589185923,33.62000844576872
magnitude,0.02,power_primary-e4cb568a74d3,power_primary,observed_standardized,expression,standardized_feature,shape,500,500,0,0.010815237498897495,0.0036887553780319124,0.010571425612972257
magnitude,0.02,power_primary-e4cb568a74d3,power_primary,observed_standardized,joint,standardized_feature,angle,500,500,0,12.658599746164914,24.459105677574087,8.24398883390689
magnitude,0.02,power_primary-e4cb568a74d3,power_primary,observed_standardized,joint,standardized_feature,delta,500,500,0,1.3565054288121778,0.23043215270397197,1.3567898330025017
magnitude,0.02,power_primary-e4cb568a74d3,power_primary,observed_standardized,joint,standardized_feature,path_length[A],500,500,0,68.20941617155913,2.671360735145708,68.30955335439441
magnitude,0.02,power_primary-e4cb568a74d3,power_primary,observed_standardized,joint,standardized_feature,path_length[B],500,500,0,69.56592160037137,2.7339895120247397,69.67456486359646
magnitude,0.02,power_primary-e4cb568a74d3,power_primary,observed_standardized,joint,standardized_feature,shape,500,500,0,0.006101647080576891,0.0024550316183217123,0.005783377351113419
magnitude,0.02,power_primary-e4cb568a74d3,power_primary,observed_standardized,methylation,standardized_feature,angle,500,500,0,18.380835394047395,26.994371830806028,11.31396496372226
magnitude,0.02,power_primary-e4cb568a74d3,power_primary,observed_standardized,methylation,standardized_feature,delta,500,500,0,0.8682763903918552,0.292019516975893,0.8644153091203819
magnitude,0.02,power_primary-e4cb568a74d3,power_primary,observed_standardized,methylation,standardized_feature,path_length[A],500,500,0,43.30894793657356,1.7310949764357728,43.27861018960671
magnitude,0.02,power_primary-e4cb568a74d3,power_primary,observed_standardized,methylation,standardized_feature,path_length[B],500,500,0,44.17606564550287,1.775154981757313,44.158571368605045
magnitude,0.02,power_primary-e4cb568a74d3,power_primary,observed_standardized,methylation,standardized_feature,shape,500,500,0,0.011996875222228552,0.005523854608184048,0.011078295638920689
magnitude,0.02,power_primary-e4cb568a74d3,power_primary,observed_standardized,proteomics,standardized_feature,angle,500,500,0,8.382024259488633,17.10326158857506,6.226769373417376
magnitude,0.02,power_primary-e4cb568a74d3,power_primary,observed_standardized,proteomics,standardized_feature,delta,500,500,0,0.8273268762070783,0.15559171314977294,0.8353619522591238
magnitude,0.02,power_primary-e4cb568a74d3,power_primary,observed_standardized,proteomics,standardized_feature,path_length[A],500,500,0,41.10090176679048,1.9955052523943195,41.17017714762871
magnitude,0.02,power_primary-e4cb568a74d3,power_primary,observed_standardized,proteomics,standardized_feature,path_length[B],500,500,0,41.928228642997595,2.036967714225534,41.96225356461984
magnitude,0.02,power_primary-e4cb568a74d3,power_primary,observed_standardized,proteomics,standardized_feature,shape,500,500,0,0.0066078913831526705,0.002222565701748709,0.006346717059066117
magnitude,0.02,power_primary-e4cb568a74d3,power_primary,pls_latent,joint,pls_latent,angle,500,500,0,7.026720547108902,26.047950601297977,2.17157676202632
magnitude,0.02,power_primary-e4cb568a74d3,power_primary,pls_latent,joint,pls_latent,delta,500,500,0,1.3416870797540623,0.2446135295286267,1.3484419284051867
magnitude,0.02,power_primary-e4cb568a74d3,power_primary,pls_latent,joint,pls_latent,path_length[A],500,500,0,66.98028550336326,4.344039749667759,67.73571098270337
magnitude,0.02,power_primary-e4cb568a74d3,power_primary,pls_latent,joint,pls_latent,path_length[B],500,500,0,68.32197258311729,4.451152409407598,69.13121076622281
magnitude,0.02,power_primary-e4cb568a74d3,power_primary,pls_latent,joint,pls_latent,shape,500,500,0,0.006120189824284598,0.0025223222048823546,0.005741342037167599
magnitude,0.25,power_primary-3538a571bada,power_primary,population_native,expression,native_omic_units,angle,500,500,0,1.0800006049033957,13.914770538613219,0.0
magnitude,0.25,power_primary-3538a571bada,power_primary,population_native,expression,native_omic_units,delta,500,500,0,9.523501668128066,0.41708124665688284,9.523717260549397
magnitude,0.25,power_primary-3538a571bada,power_primary,population_native,expression,native_omic_units,path_length[A],500,500,0,38.094006672512265,1.6683249866275307,38.094869042197594
magnitude,0.25,power_primary-3538a571bada,power_primary,population_native,expression,native_omic_units,path_length[B],500,500,0,47.61750834064029,2.085406233284413,47.61858630274699
magnitude,0.25,power_primary-3538a571bada,power_primary,population_native,expression,native_omic_units,shape,500,500,0,1.3675981695483187e-15,4.2882292112945836e-16,1.2915975996625653e-15
magnitude,0.25,power_primary-3538a571bada,power_primary,population_native,methylation,native_omic_units,angle,500,500,0,0.36000059673772183,8.049844654000465,0.0
magnitude,0.25,power_primary-3538a571bada,power_primary,population_native,methylation,native_omic_units,delta,500,500,0,12.147099106532421,0.4854225878111974,12.153048940009413
magnitude,0.25,power_primary-3538a571bada,power_primary,population_native,methylation,native_omic_units,path_length[A],500,500,0,48.58839642612972,1.9416903512447894,48.61219576003766
magnitude,0.25,power_primary-3538a571bada,power_primary,population_native,methylation,native_omic_units,path_length[B],500,500,0,60.73549553266212,2.4271129390559865,60.76524470004707
magnitude,0.25,power_primary-3538a571bada,power_primary,population_native,methylation,native_omic_units,shape,500,500,0,1.6092481765531687e-15,3.1731282135473924e-16,1.5702476992313961e-15
magnitude,0.25,power_primary-3538a571bada,power_primary,population_native,proteomics,native_omic_units,angle,500,500,0,1.0800005898082783,13.914770552752392,0.0
magnitude,0.25,power_primary-3538a571bada,power_primary,population_native,proteomics,native_omic_units,delta,500,500,0,10.556047089099081,0.5112678143195939,10.569282686099498
magnitude,0.25,power_primary-3538a571bada,power_primary,population_native,proteomics,native_omic_units,path_length[A],500,500,0,42.224188356396326,2.045071257278377,42.27713074439798
magnitude,0.25,power_primary-3538a571bada,power_primary,population_native,proteomics,native_omic_units,path_length[B],500,500,0,52.78023544549537,2.5563390715979692,52.846413430497485
magnitude,0.25,power_primary-3538a571bada,power_primary,population_native,proteomics,native_omic_units,shape,500,500,0,1.4707257867565928e-15,4.1963987840738703e-16,1.3982741513623884e-15
magnitude,0.25,power_primary-3538a571bada,power_primary,population_standardized,expression,standardized_feature,angle,500,500,0,6.267496163490259e-07,7.611028091996725e-07,0.0
magnitude,0.25,power_primary-3538a571bada,power_primary,population_standardized,expression,standardized_feature,delta,500,500,0,7.556566007408164,0.33749558581568156,7.572698238132478
magnitude,0.25,power_primary-3538a571bada,power_primary,population_standardized,expression,standardized_feature,path_length[A],500,500,0,30.226264029632656,1.349982343262726,30.29079295252988
magnitude,0.25,power_primary-3538a571bada,power_primary,population_standardized,expression,standardized_feature,path_length[B],500,500,0,37.78283003704084,1.6874779290784077,37.86349119066236
magnitude,0.25,power_primary-3538a571bada,power_primary,population_standardized,expression,standardized_feature,shape,500,500,0,1.0151300726583748e-15,4.057048211871284e-16,9.379629035136218e-16
magnitude,0.25,power_primary-3538a571bada,power_primary,population_standardized,joint,standardized_feature,angle,500,500,0,6.11605519796169e-07,7.600117844348306e-07,0.0
magnitude,0.25,power_primary-3538a571bada,power_primary,population_standardized,joint,standardized_feature,delta,500,500,0,15.55106830702265,0.614385083779198,15.590564071308364
magnitude,0.25,power_primary-3538a571bada,power_primary,population_standardized,joint,standardized_feature,path_length[A],500,500,0,62.2042732280906,2.4575403351167937,62.36225628523345
magnitude,0.25,power_primary-3538a571bada,power_primary,population_standardized,joint,standardized_feature,path_length[B],500,500,0,77.75534153511322,3.0719254188959932,77.95282035654182
magnitude,0.25,power_primary-3538a571bada,power_primary,population_standardized,joint,standardized_feature,shape,500,500,0,1.085439353796387e-15,2.9681797905088094e-16,1.0307230964559759e-15
magnitude,0.25,power_primary-3538a571bada,power_primary,population_standardized,methylation,standardized_feature,angle,500,500,0,5.817955542989503e-07,7.487832494098294e-07,0.0
magnitude,0.25,power_primary-3538a571bada,power_primary,population_standardized,methylation,standardized_feature,delta,500,500,0,9.918701489241785,0.4000892527817144,9.914793446423442
magnitude,0.25,power_primary-3538a571bada,power_primary,population_standardized,methylation,standardized_feature,path_length[A],500,500,0,39.674805956967134,1.6003570111268595,39.65917378569378
magnitude,0.25,power_primary-3538a571bada,power_primary,population_standardized,methylation,standardized_feature,path_length[B],500,500,0,49.59350744620894,2.000446263908573,49.57396723211722
magnitude,0.25,power_primary-3538a571bada,power_primary,population_standardized,methylation,standardized_feature,shape,500,500,0,1.0028557991654886e-15,4.0253504654081045e-16,9.269991156807645e-16
magnitude,0.25,power_primary-3538a571bada,power_primary,population_standardized,proteomics,standardized_feature,angle,500,500,0,5.72980805627792e-07,7.289957099009457e-07,0.0
magnitude,0.25,power_primary-3538a571bada,power_primary,population_standardized,proteomics,standardized_feature,delta,500,500,0,9.279782037804488,0.4524386394831559,9.288198273378217
magnitude,0.25,power_primary-3538a571bada,power_primary,population_standardized,proteomics,standardized_feature,path_length[A],500,500,0,37.11912815121796,1.8097545579326246,37.15279309351286
magnitude,0.25,power_primary-3538a571bada,power_primary,population_standardized,proteomics,standardized_feature,path_length[B],500,500,0,46.398910189022416,2.26219319741578,46.44099136689108
magnitude,0.25,power_primary-3538a571bada,power_primary,population_standardized,proteomics,standardized_feature,shape,500,500,0,1.059743930848998e-15,3.727499574431837e-16,9.897964123817208e-16
magnitude,0.25,power_primary-3538a571bada,power_primary,observed_standardized,expression,standardized_feature,angle,500,500,0,12.519894749821306,24.8344541257389,7.619264650776991
magnitude,0.25,power_primary-3538a571bada,power_primary,observed_standardized,expression,standardized_feature,delta,500,500,0,7.504535863291493,0.3871918243493838,7.499622677786155
magnitude,0.25,power_primary-3538a571bada,power_primary,observed_standardized,expression,standardized_feature,path_length[A],500,500,0,30.390345777782905,1.3368460667736017,30.46941484152167
magnitude,0.25,power_primary-3538a571bada,power_primary,observed_standardized,expression,standardized_feature,path_length[B],500,500,0,37.89488164107441,1.6793118676732626,37.99605376944933
magnitude,0.25,power_primary-3538a571bada,power_primary,observed_standardized,expression,standardized_feature,shape,500,500,0,0.01002773691473865,0.0034258119545822873,0.009725202703270153
magnitude,0.25,power_primary-3538a571bada,power_primary,observed_standardized,joint,standardized_feature,angle,500,500,0,12.503510644880434,24.504695870607577,8.054707032993496
magnitude,0.25,power_primary-3538a571bada,power_primary,observed_standardized,joint,standardized_feature,delta,500,500,0,15.46677172631318,0.661556464481087,15.474840713221806
magnitude,0.25,power_primary-3538a571bada,power_primary,observed_standardized,joint,standardized_feature,path_length[A],500,500,0,62.60926698047368,2.4287568867572866,62.72911646380416
magnitude,0.25,power_primary-3538a571bada,power_primary,observed_standardized,joint,standardized_feature,path_length[B],500,500,0,78.07603870678689,3.053858880145676,78.205162757213
magnitude,0.25,power_primary-3538a571bada,power_primary,observed_standardized,joint,standardized_feature,shape,500,500,0,0.0058447046624681386,0.0024132466964483785,0.005464796277285886
magnitude,0.25,power_primary-3538a571bada,power_primary,observed_standardized,methylation,standardized_feature,angle,500,500,0,18.622932059338947,28.587148356716785,11.186707898028974
magnitude,0.25,power_primary-3538a571bada,power_primary,observed_standardized,methylation,standardized_feature,delta,500,500,0,9.84605631433419,0.49661478354018207,9.850906560120407
magnitude,0.25,power_primary-3538a571bada,power_primary,observed_standardized,methylation,standardized_feature,path_length[A],500,500,0,40.0698256862425,1.58690246968719,40.050664276700466
magnitude,0.25,power_primary-3538a571bada,power_primary,observed_standardized,methylation,standardized_feature,path_length[B],500,500,0,49.915882000576644,1.9940336173824922,49.88671531061135
magnitude,0.25,power_primary-3538a571bada,power_primary,observed_standardized,methylation,standardized_feature,shape,500,500,0,0.011461030669318382,0.005489470956790777,0.010266294230349624
magnitude,0.25,power_primary-3538a571bada,power_primary,observed_standardized,proteomics,standardized_feature,angle,500,500,0,8.551604127102589,18.475724245025404,6.146689030384701
magnitude,0.25,power_primary-3538a571bada,power_primary,observed_standardized,proteomics,standardized_feature,delta,500,500,0,9.259083266865309,0.47739945319803745,9.274018072377071
magnitude,0.25,power_primary-3538a571bada,power_primary,observed_standardized,proteomics,standardized_feature,path_length[A],500,500,0,37.24083239088768,1.796256966176158,37.30024625749033
magnitude,0.25,power_primary-3538a571bada,power_primary,observed_standardized,proteomics,standardized_feature,path_length[B],500,500,0,46.49991565775299,2.2517901623863703,46.54526360645252
magnitude,0.25,power_primary-3538a571bada,power_primary,observed_standardized,proteomics,standardized_feature,shape,500,500,0,0.006221043891187841,0.002108869866959643,0.006006496435562312
magnitude,0.25,power_primary-3538a571bada,power_primary,pls_latent,joint,pls_latent,angle,500,500,0,6.535110462412677,24.94316844788608,2.0655441458054593
magnitude,0.25,power_primary-3538a571bada,power_primary,pls_latent,joint,pls_latent,delta,500,500,0,15.299495145702869,1.0056405766651135,15.432184094985516
magnitude,0.25,power_primary-3538a571bada,power_primary,pls_latent,joint,pls_latent,path_length[A],500,500,0,61.53550630092576,3.8588188276496025,62.195228088900194
magnitude,0.25,power_primary-3538a571bada,power_primary,pls_latent,joint,pls_latent,path_length[B],500,500,0,76.83500144662855,4.842391557464829,77.67368427765916
magnitude,0.25,power_primary-3538a571bada,power_primary,pls_latent,joint,pls_latent,shape,500,500,0,0.005766834682912055,0.0023753374940584404,0.005341611061479035
magnitude,1.0,power_primary-8bf1d7f9bca2,power_primary,population_native,expression,native_omic_units,angle,500,500,0,0.7200006247237623,11.3727867373254,0.0
magnitude,1.0,power_primary-8bf1d7f9bca2,power_primary,population_native,expression,native_omic_units,delta,500,500,0,38.094006672512265,1.6683249866275307,38.094869042197594
magnitude,1.0,power_primary-8bf1d7f9bca2,power_primary,population_native,expression,native_omic_units,path_length[A],500,500,0,38.094006672512265,1.6683249866275307,38.094869042197594
magnitude,1.0,power_primary-8bf1d7f9bca2,power_primary,population_native,expression,native_omic_units,path_length[B],500,500,0,76.18801334502453,3.3366499732550614,76.18973808439519
magnitude,1.0,power_primary-8bf1d7f9bca2,power_primary,population_native,expression,native_omic_units,shape,500,500,0,1.3283338691687579e-15,3.688251299805074e-16,1.252921362293197e-15
magnitude,1.0,power_primary-8bf1d7f9bca2,power_primary,population_native,methylation,native_omic_units,angle,500,500,0,6.863293496464432e-07,8.284967881515059e-07,0.0
magnitude,1.0,power_primary-8bf1d7f9bca2,power_primary,population_native,methylation,native_omic_units,delta,500,500,0,48.58839642612972,1.9416903512447894,48.61219576003766
magnitude,1.0,power_primary-8bf1d7f9bca2,power_primary,population_native,methylation,native_omic_units,path_length[A],500,500,0,48.58839642612972,1.9416903512447894,48.61219576003766
magnitude,1.0,power_primary-8bf1d7f9bca2,power_primary,population_native,methylation,native_omic_units,path_length[B],500,500,0,97.17679285225944,3.883380702489579,97.22439152007532
magnitude,1.0,power_primary-8bf1d7f9bca2,power_primary,population_native,methylation,native_omic_units,shape,500,500,0,1.6175519106514807e-15,4.1275871122763413e-16,1.5487754453645529e-15
magnitude,1.0,power_primary-8bf1d7f9bca2,power_primary,population_native,proteomics,native_omic_units,angle,500,500,0,0.720000617362065,11.372786803169191,0.0
magnitude,1.0,power_primary-8bf1d7f9bca2,power_primary,population_native,proteomics,native_omic_units,delta,500,500,0,42.224188356396326,2.045071257278377,42.27713074439798
magnitude,1.0,power_primary-8bf1d7f9bca2,power_primary,population_native,proteomics,native_omic_units,path_length[A],500,500,0,42.224188356396326,2.045071257278377,42.27713074439798
magnitude,1.0,power_primary-8bf1d7f9bca2,power_primary,population_native,proteomics,native_omic_units,path_length[B],500,500,0,84.44837671279265,4.090142514556754,84.55426148879596
magnitude,1.0,power_primary-8bf1d7f9bca2,power_primary,population_native,proteomics,native_omic_units,shape,500,500,0,1.50991283391164e-15,4.111265433284807e-16,1.4358283428018675e-15
magnitude,1.0,power_primary-8bf1d7f9bca2,power_primary,population_standardized,expression,standardized_feature,angle,500,500,0,6.420357983398385e-07,7.393894169924151e-07,0.0
magnitude,1.0,power_primary-8bf1d7f9bca2,power_primary,population_standardized,expression,standardized_feature,delta,500,500,0,22.930200054027,1.013351608239739,22.976214670192995
magnitude,1.0,power_primary-8bf1d7f9bca2,power_primary,population_standardized,expression,standardized_feature,path_length[A],500,500,0,22.930200054026994,1.013351608239739,22.976214670192995
magnitude,1.0,power_primary-8bf1d7f9bca2,power_primary,population_standardized,expression,standardized_feature,path_length[B],500,500,0,45.86040010805399,2.026703216479478,45.95242934038599
magnitude,1.0,power_primary-8bf1d7f9bca2,power_primary,population_standardized,expression,standardized_feature,shape,500,500,0,1.0015479135101366e-15,3.9764938641172267e-16,9.292340390014768e-16
magnitude,1.0,power_primary-8bf1d7f9bca2,power_primary,population_standardized,joint,standardized_feature,angle,500,500,0,6.562977423026366e-07,8.094632420382623e-07,0.0
magnitude,1.0,power_primary-8bf1d7f9bca2,power_primary,population_standardized,joint,standardized_feature,delta,500,500,0,46.62564007407097,1.8136835380372198,46.69117461132859
magnitude,1.0,power_primary-8bf1d7f9bca2,power_primary,population_standardized,joint,standardized_feature,path_length[A],500,500,0,46.62564007407097,1.81368353803722,46.69117461132859
magnitude,1.0,power_primary-8bf1d7f9bca2,power_primary,population_standardized,joint,standardized_feature,path_length[B],500,500,0,93.25128014814194,3.6273670760744396,93.38234922265718
magnitude,1.0,power_primary-8bf1d7f9bca2,power_primary,population_standardized,joint,standardized_feature,shape,500,500,0,1.0853168686566174e-15,3.012029322031666e-16,1.0344731936431654e-15
magnitude,1.0,power_primary-8bf1d7f9bca2,power_primary,population_standardized,methylation,standardized_feature,angle,500,500,0,5.990114487169224e-07,7.566003811700636e-07,0.0
magnitude,1.0,power_primary-8bf1d7f9bca2,power_primary,population_standardized,methylation,standardized_feature,delta,500,500,0,30.335125931158498,1.2066373811147648,30.32995266724868
magnitude,1.0,power_primary-8bf1d7f9bca2,power_primary,population_standardized,methylation,standardized_feature,path_length[A],500,500,0,30.335125931158498,1.2066373811147648,30.32995266724868
magnitude,1.0,power_primary-8bf1d7f9bca2,power_primary,population_standardized,methylation,standardized_feature,path_length[B],500,500,0,60.670251862316995,2.4132747622295296,60.65990533449736
magnitude,1.0,power_primary-8bf1d7f9bca2,power_primary,population_standardized,methylation,standardized_feature,shape,500,500,0,9.868521327382098e-16,4.035631723793973e-16,9.10775625383171e-16
magnitude,1.0,power_primary-8bf1d7f9bca2,power_primary,population_standardized,proteomics,standardized_feature,angle,500,500,0,6.725612024115975e-07,8.060050684035421e-07,0.0
magnitude,1.0,power_primary-8bf1d7f9bca2,power_primary,population_standardized,proteomics,standardized_feature,delta,500,500,0,26.941857845715113,1.3064816041421101,26.988818213256632
magnitude,1.0,power_primary-8bf1d7f9bca2,power_primary,population_standardized,proteomics,standardized_feature,path_length[A],500,500,0,26.941857845715113,1.3064816041421101,26.988818213256636
magnitude,1.0,power_primary-8bf1d7f9bca2,power_primary,population_standardized,proteomics,standardized_feature,path_length[B],500,500,0,53.883715691430226,2.6129632082842202,53.97763642651327
magnitude,1.0,power_primary-8bf1d7f9bca2,power_primary,population_standardized,proteomics,standardized_feature,shape,500,500,0,1.0637117214810743e-15,4.0532522500007967e-16,9.871409380713825e-16
magnitude,1.0,power_primary-8bf1d7f9bca2,power_primary,observed_standardized,expression,standardized_feature,angle,500,500,0,12.07330027283574,22.212554827963,8.041668833255372
magnitude,1.0,power_primary-8bf1d7f9bca2,power_primary,observed_standardized,expression,standardized_feature,delta,500,500,0,22.818381003941667,1.0337234974661558,22.85820022727622
magnitude,1.0,power_primary-8bf1d7f9bca2,power_primary,observed_standardized,expression,standardized_feature,path_length[A],500,500,0,23.12130459205877,0.9977148026688204,23.183844825198843
magnitude,1.0,power_primary-8bf1d7f9bca2,power_primary,observed_standardized,expression,standardized_feature,path_length[B],500,500,0,45.93968559600041,2.018435293233526,46.040635481319626
magnitude,1.0,power_primary-8bf1d7f9bca2,power_primary,observed_standardized,expression,standardized_feature,shape,500,500,0,0.009306180116184969,0.0031536437922799745,0.008966752125990417
magnitude,1.0,power_primary-8bf1d7f9bca2,power_primary,observed_standardized,joint,standardized_feature,angle,500,500,0,14.887231874174894,27.64456208972585,9.062436538238451
magnitude,1.0,power_primary-8bf1d7f9bca2,power_primary,observed_standardized,joint,standardized_feature,delta,500,500,0,46.35764819804715,1.8473330823482994,46.41573727242748
magnitude,1.0,power_primary-8bf1d7f9bca2,power_primary,observed_standardized,joint,standardized_feature,path_length[A],500,500,0,47.14097070376822,1.779709416443009,47.23878211645659
magnitude,1.0,power_primary-8bf1d7f9bca2,power_primary,observed_standardized,joint,standardized_feature,path_length[B],500,500,0,93.49861890181519,3.6104103779142247,93.64700272204882
magnitude,1.0,power_primary-8bf1d7f9bca2,power_primary,observed_standardized,joint,standardized_feature,shape,500,500,0,0.006835077869972202,0.003482813854997927,0.005915060709040167
magnitude,1.0,power_primary-8bf1d7f9bca2,power_primary,observed_standardized,methylation,standardized_feature,angle,500,500,0,22.228793508946577,32.3052643845401,12.667783462834048
magnitude,1.0,power_primary-8bf1d7f9bca2,power_primary,observed_standardized,methylation,standardized_feature,delta,500,500,0,30.08319298465564,1.256805502142271,30.067062401060504
magnitude,1.0,power_primary-8bf1d7f9bca2,power_primary,observed_standardized,methylation,standardized_feature,path_length[A],500,500,0,30.83696664024444,1.1940132803610644,30.85933373833607
magnitude,1.0,power_primary-8bf1d7f9bca2,power_primary,observed_standardized,methylation,standardized_feature,path_length[B],500,500,0,60.920159624900066,2.4042242027403815,60.95001466768089
magnitude,1.0,power_primary-8bf1d7f9bca2,power_primary,observed_standardized,methylation,standardized_feature,shape,500,500,0,0.013701359114031688,0.00803651140978334,0.011393883220435788
magnitude,1.0,power_primary-8bf1d7f9bca2,power_primary,observed_standardized,proteomics,standardized_feature,angle,500,500,0,10.51041872570237,23.072400523755533,6.8368314718767635
magnitude,1.0,power_primary-8bf1d7f9bca2,power_primary,observed_standardized,proteomics,standardized_feature,delta,500,500,0,26.858617268472837,1.3220969252444572,26.908805579932157
magnitude,1.0,power_primary-8bf1d7f9bca2,power_primary,observed_standardized,proteomics,standardized_feature,path_length[A],500,500,0,27.104121381227685,1.28780695704989,27.160485662311064
magnitude,1.0,power_primary-8bf1d7f9bca2,power_primary,observed_standardized,proteomics,standardized_feature,path_length[B],500,500,0,53.96273864970052,2.603396725995317,54.05971865375571
magnitude,1.0,power_primary-8bf1d7f9bca2,power_primary,observed_standardized,proteomics,standardized_feature,shape,500,500,0,0.006100123204841657,0.002187993945533737,0.005912382391152769
magnitude,1.0,power_primary-8bf1d7f9bca2,power_primary,pls_latent,joint,pls_latent,angle,500,500,0,8.52897199801491,30.290232435527965,2.1316671700025296
magnitude,1.0,power_primary-8bf1d7f9bca2,power_primary,pls_latent,joint,pls_latent,delta,500,500,0,46.252382156893134,2.488300482975981,46.49544272148357
magnitude,1.0,power_primary-8bf1d7f9bca2,power_primary,pls_latent,joint,pls_latent,path_length[A],500,500,0,46.59670894219806,2.457419054269313,46.8593235047076
magnitude,1.0,power_primary-8bf1d7f9bca2,power_primary,pls_latent,joint,pls_latent,path_length[B],500,500,0,92.84909109909124,4.937337078196632,93.3851440345084
magnitude,1.0,power_primary-8bf1d7f9bca2,power_primary,pls_latent,joint,pls_latent,shape,500,500,0,0.005900713115053054,0.0026012016183369555,0.005331060664111996
none,0.0,power_primary-b68bc66d33f4,power_primary,population_native,expression,native_omic_units,angle,500,500,0,6.692598423746417e-07,8.730295725642744e-07,0.0
none,0.0,power_primary-b68bc66d33f4,power_primary,population_native,expression,native_omic_units,delta,500,500,0,0.0,0.0,0.0
none,0.0,power_primary-b68bc66d33f4,power_primary,population_native,expression,native_omic_units,path_length[A],500,500,0,38.094006672512265,1.6683249866275307,38.094869042197594
none,0.0,power_primary-b68bc66d33f4,power_primary,population_native,expression,native_omic_units,path_length[B],500,500,0,38.094006672512265,1.6683249866275307,38.094869042197594
none,0.0,power_primary-b68bc66d33f4,power_primary,population_native,expression,native_omic_units,shape,500,500,0,1.3663693796126705e-15,4.075463082971021e-16,1.298495320783219e-15
none,0.0,power_primary-b68bc66d33f4,power_primary,population_native,methylation,native_omic_units,angle,500,500,0,7.60920436594978e-07,8.756022689652926e-07,0.0
none,0.0,power_primary-b68bc66d33f4,power_primary,population_native,methylation,native_omic_units,delta,500,500,0,0.0,0.0,0.0
none,0.0,power_primary-b68bc66d33f4,power_primary,population_native,methylation,native_omic_units,path_length[A],500,500,0,48.58839642612972,1.9416903512447894,48.61219576003766
none,0.0,power_primary-b68bc66d33f4,power_primary,population_native,methylation,native_omic_units,path_length[B],500,500,0,48.58839642612972,1.9416903512447894,48.61219576003766
none,0.0,power_primary-b68bc66d33f4,power_primary,population_native,methylation,native_omic_units,shape,500,500,0,1.6235146658024545e-15,4.172092793864688e-16,1.5539883748453183e-15
none,0.0,power_primary-b68bc66d33f4,power_primary,population_native,proteomics,native_omic_units,angle,500,500,0,7.193211559267778e-07,8.97221952824699e-07,0.0
none,0.0,power_primary-b68bc66d33f4,power_primary,population_native,proteomics,native_omic_units,delta,500,500,0,0.0,0.0,0.0
none,0.0,power_primary-b68bc66d33f4,power_primary,population_native,proteomics,native_omic_units,path_length[A],500,500,0,42.224188356396326,2.045071257278377,42.27713074439798
none,0.0,power_primary-b68bc66d33f4,power_primary,population_native,proteomics,native_omic_units,path_length[B],500,500,0,42.224188356396326,2.045071257278377,42.27713074439798
none,0.0,power_primary-b68bc66d33f4,power_primary,population_native,proteomics,native_omic_units,shape,500,500,0,1.5395683486460163e-15,4.446274965410137e-16,1.45851436563814e-15
none,0.0,power_primary-b68bc66d33f4,power_primary,population_standardized,expression,standardized_feature,angle,500,500,0,6.335531058921074e-07,8.20329493085909e-07,0.0
none,0.0,power_primary-b68bc66d33f4,power_primary,population_standardized,expression,standardized_feature,delta,500,500,0,0.0,0.0,0.0
none,0.0,power_primary-b68bc66d33f4,power_primary,population_standardized,expression,standardized_feature,path_length[A],500,500,0,32.966447303732856,1.4835658358060009,33.0446741742487
none,0.0,power_primary-b68bc66d33f4,power_primary,population_standardized,expression,standardized_feature,path_length[B],500,500,0,32.966447303732856,1.4835658358060009,33.0446741742487
none,0.0,power_primary-b68bc66d33f4,power_primary,population_standardized,expression,standardized_feature,shape,500,500,0,9.819803253936678e-16,3.8375996688075637e-16,9.263933934917747e-16
none,0.0,power_primary-b68bc66d33f4,power_primary,population_standardized,joint,standardized_feature,angle,500,500,0,6.964479397116347e-07,8.565861954749944e-07,0.0
none,0.0,power_primary-b68bc66d33f4,power_primary,population_standardized,joint,standardized_feature,delta,500,500,0,0.0,0.0,0.0
none,0.0,power_primary-b68bc66d33f4,power_primary,population_standardized,joint,standardized_feature,path_length[A],500,500,0,68.32361431676122,2.7202805312999945,68.47979761602534
none,0.0,power_primary-b68bc66d33f4,power_primary,population_standardized,joint,standardized_feature,path_length[B],500,500,0,68.32361431676122,2.7202805312999945,68.47979761602534
none,0.0,power_primary-b68bc66d33f4,power_primary,population_standardized,joint,standardized_feature,shape,500,500,0,1.0875324942411904e-15,3.5319850644140297e-16,1.0310427672781764e-15
none,0.0,power_primary-b68bc66d33f4,power_primary,population_standardized,methylation,standardized_feature,angle,500,500,0,7.168419911278372e-07,8.601849640400431e-07,0.0
none,0.0,power_primary-b68bc66d33f4,power_primary,population_standardized,methylation,standardized_feature,delta,500,500,0,0.0,0.0,0.0
none,0.0,power_primary-b68bc66d33f4,power_primary,population_standardized,methylation,standardized_feature,path_length[A],500,500,0,43.22432159526971,1.756814280012616,43.17259035255699
none,0.0,power_primary-b68bc66d33f4,power_primary,population_standardized,methylation,standardized_feature,path_length[B],500,500,0,43.22432159526971,1.756814280012616,43.17259035255699
none,0.0,power_primary-b68bc66d33f4,power_primary,population_standardized,methylation,standardized_feature,shape,500,500,0,9.813036512538758e-16,3.432780180654043e-16,9.169092857328089e-16
none,0.0,power_primary-b68bc66d33f4,power_primary,population_standardized,proteomics,standardized_feature,angle,500,500,0,7.269308847214887e-07,8.404360565882151e-07,0.0
none,0.0,power_primary-b68bc66d33f4,power_primary,population_standardized,proteomics,standardized_feature,delta,500,500,0,0.0,0.0,0.0
none,0.0,power_primary-b68bc66d33f4,power_primary,population_standardized,proteomics,standardized_feature,path_length[A],500,500,0,41.33123336317876,2.0256398395172086,41.36247438979745
none,0.0,power_primary-b68bc66d33f4,power_primary,population_standardized,proteomics,standardized_feature,path_length[B],500,500,0,41.33123336317876,2.0256398395172086,41.36247438979745
none,0.0,power_primary-b68bc66d33f4,power_primary,population_standardized,proteomics,standardized_feature,shape,500,500,0,1.0567614955677942e-15,3.530640190195213e-16,9.930779503092377e-16
none,0.0,power_primary-b68bc66d33f4,power_primary,observed_standardized,expression,standardized_feature,angle,500,500,0,13.228874724647628,25.721041957504955,7.906912773358581
none,0.0,power_primary-b68bc66d33f4,power_primary,observed_standardized,expression,standardized_feature,delta,500,500,0,0.15256746372147367,0.1157053402561015,0.13271284764242353
none,0.0,power_primary-b68bc66d33f4,power_primary,observed_standardized,expression,standardized_feature,path_length[A],500,500,0,33.122093779779796,1.4708445661474971,33.204984757910914
none,0.0,power_primary-b68bc66d33f4,power_primary,observed_standardized,expression,standardized_feature,path_length[B],500,500,0,33.10480200644324,1.4754267130234824,33.18718971055168
none,0.0,power_primary-b68bc66d33f4,power_primary,observed_standardized,expression,standardized_feature,shape,500,500,0,0.010910285875605046,0.0037202394595149467,0.010699122227227343
none,0.0,power_primary-b68bc66d33f4,power_primary,observed_standardized,joint,standardized_feature,angle,500,500,0,13.01758938992463,25.44743445850918,8.269780831923068
none,0.0,power_primary-b68bc66d33f4,power_primary,observed_standardized,joint,standardized_feature,delta,500,500,0,0.17235571666760977,0.14151953532711586,0.14338692943076836
none,0.0,power_primary-b68bc66d33f4,power_primary,observed_standardized,joint,standardized_feature,path_length[A],500,500,0,68.6962677861702,2.692661579135305,68.79460327761666
none,0.0,power_primary-b68bc66d33f4,power_primary,observed_standardized,joint,standardized_feature,path_length[B],500,500,0,68.70471838016029,2.701116777800895,68.80983512917021
none,0.0,power_primary-b68bc66d33f4,power_primary,observed_standardized,joint,standardized_feature,shape,500,500,0,0.0061481541996749375,0.0024753028376837995,0.0058280817228105785
none,0.0,power_primary-b68bc66d33f4,power_primary,observed_standardized,methylation,standardized_feature,angle,500,500,0,18.750324784222798,27.760275764470947,11.382548664902162
none,0.0,power_primary-b68bc66d33f4,power_primary,observed_standardized,methylation,standardized_feature,delta,500,500,0,0.22234125460015397,0.1929345023236428,0.16675389164635845
none,0.0,power_primary-b68bc66d33f4,power_primary,observed_standardized,methylation,standardized_feature,path_length[A],500,500,0,43.588956852813425,1.7437371008924625,43.557180911318284
none,0.0,power_primary-b68bc66d33f4,power_primary,observed_standardized,methylation,standardized_feature,path_length[B],500,500,0,43.60551419105257,1.753198489929213,43.585601350972965
none,0.0,power_primary-b68bc66d33f4,power_primary,observed_standardized,methylation,standardized_feature,shape,500,500,0,0.012097471212178326,0.0055687953307963335,0.011182378192089983
none,0.0,power_primary-b68bc66d33f4,power_primary,observed_standardized,proteomics,standardized_feature,angle,500,500,0,8.744277020339975,18.640124171976098,6.2407872719868855
none,0.0,power_primary-b68bc66d33f4,power_primary,observed_standardized,proteomics,standardized_feature,delta,500,500,0,0.12068259472195611,0.09069701477612614,0.1031264780432366
none,0.0,power_primary-b68bc66d33f4,power_primary,observed_standardized,proteomics,standardized_feature,path_length[A],500,500,0,41.44074354138149,2.0132981330937825,41.51251442025993
none,0.0,power_primary-b68bc66d33f4,power_primary,observed_standardized,proteomics,standardized_feature,path_length[B],500,500,0,41.45114218135811,2.0144344339990714,41.49046983258094
none,0.0,power_primary-b68bc66d33f4,power_primary,observed_standardized,proteomics,standardized_feature,shape,500,500,0,0.006657437128326109,0.0022383537982437283,0.006397389984171862
none,0.0,power_primary-b68bc66d33f4,power_primary,pls_latent,joint,pls_latent,angle,500,500,0,6.698514817608357,24.909438993192623,2.207125566597041
none,0.0,power_primary-b68bc66d33f4,power_primary,pls_latent,joint,pls_latent,delta,500,500,0,0.17197508827285954,0.14070706831856072,0.1421951625154989
none,0.0,power_primary-b68bc66d33f4,power_primary,pls_latent,joint,pls_latent,path_length[A],500,500,0,67.46107466904392,4.3755433854946535,68.22143327312473
none,0.0,power_primary-b68bc66d33f4,power_primary,pls_latent,joint,pls_latent,path_length[B],500,500,0,67.47109784814542,4.396017198849402,68.26740702211879
none,0.0,power_primary-b68bc66d33f4,power_primary,pls_latent,joint,pls_latent,shape,500,500,0,0.006168567652528773,0.0025451187468799887,0.00577563999360736
none,,type_i_baseline-36ead8565098,type_i_baseline,population_native,expression,native_omic_units,angle,500,500,0,7.944813238799353e-07,8.715837615002473e-07,8.537736462515939e-07
none,,type_i_baseline-36ead8565098,type_i_baseline,population_native,expression,native_omic_units,delta,500,500,0,0.0,0.0,0.0
none,,type_i_baseline-36ead8565098,type_i_baseline,population_native,expression,native_omic_units,path_length[A],500,500,0,38.1048698626319,1.631807455735813,38.203068007315466
none,,type_i_baseline-36ead8565098,type_i_baseline,population_native,expression,native_omic_units,path_length[B],500,500,0,38.1048698626319,1.631807455735813,38.203068007315466
none,,type_i_baseline-36ead8565098,type_i_baseline,population_native,expression,native_omic_units,shape,500,500,0,1.3666819100562937e-15,4.623606012353151e-16,1.3042394257777764e-15
none,,type_i_baseline-36ead8565098,type_i_baseline,population_native,methylation,native_omic_units,angle,500,500,0,7.781914931794476e-07,8.984652879548486e-07,0.0
none,,type_i_baseline-36ead8565098,type_i_baseline,population_native,methylation,native_omic_units,delta,500,500,0,0.0,0.0,0.0
none,,type_i_baseline-36ead8565098,type_i_baseline,population_native,methylation,native_omic_units,path_length[A],500,500,0,48.742996378746,1.923447603945268,48.70963542865055
none,,type_i_baseline-36ead8565098,type_i_baseline,population_native,methylation,native_omic_units,path_length[B],500,500,0,48.742996378746,1.923447603945268,48.70963542865055
none,,type_i_baseline-36ead8565098,type_i_baseline,population_native,methylation,native_omic_units,shape,500,500,0,1.6497860411426655e-15,4.426177100107564e-16,1.570105861021528e-15
none,,type_i_baseline-36ead8565098,type_i_baseline,population_native,proteomics,native_omic_units,angle,500,500,0,6.671216707435549e-07,8.440708963635805e-07,0.0
none,,type_i_baseline-36ead8565098,type_i_baseline,population_native,proteomics,native_omic_units,delta,500,500,0,0.0,0.0,0.0
none,,type_i_baseline-36ead8565098,type_i_baseline,population_native,proteomics,native_omic_units,path_length[A],500,500,0,42.17782779848521,1.9620097416866293,42.262496190178005
none,,type_i_baseline-36ead8565098,type_i_baseline,population_native,proteomics,native_omic_units,path_length[B],500,500,0,42.17782779848521,1.9620097416866293,42.262496190178005
none,,type_i_baseline-36ead8565098,type_i_baseline,population_native,proteomics,native_omic_units,shape,500,500,0,1.4991847102146402e-15,3.1980782498858224e-16,1.449845301889618e-15
none,,type_i_baseline-36ead8565098,type_i_baseline,population_standardized,expression,standardized_feature,angle,500,500,0,7.267398918297965e-07,8.603539460529242e-07,0.0
none,,type_i_baseline-36ead8565098,type_i_baseline,population_standardized,expression,standardized_feature,delta,500,500,0,0.0,0.0,0.0
none,,type_i_baseline-36ead8565098,type_i_baseline,population_standardized,expression,standardized_feature,path_length[A],500,500,0,33.01751535163932,1.434929980156885,33.037720006603145
none,,type_i_baseline-36ead8565098,type_i_baseline,population_standardized,expression,standardized_feature,path_length[B],500,500,0,33.01751535163932,1.434929980156885,33.037720006603145
none,,type_i_baseline-36ead8565098,type_i_baseline,population_standardized,expression,standardized_feature,shape,500,500,0,9.814250988900362e-16,3.1329411578990674e-16,9.278178070514822e-16
none,,type_i_baseline-36ead8565098,type_i_baseline,population_standardized,joint,standardized_feature,angle,500,500,0,7.092985449602236e-07,8.664281538991108e-07,0.0
none,,type_i_baseline-36ead8565098,type_i_baseline,population_standardized,joint,standardized_feature,delta,500,500,0,0.0,0.0,0.0
none,,type_i_baseline-36ead8565098,type_i_baseline,population_standardized,joint,standardized_feature,path_length[A],500,500,0,68.45547807628179,2.5903924883137437,68.44103459290778
none,,type_i_baseline-36ead8565098,type_i_baseline,population_standardized,joint,standardized_feature,path_length[B],500,500,0,68.45547807628179,2.5903924883137437,68.44103459290778
none,,type_i_baseline-36ead8565098,type_i_baseline,population_standardized,joint,standardized_feature,shape,500,500,0,1.0607361262426782e-15,2.2257403205345577e-16,1.0284400070060857e-15
none,,type_i_baseline-36ead8565098,type_i_baseline,population_standardized,methylation,standardized_feature,angle,500,500,0,6.766810145787801e-07,8.596657110723657e-07,0.0
none,,type_i_baseline-36ead8565098,type_i_baseline,population_standardized,methylation,standardized_feature,delta,500,500,0,0.0,0.0,0.0
none,,type_i_baseline-36ead8565098,type_i_baseline,population_standardized,methylation,standardized_feature,path_length[A],500,500,0,43.371075180257705,1.7422407675271676,43.264025844782125
none,,type_i_baseline-36ead8565098,type_i_baseline,population_standardized,methylation,standardized_feature,path_length[B],500,500,0,43.371075180257705,1.7422407675271676,43.264025844782125
none,,type_i_baseline-36ead8565098,type_i_baseline,population_standardized,methylation,standardized_feature,shape,500,500,0,9.792690670074702e-16,3.6144792674356716e-16,9.138023408449994e-16
none,,type_i_baseline-36ead8565098,type_i_baseline,population_standardized,proteomics,standardized_feature,angle,500,500,0,6.534451018305616e-07,8.598356687321239e-07,0.0
none,,type_i_baseline-36ead8565098,type_i_baseline,population_standardized,proteomics,standardized_feature,delta,500,500,0,0.0,0.0,0.0
none,,type_i_baseline-36ead8565098,type_i_baseline,population_standardized,proteomics,standardized_feature,path_length[A],500,500,0,41.35251090384678,1.9515259786899235,41.39146408751078
none,,type_i_baseline-36ead8565098,type_i_baseline,population_standardized,proteomics,standardized_feature,path_length[B],500,500,0,41.35251090384678,1.9515259786899235,41.39146408751078
none,,type_i_baseline-36ead8565098,type_i_baseline,population_standardized,proteomics,standardized_feature,shape,500,500,0,1.0166116899353683e-15,2.726148038438238e-16,9.77375893002904e-16
none,,type_i_baseline-36ead8565098,type_i_baseline,observed_standardized,expression,standardized_feature,angle,500,500,0,15.449494585828148,30.413728149882985,8.253864729327429
none,,type_i_baseline-36ead8565098,type_i_baseline,observed_standardized,expression,standardized_feature,delta,500,500,0,0.15321759061161497,0.11525198886709069,0.12908982985807071
none,,type_i_baseline-36ead8565098,type_i_baseline,observed_standardized,expression,standardized_feature,path_length[A],500,500,0,33.15433636333495,1.4278914357760175,33.21040045989581
none,,type_i_baseline-36ead8565098,type_i_baseline,observed_standardized,expression,standardized_feature,path_length[B],500,500,0,33.14923645419928,1.4241228038077989,33.150927976928685
none,,type_i_baseline-36ead8565098,type_i_baseline,observed_standardized,expression,standardized_feature,shape,500,500,0,0.010811480480640802,0.003775149506219549,0.010615652581013428
none,,type_i_baseline-36ead8565098,type_i_baseline,observed_standardized,joint,standardized_feature,angle,500,500,0,13.334969725535606,25.366561030611358,8.34057723291983
none,,type_i_baseline-36ead8565098,type_i_baseline,observed_standardized,joint,standardized_feature,delta,500,500,0,0.17445891131983554,0.15227403267509793,0.14039179975490867
none,,type_i_baseline-36ead8565098,type_i_baseline,observed_standardized,joint,standardized_feature,path_length[A],500,500,0,68.83546471116834,2.5450631346045482,68.8656381818754
none,,type_i_baseline-36ead8565098,type_i_baseline,observed_standardized,joint,standardized_feature,path_length[B],500,500,0,68.81737276081407,2.5804212621885085,68.84406374111472
none,,type_i_baseline-36ead8565098,type_i_baseline,observed_standardized,joint,standardized_feature,shape,500,500,0,0.0060710319557614,0.002454282188337523,0.005824082944533005
none,,type_i_baseline-36ead8565098,type_i_baseline,observed_standardized,methylation,standardized_feature,angle,500,500,0,19.81650326525732,31.193588767526407,11.393715213769855
none,,type_i_baseline-36ead8565098,type_i_baseline,observed_standardized,methylation,standardized_feature,delta,500,500,0,0.2206371960729859,0.2051929066291344,0.17441498809237288
none,,type_i_baseline-36ead8565098,type_i_baseline,observed_standardized,methylation,standardized_feature,path_length[A],500,500,0,43.75565980509666,1.70619054837103,43.636653618836675
none,,type_i_baseline-36ead8565098,type_i_baseline,observed_standardized,methylation,standardized_feature,path_length[B],500,500,0,43.73273398482106,1.7378518415411788,43.70685265226193
none,,type_i_baseline-36ead8565098,type_i_baseline,observed_standardized,methylation,standardized_feature,shape,500,500,0,0.012054883984344901,0.00585819430235815,0.010931566571292215
none,,type_i_baseline-36ead8565098,type_i_baseline,observed_standardized,proteomics,standardized_feature,angle,500,500,0,9.185187590038703,20.861929479434327,6.158506320149943
none,,type_i_baseline-36ead8565098,type_i_baseline,observed_standardized,proteomics,standardized_feature,delta,500,500,0,0.11454855961249176,0.08861087301783986,0.09286101002659564
none,,type_i_baseline-36ead8565098,type_i_baseline,observed_standardized,proteomics,standardized_feature,path_length[A],500,500,0,41.4681094303384,1.925048786592036,41.52752900381326
none,,type_i_baseline-36ead8565098,type_i_baseline,observed_standardized,proteomics,standardized_feature,path_length[B],500,500,0,41.46726746035817,1.9365841020381482,41.48004479258499
none,,type_i_baseline-36ead8565098,type_i_baseline,observed_standardized,proteomics,standardized_feature,shape,500,500,0,0.00642814571638186,0.0022988468226554292,0.006236134187568991
none,,type_i_baseline-36ead8565098,type_i_baseline,pls_latent,joint,pls_latent,angle,500,500,0,6.381768150165541,22.45576796369217,2.3252434661048906
none,,type_i_baseline-36ead8565098,type_i_baseline,pls_latent,joint,pls_latent,delta,500,500,0,0.17566222081556498,0.1554482806375987,0.14275572678299042
none,,type_i_baseline-36ead8565098,type_i_baseline,pls_latent,joint,pls_latent,path_length[A],500,500,0,67.7869099998058,4.2498347511121795,68.40038119033096
none,,type_i_baseline-36ead8565098,type_i_baseline,pls_latent,joint,pls_latent,path_length[B],500,500,0,67.76869609166462,4.259151062683242,68.40739445853585
none,,type_i_baseline-36ead8565098,type_i_baseline,pls_latent,joint,pls_latent,shape,500,500,0,0.006158385470680826,0.0025520120319332505,0.005916998769938163
translation,1.0,type_i_baseline-34269dbb2cc2,type_i_baseline,population_native,expression,native_omic_units,angle,500,500,0,6.628441030003951e-07,8.491629163465933e-07,0.0
translation,1.0,type_i_baseline-34269dbb2cc2,type_i_baseline,population_native,expression,native_omic_units,delta,500,500,0,0.0,0.0,0.0
translation,1.0,type_i_baseline-34269dbb2cc2,type_i_baseline,population_native,expression,native_omic_units,path_length[A],500,500,0,38.19393933043905,1.6977453034331504,38.21004882801369
translation,1.0,type_i_baseline-34269dbb2cc2,type_i_baseline,population_native,expression,native_omic_units,path_length[B],500,500,0,38.19393933043905,1.6977453034331504,38.21004882801369
translation,1.0,type_i_baseline-34269dbb2cc2,type_i_baseline,population_native,expression,native_omic_units,shape,500,500,0,1.3818923394168238e-15,4.874268292081486e-16,1.298752107754011e-15
translation,1.0,type_i_baseline-34269dbb2cc2,type_i_baseline,population_native,methylation,native_omic_units,angle,500,500,0,7.092845289178276e-07,8.605185678196806e-07,0.0
translation,1.0,type_i_baseline-34269dbb2cc2,type_i_baseline,population_native,methylation,native_omic_units,delta,500,500,0,0.0,0.0,0.0
translation,1.0,type_i_baseline-34269dbb2cc2,type_i_baseline,population_native,methylation,native_omic_units,path_length[A],500,500,0,48.70835833244065,2.083150314314859,48.79410965253437
translation,1.0,type_i_baseline-34269dbb2cc2,type_i_baseline,population_native,methylation,native_omic_units,path_length[B],500,500,0,48.70835833244065,2.083150314314859,48.79410965253437
translation,1.0,type_i_baseline-34269dbb2cc2,type_i_baseline,population_native,methylation,native_omic_units,shape,500,500,0,1.6631821881722027e-15,4.55743877760592e-16,1.5728626959883674e-15
translation,1.0,type_i_baseline-34269dbb2cc2,type_i_baseline,population_native,proteomics,native_omic_units,angle,500,500,0,6.861462005263628e-07,8.572424125617981e-07,0.0
translation,1.0,type_i_baseline-34269dbb2cc2,type_i_baseline,population_native,proteomics,native_omic_units,delta,500,500,0,0.0,0.0,0.0
translation,1.0,type_i_baseline-34269dbb2cc2,type_i_baseline,population_native,proteomics,native_omic_units,path_length[A],500,500,0,42.27255682899932,2.041795740632548,42.41662623911205
translation,1.0,type_i_baseline-34269dbb2cc2,type_i_baseline,population_native,proteomics,native_omic_units,path_length[B],500,500,0,42.27255682899932,2.041795740632548,42.41662623911205
translation,1.0,type_i_baseline-34269dbb2cc2,type_i_baseline,population_native,proteomics,native_omic_units,shape,500,500,0,1.5051454296601012e-15,3.6154234091757946e-16,1.4395840688530306e-15
translation,1.0,type_i_baseline-34269dbb2cc2,type_i_baseline,population_standardized,expression,standardized_feature,angle,500,500,0,7.049274062292754e-07,8.775186242931852e-07,0.0
translation,1.0,type_i_baseline-34269dbb2cc2,type_i_baseline,population_standardized,expression,standardized_feature,delta,500,500,0,0.0,0.0,0.0
translation,1.0,type_i_baseline-34269dbb2cc2,type_i_baseline,population_standardized,expression,standardized_feature,path_length[A],500,500,0,33.06571954088973,1.5115788897911167,33.14036127471533
translation,1.0,type_i_baseline-34269dbb2cc2,type_i_baseline,population_standardized,expression,standardized_feature,path_length[B],500,500,0,33.06571954088973,1.5115788897911167,33.14036127471533
translation,1.0,type_i_baseline-34269dbb2cc2,type_i_baseline,population_standardized,expression,standardized_feature,shape,500,500,0,9.95018696849518e-16,3.885684134339751e-16,9.276624125212603e-16
translation,1.0,type_i_baseline-34269dbb2cc2,type_i_baseline,population_standardized,joint,standardized_feature,angle,500,500,0,7.474161232768593e-07,8.780777971346918e-07,0.0
translation,1.0,type_i_baseline-34269dbb2cc2,type_i_baseline,population_standardized,joint,standardized_feature,delta,500,500,0,0.0,0.0,0.0
translation,1.0,type_i_baseline-34269dbb2cc2,type_i_baseline,population_standardized,joint,standardized_feature,path_length[A],500,500,0,68.4974173668308,2.791433495160009,68.64270836790703
translation,1.0,type_i_baseline-34269dbb2cc2,type_i_baseline,population_standardized,joint,standardized_feature,path_length[B],500,500,0,68.4974173668308,2.791433495160009,68.64270836790703
translation,1.0,type_i_baseline-34269dbb2cc2,type_i_baseline,population_standardized,joint,standardized_feature,shape,500,500,0,1.0883569070727357e-15,2.985062408640257e-16,1.0372916726432365e-15
translation,1.0,type_i_baseline-34269dbb2cc2,type_i_baseline,population_standardized,methylation,standardized_feature,angle,500,500,0,6.459962735608621e-07,8.518471713158847e-07,0.0
translation,1.0,type_i_baseline-34269dbb2cc2,type_i_baseline,population_standardized,methylation,standardized_feature,delta,500,500,0,0.0,0.0,0.0
translation,1.0,type_i_baseline-34269dbb2cc2,type_i_baseline,population_standardized,methylation,standardized_feature,path_length[A],500,500,0,43.36647706444413,1.8613162121487823,43.36259885114116
translation,1.0,type_i_baseline-34269dbb2cc2,type_i_baseline,population_standardized,methylation,standardized_feature,path_length[B],500,500,0,43.36647706444413,1.8613162121487823,43.36259885114116
translation,1.0,type_i_baseline-34269dbb2cc2,type_i_baseline,population_standardized,methylation,standardized_feature,shape,500,500,0,9.647217559264046e-16,2.75282484566466e-16,9.166668387879197e-16
translation,1.0,type_i_baseline-34269dbb2cc2,type_i_baseline,population_standardized,proteomics,standardized_feature,angle,500,500,0,7.088703180129197e-07,8.531903503903163e-07,0.0
translation,1.0,type_i_baseline-34269dbb2cc2,type_i_baseline,population_standardized,proteomics,standardized_feature,delta,500,500,0,0.0,0.0,0.0
translation,1.0,type_i_baseline-34269dbb2cc2,type_i_baseline,population_standardized,proteomics,standardized_feature,path_length[A],500,500,0,41.38969363435033,2.0256902029898063,41.47658138104816
translation,1.0,type_i_baseline-34269dbb2cc2,type_i_baseline,population_standardized,proteomics,standardized_feature,path_length[B],500,500,0,41.38969363435033,2.0256902029898063,41.47658138104816
translation,1.0,type_i_baseline-34269dbb2cc2,type_i_baseline,population_standardized,proteomics,standardized_feature,shape,500,500,0,1.0481156478190285e-15,3.684808937594389e-16,9.875217436231196e-16
translation,1.0,type_i_baseline-34269dbb2cc2,type_i_baseline,observed_standardized,expression,standardized_feature,angle,500,500,0,12.355936922686393,25.295133685807144,7.427627627123369
translation,1.0,type_i_baseline-34269dbb2cc2,type_i_baseline,observed_standardized,expression,standardized_feature,delta,500,500,0,0.1456717663106211,0.11184679950129037,0.12476039624694124
translation,1.0,type_i_baseline-34269dbb2cc2,type_i_baseline,observed_standardized,expression,standardized_feature,path_length[A],500,500,0,33.158406681994876,1.5081392679526373,33.23805317912153
translation,1.0,type_i_baseline-34269dbb2cc2,type_i_baseline,observed_standardized,expression,standardized_feature,path_length[B],500,500,0,33.15987558421725,1.4999036762124556,33.22233367013564
translation,1.0,type_i_baseline-34269dbb2cc2,type_i_baseline,observed_standardized,expression,standardized_feature,shape,500,500,0,0.010768387015038426,0.0035384828451762392,0.010481443513680988
translation,1.0,type_i_baseline-34269dbb2cc2,type_i_baseline,observed_standardized,joint,standardized_feature,angle,500,500,0,10.149777026941832,17.089217582822677,7.474860361198688
translation,1.0,type_i_baseline-34269dbb2cc2,type_i_baseline,observed_standardized,joint,standardized_feature,delta,500,500,0,0.16209424681052864,0.13764912942796267,0.12829913513321145
translation,1.0,type_i_baseline-34269dbb2cc2,type_i_baseline,observed_standardized,joint,standardized_feature,path_length[A],500,500,0,68.80014149171444,2.771958334134612,68.94911601103686
translation,1.0,type_i_baseline-34269dbb2cc2,type_i_baseline,observed_standardized,joint,standardized_feature,path_length[B],500,500,0,68.81413009040074,2.766212114914992,68.90213389115618
translation,1.0,type_i_baseline-34269dbb2cc2,type_i_baseline,observed_standardized,joint,standardized_feature,shape,500,500,0,0.005908948952613257,0.00246787310030093,0.005580341170572806
translation,1.0,type_i_baseline-34269dbb2cc2,type_i_baseline,observed_standardized,methylation,standardized_feature,angle,500,500,0,18.461487473752882,29.29193970575016,10.40787719413414
translation,1.0,type_i_baseline-34269dbb2cc2,type_i_baseline,observed_standardized,methylation,standardized_feature,delta,500,500,0,0.20026780207162923,0.1799838923983072,0.15193553578892605
translation,1.0,type_i_baseline-34269dbb2cc2,type_i_baseline,observed_standardized,methylation,standardized_feature,path_length[A],500,500,0,43.70339048245419,1.8496444754089163,43.71843781379691
translation,1.0,type_i_baseline-34269dbb2cc2,type_i_baseline,observed_standardized,methylation,standardized_feature,path_length[B],500,500,0,43.719873372485594,1.8439894402959174,43.6763771021509
translation,1.0,type_i_baseline-34269dbb2cc2,type_i_baseline,observed_standardized,methylation,standardized_feature,shape,500,500,0,0.01157827528929359,0.005921722566579769,0.010561006597335967
translation,1.0,type_i_baseline-34269dbb2cc2,type_i_baseline,observed_standardized,proteomics,standardized_feature,angle,500,500,0,8.165619376234787,20.10911450624525,5.168256133402455
translation,1.0,type_i_baseline-34269dbb2cc2,type_i_baseline,observed_standardized,proteomics,standardized_feature,delta,500,500,0,0.1131486830553011,0.0889360203941808,0.09314895136639123
translation,1.0,type_i_baseline-34269dbb2cc2,type_i_baseline,observed_standardized,proteomics,standardized_feature,path_length[A],500,500,0,41.462482763536286,2.0139986600220117,41.55624785098986
translation,1.0,type_i_baseline-34269dbb2cc2,type_i_baseline,observed_standardized,proteomics,standardized_feature,path_length[B],500,500,0,41.46713637301512,2.017629526064118,41.56277925630843
translation,1.0,type_i_baseline-34269dbb2cc2,type_i_baseline,observed_standardized,proteomics,standardized_feature,shape,500,500,0,0.006522351702044327,0.0021374174707753726,0.006350938188602809
translation,1.0,type_i_baseline-34269dbb2cc2,type_i_baseline,pls_latent,joint,pls_latent,angle,500,500,0,5.031454967931917,18.055099437721633,2.2298767508860147
translation,1.0,type_i_baseline-34269dbb2cc2,type_i_baseline,pls_latent,joint,pls_latent,delta,500,500,0,0.16252772733021323,0.13582049421235418,0.1304943550885227
translation,1.0,type_i_baseline-34269dbb2cc2,type_i_baseline,pls_latent,joint,pls_latent,path_length[A],500,500,0,67.44995269885112,4.655046361602709,68.12549084479767
translation,1.0,type_i_baseline-34269dbb2cc2,type_i_baseline,pls_latent,joint,pls_latent,path_length[B],500,500,0,67.46707840211269,4.663454903771383,68.16821523847742
translation,1.0,type_i_baseline-34269dbb2cc2,type_i_baseline,pls_latent,joint,pls_latent,shape,500,500,0,0.0059645550481495745,0.002511152067057149,0.005607125001758802
