construction,effect_size,joint_delta,joint_angle,joint_shape,ratio_to_all,max_block_angle,max_block_shape
all,0.0,0.0,1.2074182697257333e-06,9.39723771234057e-16,,8.537736462515939e-07,2.922740434756148e-15
all,0.0025,0.06366431049050902,0.06983236126227116,0.00012189785755648493,1.0,2.091309789151873e-06,2.922740434756148e-15
all,0.005,0.1272563972379146,0.13951525463867764,0.00024352844057893422,1.0,8.537736462515939e-07,2.922740434756148e-15
all,0.0075,0.19077573646919177,0.20904896094040004,0.0003648921951962051,1.0,8.537736462515939e-07,2.922740434756148e-15
all,0.01,0.25422181049857784,0.278433761341109,0.00048598957281993166,1.0,8.537736462515939e-07,2.922740434756148e-15
all,0.0125,0.31759410769473106,0.3476699374509069,0.0006068210300127177,1.0,8.537736462515939e-07,2.922740434756148e-15
all,0.015,0.38089212244746307,0.41675777134784786,0.0007273870283570258,1.0,8.537736462515939e-07,2.922740434756148e-15
all,0.0175,0.4441153551346986,0.48569754545653276,0.0008476880343305187,1.0,1.2074182697257333e-06,2.922740434756148e-15
all,0.02,0.5072633120892078,0.5544895426282315,0.0009677245191775926,1.0,8.537736462515939e-07,2.922740434756148e-15
all,0.0225,0.5703355055653674,0.6231340460939485,0.0010874969587875206,1.0,8.537736462515939e-07,2.922740434756148e-15
all,0.025,0.6333314537059209,0.6916313394505085,0.0012070058335705842,1.0,8.537736462515939e-07,2.922740434756148e-15
all,0.0275,0.6962506805084985,0.7599817066811947,0.0013262516283392128,1.0,8.537736462515939e-07,2.922740434756148e-15
all,0.03,0.7590927157924767,0.828185432099406,0.001445234832188765,1.0,1.7075472925031877e-06,2.922740434756148e-15
all,0.0325,0.8218570951653277,0.8962428003726061,0.001563955938381565,1.0,8.537736462515939e-07,2.922740434756148e-15
all,0.035,0.8845433599893653,0.9641540965172167,0.0016824154442315474,1.0,8.537736462515939e-07,2.922740434756148e-15
all,0.0375,0.9471510573481794,1.0319196058640903,0.0018006138509921543,1.0,1.4787793334710982e-06,2.922740434756148e-15
all,0.04,1.0096797400132829,1.0995396140622156,0.0019185516637428676,1.0,1.4787793334710982e-06,2.922740434756148e-15
all,0.0425,1.0721289664104603,1.1670144070754076,0.0020362293912821443,1.0,8.537736462515939e-07,2.922740434756148e-15
all,0.045,1.1344983005864009,1.2343442711649069,0.002153647546018307,1.0,2.091309789151873e-06,2.922740434756148e-15
all,0.0475,1.1967873121751325,1.301529492878638,0.0022708066438627134,1.0,8.537736462515939e-07,2.922740434756148e-15
all,0.05,1.2589955763644838,1.3685703590541116,0.002387707204125967,1.0,8.537736462515939e-07,2.922740434756148e-15
all,0.0525,1.321122673862547,1.4354671567969688,0.0025043497494155074,1.0,8.537736462515939e-07,2.922740434756148e-15
all,0.055,1.383168190864282,1.5022201734711174,0.0026207348055334537,1.0,8.537736462515939e-07,2.922740434756148e-15
all,0.0575,1.4451317190177662,1.5688296967120734,0.0027368629013767754,1.0,8.537736462515939e-07,2.922740434756148e-15
all,0.06,1.5070128553908972,1.6352960143879907,0.002852734568839547,1.0,8.537736462515939e-07,2.922740434756148e-15
all,0.0625,1.5688112024377858,1.7016194146137076,0.0029683503427181037,1.0,1.2074182697257333e-06,2.922740434756148e-15
all,0.065,1.6305263679652597,1.7678001857368282,0.0030837107606123807,1.0,8.537736462515939e-07,2.922740434756148e-15
all,0.0675,1.692157965099483,1.8338386163176055,0.003198816362836458,1.0,8.537736462515939e-07,2.922740434756148e-15
all,0.07,1.7537056122523325,1.8997349951413256,0.0033136676923234193,1.0,8.537736462515939e-07,2.922740434756148e-15
all,0.0725,1.815168933088188,1.96548961119304,0.003428265294537367,1.0,1.2074182697257333e-06,2.922740434756148e-15
all,0.075,1.8765475564903227,2.0311027536589905,0.0035426097173844656,1.0,1.9090959104164224e-06,2.922740434756148e-15
all,0.0775,1.9378411165276646,2.096574711914061,0.003656701511122794,1.0,8.537736462515939e-07,2.922740434756148e-15
all,0.08,1.9990492524213153,2.161905775518624,0.0037705412282791726,1.0,8.537736462515939e-07,2.922740434756148e-15
all,0.0825,2.0601716085114674,2.2270962342038305,0.0038841294235644856,1.0,1.7075472925031877e-06,2.922740434756148e-15
all,0.085,2.121207834223867,2.292146377875944,0.003997466653788465,1.0,8.537736462515939e-07,2.922740434756148e-15
all,0.0875,2.18215758403673,2.3570564965886946,0.004110553477780583,1.0,1.2074182697257333e-06,2.922740434756148e-15
all,0.09,2.2430205174475333,2.4218268805612837,0.004223390456308302,1.0,8.537736462515939e-07,2.922740434756148e-15
all,0.0925,2.3037962989398153,2.4864578201451466,0.004335978151997871,1.0,1.4787793334710982e-06,2.922740434756148e-15
all,0.095,2.364484597950124,2.5509496058392913,0.004448317129257546,1.0,8.537736462515939e-07,2.922740434756148e-15
all,0.0975,2.4250850888349476,2.615302528264966,0.0045604079542007365,1.0,2.091309789151873e-06,2.922740434756148e-15
all,0.1,2.48559745083773,2.6795168781728735,0.004672251194572512,1.0,8.537736462515939e-07,2.922740434756148e-15
all,0.1025,2.5460213680558894,2.743592946423505,0.0047838474196728745,1.0,1.2074182697257333e-06,2.922740434756148e-15
all,0.105,2.6063565294079893,2.8075310239879827,0.004895197200287871,1.0,8.537736462515939e-07,2.922740434756148e-15
all,0.1075,2.6666026286008275,2.87133140193916,0.005006301108616322,1.0,1.2074182697257333e-06,2.922740434756148e-15
all,0.11,2.726759364096708,2.9349943714417757,0.00511715971820084,1.0,8.537736462515939e-07,2.922740434756148e-15
all,0.1125,2.7868264390808264,2.99852022375213,0.0052277736038590416,1.0,8.537736462515939e-07,2.922740434756148e-15
all,0.115,2.84680356142853,3.061909250200991,0.005338143341616377,1.0,8.537736462515939e-07,2.922740434756148e-15
all,0.1175,2.9066904436727015,3.125161742198634,0.005448269508638739,1.0,8.537736462515939e-07,2.922740434756148e-15
all,0.12,2.966486802971417,3.188277991216943,0.005558152683169966,1.0,1.4787793334710982e-06,2.922740434756148e-15
all,0.1225,3.0261923610754025,3.2512582887912758,0.005667793444466073,1.0,8.537736462515939e-07,2.922740434756148e-15
all,0.125,3.0858068442957176,3.314102926508318,0.005777192372732592,1.0,2.561320938754782e-06,2.922740434756148e-15
all,0.1275,3.1453299834715267,3.376812196001609,0.005886350049064754,1.0,1.4787793334710982e-06,2.922740434756148e-15
all,0.13,3.2047615139377967,3.4393863889440928,0.005995267055385091,1.0,1.9090959104164224e-06,2.922740434756148e-15
all,0.1325,3.264101175493323,3.5018257970442224,0.0061039439743859,1.0,1.4787793334710982e-06,2.922740434756148e-15
all,0.135,3.323348712368528,3.564130712034712,0.006212381389470201,1.0,1.2074182697257333e-06,2.922740434756148e-15
all,0.1375,3.38250387319367,3.6263014256708184,0.006320579884693992,1.0,1.2074182697257333e-06,2.922740434756148e-15
all,0.14,3.4415664109668995,3.6883382297204967,0.006428540044712736,1.0,8.537736462515939e-07,2.922740434756148e-15
all,0.1425,3.5005360830224816,3.750241415958946,0.006536262454723161,1.0,1.4787793334710982e-06,2.922740434756148e-15
all,0.145,3.5594126509991355,3.8120112761669223,0.0066437477004122865,1.0,1.2074182697257333e-06,2.922740434756148e-15
all,0.1475,3.6181958808084573,3.87364810211302,0.00675099636790305,1.0,8.537736462515939e-07,2.922740434756148e-15
all,0.15,3.6768855426033724,3.9351521855612286,0.006858009043702821,1.0,8.537736462515939e-07,2.922740434756148e-15
all,0.1525,3.7354814107467007,3.9965238182550396,0.006964786314651709,1.0,2.2588727439225506e-06,2.922740434756148e-15
all,0.155,3.793983263779964,4.057763291915649,0.007071328767874875,1.0,8.537736462515939e-07,2.922740434756148e-15
all,0.1575,3.852390884392051,4.118870898234605,0.007177636990731562,1.0,8.537736462515939e-07,2.922740434756148e-15
all,0.16,3.910704059388152,4.179846928866723,0.007283711570767703,1.0,8.537736462515939e-07,2.922740434756148e-15
all,0.1625,3.968922579658752,4.240691675427078,0.007389553095670131,1.0,8.537736462515939e-07,2.922740434756148e-15
all,0.165,4.027046240148692,4.301405429482447,0.007495162153218906,1.0,8.537736462515939e-07,2.922740434756148e-15
all,0.1675,4.085074839826348,4.361988482544235,0.0076005393312425455,1.0,8.537736462515939e-07,2.922740434756148e-15
all,0.17,4.143008181652959,4.42244112606869,0.007705685217575337,1.0,8.537736462515939e-07,2.922740434756148e-15
all,0.1725,4.200846072552054,4.482763651442634,0.0078106004000122065,1.0,1.9090959104164224e-06,2.922740434756148e-15
all,0.175,4.258588323378845,4.54295634998479,0.007915285466267057,1.0,8.537736462515939e-07,2.922740434756148e-15
all,0.1775,4.316234748889954,4.603019512935435,0.008019741003930395,1.0,8.537736462515939e-07,2.922740434756148e-15
all,0.18,4.373785167713081,4.66295343145305,0.008123967600431487,1.0,8.537736462515939e-07,2.922740434756148e-15
all,0.1825,4.431239402316834,4.722758396606564,0.008227965842993897,1.0,8.537736462515939e-07,2.922740434756148e-15
all,0.185,4.488597278980734,4.782434699373298,0.008331736318600179,1.0,8.537736462515939e-07,2.922740434756148e-15
all,0.1875,4.5458586277651705,4.841982630630029,0.008435279613952582,1.0,1.4787793334710982e-06,2.922740434756148e-15
all,0.19,4.603023282481743,4.901402481148495,0.008538596315435146,1.0,8.537736462515939e-07,2.922740434756148e-15
all,0.1925,4.660091080663307,4.960694541587288,0.008641687009077484,1.0,8.537736462515939e-07,2.922740434756148e-15
all,0.195,4.717061863534639,5.019859102493395,0.008744552280518363,1.0,8.537736462515939e-07,2.922740434756148e-15
all,0.1975,4.773935475982796,5.078896454289867,0.008847192714972618,1.0,1.2074182697257333e-06,2.922740434756148e-15
all,0.2,4.8307117665277275,5.13780688727099,0.008949608897194579,1.0,8.537736462515939e-07,2.922740434756148e-15
all,0.2025,4.887390587293197,5.196590691601885,0.009051801411445468,1.0,8.537736462515939e-07,2.922740434756148e-15
all,0.205,4.943971793977525,5.255248157308021,0.009153770841459822,1.0,1.2074182697257333e-06,2.922740434756148e-15
all,0.2075,5.000455245824611,5.313779574271023,0.0092555177704165,1.0,8.537736462515939e-07,2.922740434756148e-15
all,0.21,5.056840805595144,5.372185232226387,0.009357042780902606,1.0,1.2074182697257333e-06,2.922740434756148e-15
all,0.2125,5.113128339537695,5.4304654207530465,0.009458346454886097,1.0,8.537736462515939e-07,2.922740434756148e-15
all,0.215,5.169317717360229,5.488620429272831,0.00955942937368554,1.0,8.537736462515939e-07,2.922740434756148e-15
all,0.2175,5.2254088122014934,5.546650547042564,0.009660292117938915,1.0,8.537736462515939e-07,2.922740434756148e-15
all,0.22,5.281401500602712,5.604556063150799,0.009760935267577956,1.0,8.537736462515939e-07,2.922740434756148e-15
all,0.2225,5.337295662479271,5.662337266509621,0.009861359401796884,1.0,1.2074182697257333e-06,2.922740434756148e-15
all,0.225,5.393091181092643,5.7199944458538186,0.009961565099028824,1.0,8.537736462515939e-07,2.922740434756148e-15
all,0.2275,5.4487879430222605,5.777527889731775,0.010061552936916216,1.0,8.537736462515939e-07,2.922740434756148e-15
all,0.23,5.504385838137857,5.834937886502826,0.010161323492284645,1.0,8.537736462515939e-07,2.922740434756148e-15
all,0.2325,5.559884759571503,5.892224724332784,0.010260877341120795,1.0,8.537736462515939e-07,2.922740434756148e-15
all,0.235,5.615284603690085,5.949388691185963,0.010360215058544167,1.0,8.537736462515939e-07,2.922740434756148e-15
all,0.2375,5.670585270067832,6.006430074823538,0.010459337218784668,1.0,1.7075472925031877e-06,2.922740434756148e-15
all,0.24,5.725786661458898,6.063349162796382,0.010558244395157988,1.0,8.537736462515939e-07,2.922740434756148e-15
all,0.2425,5.780888683770186,6.120146242440661,0.01065693716004407,1.0,8.537736462515939e-07,2.922740434756148e-15
all,0.245,5.8358912460342225,6.176821600875783,0.010755416084863242,1.0,8.537736462515939e-07,2.922740434756148e-15
all,0.2475,5.890794260382194,6.233375524994816,0.010853681740055488,1.0,1.7075472925031877e-06,2.922740434756148e-15
all,0.25,5.945597642017098,6.289808301463407,0.010951734695058096,1.0,8.537736462515939e-07,2.922740434756148e-15
all,0.2525,6.00030130918708,6.346120216713254,0.011049575518285561,1.0,8.537736462515939e-07,2.922740434756148e-15
all,0.255,6.054905183158809,6.4023115569383,0.011147204777109374,1.0,8.537736462515939e-07,2.922740434756148e-15
all,0.2575,6.1094091881911226,6.458382608089266,0.011244623037838419,1.0,8.537736462515939e-07,2.922740434756148e-15
all,0.26,6.163813251508621,6.514333655870172,0.011341830865699067,1.0,8.537736462515939e-07,2.922740434756148e-15
all,0.2625,6.218117303275555,6.570164985732671,0.011438828824817395,1.0,8.537736462515939e-07,2.922740434756148e-15
all,0.265,6.272321276569869,6.6258768828721575,0.011535617478200465,1.0,1.7075472925031877e-06,2.922740434756148e-15
all,0.2675,6.326425107357082,6.681469632223107,0.011632197387719607,1.0,8.537736462515939e-07,2.922740434756148e-15
all,0.27,6.380428734464779,6.736943518453737,0.0117285691140914,1.0,8.537736462515939e-07,2.922740434756148e-15
all,0.2725,6.434332099556791,6.792298825963129,0.011824733216863142,1.0,1.4787793334710982e-06,2.922740434756148e-15
all,0.275,6.488135147107826,6.847535838875253,0.01192069025439548,1.0,8.537736462515939e-07,2.922740434756148e-15
all,0.2775,6.5418378243779856,6.902654841036352,0.012016440783846222,1.0,8.537736462515939e-07,2.922740434756148e-15
all,0.28,6.595440081387693,6.9576561160082395,0.012111985361155595,1.0,1.4787793334710982e-06,2.922740434756148e-15
all,0.2825,6.648941870892486,7.012539947064842,0.012207324541032544,1.0,8.537736462515939e-07,2.922740434756148e-15
all,0.285,6.702343148358096,7.067306617191737,0.012302458876938257,1.0,1.9090959104164224e-06,2.922740434756148e-15
all,0.2875,6.755643871935661,7.1219564090732925,0.01239738892107316,1.0,1.2074182697257333e-06,2.922740434756148e-15
all,0.29,6.808844002436999,7.1764896050978,0.012492115224363727,1.0,8.537736462515939e-07,2.922740434756148e-15
all,0.2925,6.861943503310158,7.23090648734777,0.01258663833644819,1.0,1.4787793334710982e-06,2.922740434756148e-15
all,0.295,6.914942340614914,7.285207337596062,0.012680958805665261,1.0,8.537736462515939e-07,2.922740434756148e-15
all,0.2975,6.96784048299854,7.339392437303769,0.01277507717904111,1.0,8.537736462515939e-07,2.922740434756148e-15
all,0.3,7.020637901671691,7.393462067615964,0.012868994002276996,1.0,8.537736462515939e-07,2.922740434756148e-15
all,0.3025,7.0733345703843895,7.4474165093555476,0.012962709819738549,1.0,2.091309789151873e-06,2.922740434756148e-15
all,0.305,7.125930465402178,7.501256043020134,0.013056225174443246,1.0,2.699869328381916e-06,2.922740434756148e-15
all,0.3075,7.178425565482414,7.554980948780056,0.013149540608051858,1.0,8.537736462515939e-07,2.922740434756148e-15
all,0.31,7.230819851850647,7.608591506472072,0.013242656660856583,1.0,1.2074182697257333e-06,2.922740434756148e-15
all,0.3125,7.283113308177192,7.66208799559618,0.013335573871769655,1.0,8.537736462515939e-07,2.922740434756148e-15
all,0.315,7.3353059205538855,7.715470695311267,0.013428292778317042,1.0,8.537736462515939e-07,2.922740434756148e-15
all,0.3175,7.387397677470801,7.76873988443245,0.01352081391662623,1.0,1.4787793334710982e-06,2.922740434756148e-15
all,0.32,7.439388569793309,7.821895841426144,0.013613137821418238,1.0,8.537736462515939e-07,2.922740434756148e-15
all,0.3225,7.4912785907391,7.874938844406498,0.013705265025999152,1.0,8.537736462515939e-07,2.922740434756148e-15
all,0.325,7.54306773585553,7.927869171132169,0.013797196062250989,1.0,8.537736462515939e-07,2.922740434756148e-15
all,0.3275,7.594756002996874,7.98068709900263,0.013888931460624317,1.0,1.2074182697257333e-06,2.922740434756148e-15
all,0.33,7.646343392301915,8.033392905052708,0.01398047175013134,1.0,1.2074182697257333e-06,2.922740434756148e-15
all,0.3325,7.697829906171648,8.085986865952544,0.014071817458336276,1.0,8.537736462515939e-07,2.922740434756148e-15
all,0.335,7.749215549246898,8.138469257999063,0.014162969111349793,1.0,8.537736462515939e-07,2.922740434756148e-15
all,0.3375,7.800500328386406,8.190840357117764,0.014253927233823096,1.0,8.537736462515939e-07,2.922740434756148e-15
all,0.34,7.851684252644816,8.243100438854475,0.014344692348939045,1.0,8.537736462515939e-07,2.922740434756148e-15
all,0.3425,7.902767333250878,8.295249778375585,0.014435264978407917,1.0,1.7075472925031877e-06,2.922740434756148e-15
all,0.345,7.953749583585761,8.347288650461106,0.01452564564246033,1.0,8.537736462515939e-07,2.922740434756148e-15
all,0.3475,8.00463101916155,8.399217329504605,0.014615834859842261,1.0,8.537736462515939e-07,2.922740434756148e-15
all,0.35,8.055411657599912,8.45103608950749,0.01470583314781106,1.0,8.537736462515939e-07,2.922740434756148e-15
all,0.3525,8.106091518610626,8.502745204075815,0.014795641022125564,1.0,1.2074182697257333e-06,2.922740434756148e-15
all,0.355,8.156670623970683,8.554344946418865,0.0148852589970475,1.0,1.2074182697257333e-06,2.922740434756148e-15
all,0.3575,8.207148997503197,8.605835589342572,0.014974687585331777,1.0,2.561320938754782e-06,2.922740434756148e-15
all,0.36,8.257526665056517,8.657217405250512,0.01506392729822536,1.0,8.537736462515939e-07,2.922740434756148e-15
all,0.3625,8.307803654483578,8.708490666136456,0.015152978645462315,1.0,1.7075472925031877e-06,2.922740434756148e-15
all,0.365,8.357979995621221,8.759655643583443,0.015241842135258853,1.0,2.2588727439225506e-06,2.922740434756148e-15
all,0.3675,8.408055720269843,8.810712608760825,0.015330518274310976,1.0,8.537736462515939e-07,2.922740434756148e-15
all,0.37,8.45803086217299,8.861661832420046,0.015419007567791259,1.0,8.537736462515939e-07,2.922740434756148e-15
all,0.3725,8.507905456997186,8.912503584891216,0.015507310519343984,1.0,1.7075472925031877e-06,2.922740434756148e-15
all,0.375,8.557679542311902,8.963238136082706,0.015595427631084704,1.0,8.537736462515939e-07,2.922740434756148e-15
all,0.3775,8.60735315756967,9.013865755474757,0.015683359403595682,1.0,1.4787793334710982e-06,2.922740434756148e-15
all,0.38,8.656926344086173,9.064386712118894,0.015771106335923837,1.0,8.537736462515939e-07,2.922740434756148e-15
all,0.3825,8.706399145020683,9.114801274633306,0.015858668925578773,1.0,8.537736462515939e-07,2.922740434756148e-15
all,0.385,8.755771605356543,9.165109711201142,0.015946047668531055,1.0,8.537736462515939e-07,2.922740434756148e-15
all,0.3875,8.805043771881678,9.215312289568022,0.016033243059208637,1.0,8.537736462515939e-07,2.922740434756148e-15
all,0.39,8.85421569316943,9.265409277035767,0.016120255590498136,1.0,8.537736462515939e-07,2.922740434756148e-15
all,0.3925,8.903287419559362,9.315400940464977,0.01620708575373955,1.0,8.537736462515939e-07,2.922740434756148e-15
all,0.395,8.952259003138337,9.365287546269274,0.016293734038728785,1.0,8.537736462515939e-07,2.922740434756148e-15
all,0.3975,9.001130497721519,9.41506936041004,0.016380200933713576,1.0,2.091309789151873e-06,2.922740434756148e-15
all,0.4,9.049901958833715,9.46474664839993,0.01646648692539457,1.0,8.537736462515939e-07,2.922740434756148e-15
all,0.4025,9.098573443690753,9.514319675294441,0.01655259249892347,1.0,8.537736462515939e-07,2.922740434756148e-15
all,0.405,9.147145011180953,9.563788705691179,0.016638518137902843,1.0,8.537736462515939e-07,2.922740434756148e-15
all,0.4075,9.19561672184689,9.613154003728948,0.01672426432438612,1.0,1.4787793334710982e-06,2.922740434756148e-15
all,0.41,9.243988637866963,9.66241583308388,0.016809831538875702,1.0,8.537736462515939e-07,2.922740434756148e-15
all,0.4125,9.292260823037495,9.711574456965755,0.016895220260325517,1.0,1.9090959104164224e-06,2.922740434756148e-15
all,0.415,9.340433342754636,9.760630138116996,0.016980430966138525,1.0,1.9090959104164224e-06,2.922740434756148e-15
all,0.4175,9.388506263996533,9.80958313880979,0.01706546413216858,1.0,8.537736462515939e-07,2.922740434756148e-15
all,0.42,9.436479655305689,9.858433720843923,0.017150320232720485,1.0,8.537736462515939e-07,2.922740434756148e-15
all,0.4225,9.484353586771277,9.907182145543137,0.01723499974055046,1.0,1.4787793334710982e-06,2.922740434756148e-15
all,0.425,9.532128130011642,9.955828673755303,0.01731950312686618,1.0,8.537736462515939e-07,2.922740434756148e-15
all,0.4275,9.579803358157108,10.004373565846882,0.017403830861328556,1.0,1.4787793334710982e-06,2.922740434756148e-15
all,0.43,9.627379345832608,10.05281708170349,0.017487983412052183,1.0,8.537736462515939e-07,2.922740434756148e-15
all,0.4325,9.674856169140682,10.101159480725435,0.017571961245607236,1.0,8.537736462515939e-07,2.922740434756148e-15
all,0.435,9.722233905644423,10.149401021826925,0.017655764827019246,1.0,8.537736462515939e-07,2.922740434756148e-15
all,0.4375,9.769512634350725,10.197541963433247,0.017739394619771347,1.0,8.537736462515939e-07,2.922740434756148e-15
all,0.44,9.816692435693476,10.245582563479672,0.017822851085806383,1.0,8.537736462515939e-07,2.922740434756148e-15
all,0.4425,9.863773391516958,10.293523079406258,0.01790613468552696,1.0,8.537736462515939e-07,2.922740434756148e-15
all,0.445,9.910755585059476,10.341363768160596,0.01798924587779837,1.0,8.537736462515939e-07,2.922740434756148e-15
all,0.4475,9.95763910093683,10.389104886189969,0.018072185119950287,1.0,1.7075472925031877e-06,2.922740434756148e-15
all,0.45,10.004424025126184,10.436746689445572,0.018154952867778018,1.0,8.537736462515939e-07,2.922740434756148e-15
all,0.4525,10.051110444949941,10.48428943337488,0.018237549575545915,1.0,8.537736462515939e-07,2.922740434756148e-15
all,0.455,10.097698449059713,10.531733372923807,0.018319975695987936,1.0,8.537736462515939e-07,2.922740434756148e-15
all,0.4575,10.144188127420406,10.57907876253222,0.018402231680311465,1.0,8.537736462515939e-07,2.922740434756148e-15
all,0.46,10.190579571294606,10.62632585613344,0.018484317978198054,1.0,8.537736462515939e-07,2.922740434756148e-15
all,0.4625,10.236872873226723,10.67347490715159,0.018566235037807584,1.0,8.537736462515939e-07,2.922740434756148e-15
all,0.465,10.283068127027676,10.720526168499946,0.01864798330577995,1.0,8.537736462515939e-07,2.922740434756148e-15
all,0.4675,10.3291654277593,10.767479892579269,0.01872956322723787,1.0,8.537736462515939e-07,2.922740434756148e-15
all,0.47,10.375164871719207,10.814336331276788,0.018810975245789643,1.0,8.537736462515939e-07,2.922740434756148e-15
all,0.4725,10.421066556425544,10.861095735963053,0.01889221980353143,1.0,8.537736462515939e-07,2.922740434756148e-15
all,0.475,10.46687058060187,10.907758357491067,0.018973297341052475,1.0,8.537736462515939e-07,2.922740434756148e-15
all,0.4775,10.512577044162384,10.954324446194018,0.019054208297435062,1.0,1.2074182697257333e-06,2.922740434756148e-15
all,0.48,10.558186048196873,11.000794251884736,0.019134953110259558,1.0,8.537736462515939e-07,2.922740434756148e-15
all,0.4825,10.603697694956253,11.047168023853246,0.01921553221560717,1.0,8.537736462515939e-07,2.922740434756148e-15
all,0.485,10.649112087837715,11.093446010865586,0.01929594604806321,1.0,1.7075472925031877e-06,2.922740434756148e-15
all,0.4875,10.694429331370443,11.139628461161081,0.019376195040720034,1.0,8.537736462515939e-07,2.922740434756148e-15
all,0.49,10.739649531201096,11.18571562245321,0.01945627962518282,1.0,8.537736462515939e-07,2.922740434756148e-15
all,0.4925,10.784772794079608,11.231707741925876,0.01953620023156857,1.0,8.537736462515939e-07,2.922740434756148e-15
all,0.495,10.829799227845058,11.27760506623289,0.019615957288513047,1.0,8.537736462515939e-07,2.922740434756148e-15
all,0.4975,10.87472894141159,11.323407841497248,0.019695551223175244,1.0,8.537736462515939e-07,2.922740434756148e-15
all,0.5,10.919562044754493,11.36911631330784,0.019774982461237746,1.0,8.537736462515939e-07,2.922740434756148e-15
all,0.5025,10.964298648896374,11.414730726720133,0.019854251426912634,1.0,8.537736462515939e-07,2.922740434756148e-15
all,0.505,11.00893886589349,11.460251326253534,0.019933358542946207,1.0,1.9090959104164224e-06,2.922740434756148e-15
all,0.5075,11.053482808822082,11.505678355891135,0.020012304230620163,1.0,8.537736462515939e-07,2.922740434756148e-15
all,0.51,11.097930591764928,11.55101205907654,0.02009108890975725,1.0,8.537736462515939e-07,2.922740434756148e-15
all,0.5125,11.14228232979795,11.596252678715608,0.020169712998726372,1.0,8.537736462515939e-07,2.922740434756148e-15
all,0.515,11.1865381389769,11.641400457172972,0.020248176914444044,1.0,8.537736462515939e-07,2.922740434756148e-15
all,0.5175,11.230698136324285,11.6864556362711,0.02032648107238053,1.0,8.537736462515939e-07,2.922740434756148e-15
all,0.52,11.27476243981615,11.731418457289937,0.020404625886563103,1.0,8.537736462515939e-07,2.922740434756148e-15
all,0.5225,11.318731168369276,11.776289160965174,0.020482611769580505,1.0,8.537736462515939e-07,2.922740434756148e-15
all,0.525,11.362604441828218,11.821067987488073,0.020560439132587593,1.0,8.537736462515939e-07,2.922740434756148e-15
all,0.5275,11.406382380952579,11.865755176502715,0.02063810838530942,1.0,8.537736462515939e-07,2.922740434756148e-15
all,0.53,11.450065107404406,11.91035096710719,0.02071561993604437,1.0,1.2074182697257333e-06,2.922740434756148e-15
all,0.5325,11.493652743735595,11.954855597850477,0.02079297419167148,1.0,8.537736462515939e-07,2.922740434756148e-15
all,0.535,11.537145413375455,11.999269306733098,0.02087017155765192,1.0,8.537736462515939e-07,2.922740434756148e-15
all,0.5375,11.580543240618397,12.043592331204716,0.020947212438035153,1.0,1.7075472925031877e-06,2.922740434756148e-15
all,0.54,11.623846350611714,12.087824908165627,0.021024097235461694,1.0,8.537736462515939e-07,2.922740434756148e-15
all,0.5425,11.66705486934336,12.131967273962431,0.021100826351171796,1.0,1.2074182697257333e-06,2.922740434756148e-15
all,0.545,11.710168923630007,12.176019664389772,0.021177400185005052,1.0,1.7075472925031877e-06,2.922740434756148e-15
all,0.5475,11.753188641105112,12.219982314689725,0.02125381913540737,1.0,8.537736462515939e-07,2.922740434756148e-15
all,0.55,11.796114150206918,12.263855459548967,0.021330083599436535,1.0,1.2074182697257333e-06,2.922740434756148e-15
all,0.5525,11.83894558016695,12.30763933309877,0.021406193972765258,1.0,8.537736462515939e-07,2.922740434756148e-15
all,0.555,11.881683060998249,12.351334168916203,0.021482150649686744,1.0,8.537736462515939e-07,2.922740434756148e-15
all,0.5575,11.92432672348383,12.394940200019928,0.021557954023119164,1.0,8.537736462515939e-07,2.922740434756148e-15
all,0.56,11.966876699165269,12.438457658873041,0.021633604484610203,1.0,8.537736462515939e-07,2.922740434756148e-15
all,0.5625,12.00933312033132,12.481886777380266,0.02170910242434297,1.0,8.537736462515939e-07,2.922740434756148e-15
all,0.565,12.05169612000671,12.525227786887024,0.021784448231140188,1.0,8.537736462515939e-07,2.922740434756148e-15
all,0.5675,12.093965831940977,12.568480918180855,0.021859642292468614,1.0,1.9090959104164224e-06,2.922740434756148e-15
all,0.57,12.13614239059735,12.611646401488999,0.021934684994443947,1.0,1.9090959104164224e-06,2.922740434756148e-15
all,0.5725,12.178225931141867,12.654724466478628,0.02200957672183673,1.0,8.537736462515939e-07,2.922740434756148e-15
all,0.575,12.220216589432411,12.69771534225573,0.02208431785807631,1.0,8.537736462515939e-07,2.922740434756148e-15
all,0.5775,12.262114502008046,12.740619257365692,0.022158908785256122,1.0,1.9090959104164224e-06,2.922740434756148e-15
all,0.58,12.303919806078234,12.783436439792023,0.022233349884139667,1.0,8.537736462515939e-07,2.922740434756148e-15
all,0.5825,12.345632639512218,12.826167116955734,0.022307641534163012,1.0,8.537736462515939e-07,2.922740434756148e-15
all,0.585,12.387253140828648,12.868811515715901,0.02238178411344231,1.0,8.537736462515939e-07,2.922740434756148e-15
all,0.5875,12.428781449185067,12.91136986236784,0.022455777998777664,1.0,8.537736462515939e-07,2.922740434756148e-15
all,0.59,12.470217704367585,12.953842382643654,0.022529623565658925,1.0,8.537736462515939e-07,2.922740434756148e-15
all,0.5925,12.51156204678071,12.996229301712171,0.022603321188268563,1.0,8.537736462515939e-07,2.922740434756148e-15
all,0.595,12.55281461743715,13.038530844177954,0.022676871239489794,1.0,1.7075472925031877e-06,2.922740434756148e-15
all,0.5975,12.593975557947772,13.080747234080896,0.02275027409091,1.0,8.537736462515939e-07,2.922740434756148e-15
all,0.6,12.635045010511682,13.122878694896684,0.022823530112825736,1.0,8.537736462515939e-07,2.922740434756148e-15
all,0.6025,12.676023117906297,13.164925449536039,0.02289663967424797,1.0,8.537736462515939e-07,2.922740434756148e-15
all,0.605,12.71691002347751,13.206887720344469,0.022969603142907302,1.0,1.7075472925031877e-06,2.922740434756148e-15
all,0.6075,12.75770587113012,13.248765729101839,0.023042420885259873,1.0,8.537736462515939e-07,2.922740434756148e-15
all,0.61,12.798410805318106,13.290559697022996,0.023115093266491363,1.0,8.537736462515939e-07,2.922740434756148e-15
all,0.6125,12.839024971035087,13.3322698447572,0.023187620650521868,1.0,1.9090959104164224e-06,2.922740434756148e-15
all,0.615,12.879548513804963,13.373896392386884,0.023260003400012098,1.0,8.537736462515939e-07,2.922740434756148e-15
all,0.6175,12.91998157967248,13.41543955943031,0.023332241876368797,1.0,8.537736462515939e-07,2.922740434756148e-15
all,0.62,12.960324315193986,13.456899564837778,0.023404336439747667,1.0,8.537736462515939e-07,2.922740434756148e-15
all,0.6225,13.000576867428165,13.498276626994809,0.023476287449062272,1.0,1.4787793334710982e-06,2.922740434756148e-15
all,0.625,13.040739383927047,13.539570963720578,0.023548095261983787,1.0,8.537736462515939e-07,2.922740434756148e-15
all,0.6275,13.080812012726838,13.58078279226742,0.023619760234952162,1.0,1.7075472925031877e-06,2.922740434756148e-15
all,0.63,13.120794902339085,13.621912329322049,0.023691282723176877,1.0,8.537736462515939e-07,2.922740434756148e-15
all,0.6325,13.160688201741763,13.662959791004928,0.023762663080644113,1.0,1.9090959104164224e-06,2.922740434756148e-15
all,0.635,13.200492060370458,13.703925392870175,0.023833901660121695,1.0,8.537736462515939e-07,2.922740434756148e-15
all,0.6375,13.24020662810969,13.744809349905895,0.023904998813163353,1.0,1.4787793334710982e-06,2.922740434756148e-15
all,0.64,13.279832055284302,13.785611876534595,0.02397595489011483,1.0,8.537736462515939e-07,2.922740434756148e-15
all,0.6425,13.31936849265088,13.82633318661192,0.024046770240119045,1.0,2.091309789151873e-06,2.922740434756148e-15
all,0.645,13.358816091389258,13.86697349342895,0.02411744521111996,1.0,8.537736462515939e-07,2.922740434756148e-15
all,0.6475,13.398175003094224,13.907533009709681,0.024187980149869632,1.0,8.537736462515939e-07,2.922740434756148e-15
all,0.65,13.437445379767098,13.948011947613951,0.024258375401932264,1.0,8.537736462515939e-07,2.922740434756148e-15
all,0.6525,13.476627373807517,13.988410518734938,0.024328631311688557,1.0,1.4787793334710982e-06,2.922740434756148e-15
all,0.655,13.515721138005375,14.028728934102286,0.024398748222342996,1.0,1.7075472925031877e-06,2.922740434756148e-15
all,0.6575,13.554726825532526,14.068967404179071,0.02446872647592667,1.0,8.537736462515939e-07,2.922740434756148e-15
all,0.66,13.59364458993499,14.109126138864173,0.024538566413304267,1.0,8.537736462515939e-07,2.922740434756148e-15
all,0.6625,13.632474585124925,14.149205347493162,0.02460826837417797,1.0,8.537736462515939e-07,2.922740434756148e-15
all,0.665,13.671216965372722,14.189205238835683,0.024677832697093127,1.0,8.537736462515939e-07,2.922740434756148e-15
all,0.6675,13.7098718852993,14.229126021098844,0.0247472597194427,1.0,8.537736462515939e-07,2.922740434756148e-15
all,0.67,13.748439499868333,14.268967901924977,0.024816549777473666,1.0,8.537736462515939e-07,2.922740434756148e-15
all,0.6725,13.78691996437864,14.30873108839443,0.02488570320629067,1.0,8.537736462515939e-07,2.922740434756148e-15
all,0.675,13.825313434456618,14.348415787023256,0.024954720339862027,1.0,2.2588727439225506e-06,2.922740434756148e-15
all,0.6775,13.86362006604866,14.388022203766445,0.02502360151102449,1.0,8.537736462515939e-07,2.922740434756148e-15
all,0.68,13.901840015413917,14.427550544015702,0.025092347051487413,1.0,8.537736462515939e-07,2.922740434756148e-15
all,0.6825,13.93997343911672,14.467001012600946,0.025160957291840036,1.0,8.537736462515939e-07,2.922740434756148e-15
all,0.685,13.978020494019447,14.506373813791669,0.02522943256155472,1.0,1.4787793334710982e-06,2.922740434756148e-15
all,0.6875,14.015981337275242,14.545669151295431,0.02529777318899224,1.0,8.537736462515939e-07,2.922740434756148e-15
all,0.69,14.053856126320895,14.584887228259523,0.025365979501406274,1.0,8.537736462515939e-07,2.922740434756148e-15
all,0.6925,14.09164501886977,14.624028247271127,0.025434051824950343,1.0,8.537736462515939e-07,2.922740434756148e-15
all,0.695,14.129348172904749,14.663092410358798,0.02550199048468073,1.0,8.537736462515939e-07,2.922740434756148e-15
all,0.6975,14.166965746671366,14.702079918990217,0.025569795804562288,1.0,8.537736462515939e-07,2.922740434756148e-15
all,0.7,14.204497898670823,14.740990974075899,0.02563746810747446,1.0,8.537736462515939e-07,2.922740434756148e-15
all,0.7025,14.24194478765331,14.779825775967957,0.025705007715213866,1.0,8.537736462515939e-07,2.922740434756148e-15
all,0.705,14.279306572611176,14.81858452446094,0.025772414948500893,1.0,8.537736462515939e-07,2.922740434756148e-15
all,0.7075,14.316583412772275,14.857267418792272,0.025839690126984324,1.0,8.537736462515939e-07,2.922740434756148e-15
all,0.71,14.353775467593373,14.895874657643292,0.025906833569246637,1.0,1.4787793334710982e-06,2.922740434756148e-15
all,0.7125,14.390882896753624,14.93440643913935,0.025973845592808176,1.0,8.537736462515939e-07,2.922740434756148e-15
all,0.715,14.427905860147973,14.97286296085049,0.026040726514131588,1.0,8.537736462515939e-07,2.922740434756148e-15
all,0.7175,14.464844517880913,15.01124441979227,0.026107476648628215,1.0,1.2074182697257333e-06,2.922740434756148e-15
all,0.72,14.50169903025997,15.04955101242621,0.02617409631066289,1.0,8.537736462515939e-07,2.922740434756148e-15
all,0.7225,14.53846955778954,15.0877829346609,0.026240585813556278,1.0,8.537736462515939e-07,2.922740434756148e-15
all,0.725,14.575156261164608,15.125940381851892,0.02630694546959204,1.0,8.537736462515939e-07,2.922740434756148e-15
all,0.7275,14.61175930126452,15.164023548802408,0.026373175590022023,1.0,8.537736462515939e-07,2.922740434756148e-15
all,0.73,14.64827883914704,15.202032629765192,0.026439276485068677,1.0,8.537736462515939e-07,2.922740434756148e-15
all,0.7325,14.684715036042078,15.23996781844099,0.026505248463932752,1.0,8.537736462515939e-07,2.922740434756148e-15
all,0.735,14.721068053345974,15.277829307982898,0.026571091834794457,1.0,8.537736462515939e-07,2.922740434756148e-15
all,0.7375,14.757338052615353,15.31561729099235,0.026636806904822757,1.0,8.537736462515939e-07,2.922740434756148e-15
all,0.74,14.7935251955614,15.353331959523658,0.026702393980175473,1.0,2.091309789151873e-06,2.922740434756148e-15
all,0.7425,14.829629644044012,15.390973505083386,0.02676785336600666,1.0,8.537736462515939e-07,2.922740434756148e-15
all,0.745,14.865651560065956,15.428542118630581,0.026833185366472185,1.0,8.537736462515939e-07,2.922740434756148e-15
all,0.7475,14.901591105767437,15.466037990578686,0.02689839028473088,1.0,8.537736462515939e-07,2.922740434756148e-15
all,0.75,14.937448443420166,15.503461310795446,0.026963468422952684,1.0,8.537736462515939e-07,2.922740434756148e-15
all,0.7525,14.973223735422039,15.540812268603858,0.027028420082321265,1.0,1.4787793334710982e-06,2.922740434756148e-15
all,0.755,15.008917144291516,15.578091052783398,0.027093245563039534,1.0,8.537736462515939e-07,2.922740434756148e-15
all,0.7575,15.04452883266211,15.61529785157006,0.027157945164333057,1.0,8.537736462515939e-07,2.922740434756148e-15
all,0.76,15.08005896327711,15.652432852658563,0.0272225191844571,1.0,8.537736462515939e-07,2.922740434756148e-15
all,0.7625,15.115507698984132,15.68949624320149,0.027286967920698943,1.0,1.4787793334710982e-06,2.922740434756148e-15
all,0.765,15.150875202729935,15.726488209811306,0.02735129166938295,1.0,8.537736462515939e-07,2.922740434756148e-15
all,0.7675,15.186161637555088,15.763408938560827,0.02741549072587439,1.0,8.537736462515939e-07,2.922740434756148e-15
all,0.77,15.221367166588877,15.800258614984225,0.02747956538458661,1.0,8.537736462515939e-07,2.922740434756148e-15
all,0.7725,15.256491953044076,15.83703742407772,0.02754351593898239,1.0,8.537736462515939e-07,2.922740434756148e-15
all,0.775,15.291536160211976,15.873745550299967,0.027607342681580563,1.0,1.7075472925031877e-06,2.922740434756148e-15
all,0.7775,15.326499951457336,15.91038317757484,0.02767104590395914,1.0,8.537736462515939e-07,2.922740434756148e-15
all,0.78,15.361383490213406,15.946950489290312,0.02773462589675963,1.0,8.537736462515939e-07,2.922740434756148e-15
all,0.7825,15.396186939977,15.983447668300357,0.02779808294969329,1.0,8.537736462515939e-07,2.922740434756148e-15
all,0.785,15.430910464303693,16.019874896924573,0.027861417351543752,1.0,8.537736462515939e-07,2.922740434756148e-15
all,0.7875,15.465554226802965,16.056232356952304,0.02792462939017195,1.0,8.537736462515939e-07,2.922740434756148e-15
all,0.79,15.500118391133434,16.092520229639874,0.027987719352520535,1.0,8.537736462515939e-07,2.922740434756148e-15
all,0.7925,15.534603120998177,16.128738695713608,0.028050687524617035,1.0,8.537736462515939e-07,2.922740434756148e-15
all,0.795,15.5690085801401,16.164887935370537,0.02811353419158135,1.0,2.091309789151873e-06,2.922740434756148e-15
all,0.7975,15.60333493233729,16.200968128279033,0.028176259637625878,1.0,8.537736462515939e-07,2.922740434756148e-15
all,0.8,15.637582341398414,16.236979453580297,0.028238864146063386,1.0,1.2074182697257333e-06,2.922740434756148e-15
all,0.8025,15.67175097115836,16.272922089888237,0.028301347999309345,1.0,1.4787793334710982e-06,2.922740434756148e-15
all,0.805,15.705840985473586,16.308796215292418,0.028363711478885122,1.0,1.4787793334710982e-06,2.922740434756148e-15
all,0.8075,15.739852548217918,16.34460200735655,0.02842595486542595,1.0,8.537736462515939e-07,2.922740434756148e-15
all,0.81,15.77378582327799,16.38033964312205,0.02848807843868074,1.0,8.537736462515939e-07,2.922740434756148e-15
all,0.8125,15.80764097454906,16.4160092991075,0.02855008247751986,1.0,8.537736462515939e-07,2.922740434756148e-15
all,0.815,15.841418165930705,16.451611151309947,0.02861196725993666,1.0,1.2074182697257333e-06,2.922740434756148e-15
all,0.8175,15.875117561322583,16.487145375206065,0.028673733063053045,1.0,8.537736462515939e-07,2.922740434756148e-15
all,0.82,15.9087393246203,16.522612145753637,0.028735380163123082,1.0,1.2074182697257333e-06,2.922740434756148e-15
all,0.8225,15.942283619711247,16.558011637391537,0.028796908835537646,1.0,1.9090959104164224e-06,2.922740434756148e-15
all,0.825,15.975750610470513,16.593344024041816,0.028858319354827484,1.0,1.4787793334710982e-06,2.922740434756148e-15
all,0.8275,16.009140460756896,16.628609479110878,0.028919611994668165,1.0,8.537736462515939e-07,2.922740434756148e-15
all,0.83,16.042453334408847,16.66380817548888,0.02898078702788359,1.0,8.537736462515939e-07,2.922740434756148e-15
all,0.8325,16.07568939524063,16.698940285553174,0.029041844726450102,1.0,2.561320938754782e-06,2.922740434756148e-15
all,0.835,16.10884880703827,16.73400598116787,0.02910278536150106,1.0,1.7075472925031877e-06,2.922740434756148e-15
all,0.8375,16.141931733555793,16.769005433685265,0.029163609203329874,1.0,8.537736462515939e-07,2.922740434756148e-15
all,0.84,16.174938338511453,16.803938813946868,0.029224316521394726,1.0,1.4787793334710982e-06,2.922740434756148e-15
all,0.8425,16.207868785583813,16.838806292285103,0.029284907584321448,1.0,8.537736462515939e-07,2.922740434756148e-15
all,0.845,16.240723238408172,16.873608038523553,0.029345382659908777,1.0,8.537736462515939e-07,2.922740434756148e-15
all,0.8475,16.27350186057278,16.908344221978478,0.029405742015132227,1.0,1.9090959104164224e-06,2.922740434756148e-15
all,0.85,16.306204815615203,16.943015011460407,0.02946598591614474,1.0,8.537736462515939e-07,2.922740434756148e-15
all,0.8525,16.338832267018788,16.977620575274543,0.029526114628286786,1.0,8.537736462515939e-07,2.922740434756148e-15
all,0.855,16.371384378209058,17.012161081221933,0.02958612841608367,1.0,8.537736462515939e-07,2.922740434756148e-15
all,0.8575,16.403861312550163,17.04663669660162,0.029646027543253746,1.0,8.537736462515939e-07,2.922740434756148e-15
all,0.86,16.43626323334142,17.08104758821044,0.029705812272708874,1.0,8.537736462515939e-07,2.922740434756148e-15
all,0.8625,16.468590303813954,17.115393922344367,0.029765482866562446,1.0,8.537736462515939e-07,2.922740434756148e-15
all,0.865,16.50084268712711,17.149675864801576,0.02982503958612874,1.0,8.537736462515939e-07,2.922740434756148e-15
all,0.8675,16.53302054636538,17.183893580880834,0.029884482691928938,1.0,8.537736462515939e-07,2.922740434756148e-15
all,0.87,16.56512404453477,17.218047235384457,0.029943812443694647,1.0,8.537736462515939e-07,2.922740434756148e-15
all,0.8725,16.597153344559743,17.25213699261883,0.030003029100371847,1.0,8.537736462515939e-07,2.922740434756148e-15
all,0.875,16.629108609279882,17.28616301639552,0.030062132920122702,1.0,8.537736462515939e-07,2.922740434756148e-15
all,0.8775,16.660990001446734,17.320125470034107,0.03012112416033215,1.0,8.537736462515939e-07,2.922740434756148e-15
all,0.88,16.6927976837206,17.354024516359598,0.030180003077608517,1.0,8.537736462515939e-07,2.922740434756148e-15
all,0.8825,16.72453181866743,17.38786031770809,0.03023876992778942,1.0,8.537736462515939e-07,2.922740434756148e-15
all,0.885,16.756192568755736,17.421633035924838,0.030297424965944366,1.0,8.537736462515939e-07,2.922740434756148e-15
all,0.8875,16.787780096353544,17.455342832366608,0.03035596844637771,1.0,8.537736462515939e-07,2.922740434756148e-15
all,0.89,16.81929456372535,17.488989867903122,0.030414400622633963,1.0,8.537736462515939e-07,2.922740434756148e-15
all,0.8925,16.850736133029173,17.522574302916986,0.03047272174749989,1.0,8.537736462515939e-07,2.922740434756148e-15
all,0.895,16.88210496631362,17.55609629730722,0.03053093207300739,1.0,8.537736462515939e-07,2.922740434756148e-15
all,0.8975,16.913401225514917,17.589556010487748,0.03058903185043932,1.0,8.537736462515939e-07,2.922740434756148e-15
all,0.9,16.944625072454116,17.622953601390584,0.030647021330331353,1.0,2.091309789151873e-06,2.922740434756148e-15
all,0.9025,16.975776668834207,17.65628922846681,0.030704900762474407,1.0,8.537736462515939e-07,2.922740434756148e-15
all,0.905,17.00685617623735,17.689563049686626,0.030762670395920812,1.0,8.537736462515939e-07,2.922740434756148e-15
all,0.9075,17.03786375612205,17.72277522254155,0.030820330478985834,1.0,8.537736462515939e-07,2.922740434756148e-15
all,0.91,17.068799569820506,17.7559259040458,0.030877881259250846,1.0,8.537736462515939e-07,2.922740434756148e-15
all,0.9125,17.099663778535856,17.789015250736767,0.030935322983567888,1.0,1.9090959104164224e-06,2.922740434756148e-15
all,0.915,17.130456543339548,17.822043418676948,0.03099265589806197,1.0,8.537736462515939e-07,2.922740434756148e-15
all,0.9175,17.161178025168667,17.85501056345507,0.031049880248135077,1.0,1.2074182697257333e-06,2.922740434756148e-15
all,0.92,17.19182838482334,17.887916840186634,0.031106996278469735,1.0,8.537736462515939e-07,2.922740434756148e-15
all,0.9225,17.222407782964268,17.92076240351604,0.031164004233030528,1.0,8.537736462515939e-07,2.922740434756148e-15
all,0.925,17.25291638011001,17.95354740761815,0.031220904355069988,1.0,8.537736462515939e-07,2.922740434756148e-15
all,0.9275,17.283354336634687,17.986272006197538,0.03127769688712865,1.0,1.7075472925031877e-06,2.922740434756148e-15
all,0.93,17.31372181276535,18.018936352492013,0.03133438207104275,1.0,8.537736462515939e-07,2.922740434756148e-15
all,0.9325,17.34401896857969,18.051540599272727,0.03139096014794275,1.0,8.537736462515939e-07,2.922740434756148e-15
all,0.935,17.374245964003435,18.084084898845735,0.03144743135825889,1.0,2.2588727439225506e-06,2.922740434756148e-15
all,0.9375,17.404402958808177,18.11656940305323,0.031503795941724325,1.0,8.537736462515939e-07,2.922740434756148e-15
all,0.94,17.43449011260897,18.14899426327419,0.031560054137378314,1.0,1.9090959104164224e-06,2.922740434756148e-15
all,0.9425,17.46450758486192,18.181359630427302,0.03161620618356796,1.0,1.2074182697257333e-06,2.922740434756148e-15
all,0.945,17.494455534862,18.213665654969958,0.03167225231795396,1.0,1.4787793334710982e-06,2.922740434756148e-15
all,0.9475,17.524334121740836,18.245912486901833,0.03172819277751074,1.0,1.7075472925031877e-06,2.922740434756148e-15
all,0.95,17.55414350446435,18.278100275763894,0.031784027798531574,1.0,8.537736462515939e-07,2.922740434756148e-15
all,0.9525,17.58388384183067,18.31022917064148,0.03183975761663073,1.0,8.537736462515939e-07,2.922740434756148e-15
all,0.955,17.613555292467943,18.342299320164706,0.03189538246674675,1.0,8.537736462515939e-07,2.922740434756148e-15
all,0.9575,17.64315801483221,18.374310872509913,0.031950902583145556,1.0,1.2074182697257333e-06,2.922740434756148e-15
all,0.96,17.672692167205277,18.40626397540089,0.0320063181994237,1.0,8.537736462515939e-07,2.922740434756148e-15
all,0.9625,17.702157907692637,18.438158776110598,0.032061629548510856,1.0,8.537736462515939e-07,2.922740434756148e-15
all,0.965,17.73155539422146,18.46999542146113,0.03211683686267282,1.0,1.4787793334710982e-06,2.922740434756148e-15
all,0.9675,17.76088478453851,18.501774057826857,0.032171940373514375,1.0,8.537736462515939e-07,2.922740434756148e-15
all,0.97,17.79014623620823,18.533494831134128,0.032226940311983074,1.0,1.4787793334710982e-06,2.922740434756148e-15
all,0.9725,17.819339906610736,18.56515788686364,0.03228183690837126,1.0,8.537736462515939e-07,2.922740434756148e-15
all,0.975,17.84846595293982,18.596763370050727,0.032336630392318925,1.0,1.9090959104164224e-06,2.922740434756148e-15
all,0.9775,17.877524532201164,18.6283114252874,0.0323913209928169,1.0,1.2074182697257333e-06,2.922740434756148e-15
all,0.98,17.90651580121036,18.659802196723867,0.03244590893821066,1.0,2.2588727439225506e-06,2.922740434756148e-15
all,0.9825,17.935439916591086,18.69123582806815,0.032500394456200864,1.0,8.537736462515939e-07,2.922740434756148e-15
all,0.985,17.964297034773274,18.722612462589897,0.03255477777384881,1.0,8.537736462515939e-07,2.922740434756148e-15
all,0.9875,17.993087311991275,18.75393224311912,0.03260905911757687,1.0,8.537736462515939e-07,2.922740434756148e-15
all,0.99,18.02181090428212,18.78519531204933,0.03266323871317294,1.0,8.537736462515939e-07,2.922740434756148e-15
all,0.9925,18.05046796748377,18.81640181133844,0.032717316785793024,1.0,8.537736462515939e-07,2.922740434756148e-15
all,0.995,18.079058657233375,18.847551882508956,0.03277129355996248,1.0,8.537736462515939e-07,2.922740434756148e-15
all,0.9975,18.107583128965473,18.878645666650407,0.032825169259580914,1.0,8.537736462515939e-07,2.922740434756148e-15
all,1.0,18.136041537910515,18.909683304420493,0.0328789441079235,1.0,1.9090959104164224e-06,2.922740434756148e-15
joint,0.0,0.0,1.2074182697257333e-06,9.39723771234057e-16,,8.537736462515939e-07,2.922740434756148e-15
joint,0.0025,0.16428420355836693,1.2074182697257333e-06,1.0333916788870929e-15,2.580475658852194,2.091309789151873e-06,2.855692581710746e-15
joint,0.005,0.3282725527915886,0.0,9.990721949972286e-16,2.5796153271403752,2.091309789151873e-06,2.8146300213458024e-15
joint,0.0075,0.4919648634516989,0.0,1.0789930018961105e-15,2.5787601324822873,1.7075472925031877e-06,2.845126537923011e-15
joint,0.01,0.6553609595923149,0.0,1.2551847350479083e-15,2.5779100475566046,8.537736462515939e-07,2.794213455820951e-15
joint,0.0125,0.8184606735091933,1.7075472925031877e-06,1.0289053154099429e-15,2.577065045223985,0.0,2.8194519412510038e-15
joint,0.015,0.981263845680644,8.537736462515939e-07,1.0549891343620464e-15,2.5762250985277095,8.537736462515939e-07,2.7792944773065155e-15
joint,0.0175,1.1437703247078446,0.0,1.0100731769700301e-15,2.5753901806906523,1.2074182697257333e-06,2.7402994230365994e-15
joint,0.02,1.3059799672552685,1.7075472925031877e-06,1.1455135936915366e-15,2.574560265114536,1.4787793334710982e-06,2.8873867198690187e-15
joint,0.0225,1.467892637990829,1.9090959104164224e-06,9.76084453765002e-16,2.5737353253778634,8.537736462515939e-07,2.8039306076752534e-15
joint,0.025,1.6295082095263353,2.091309789151873e-06,1.0838120985306795e-15,2.5729153352345198,1.9090959104164224e-06,2.776794790965039e-15
joint,0.0275,1.7908265623575659,0.0,1.1274442506548365e-15,2.5721002686125303,8.537736462515939e-07,2.8407155968668513e-15
joint,0.03,1.9518475848044687,0.0,1.0587819552120258e-15,2.5712900996115886,1.7075472925031877e-06,2.8324041457931713e-15
joint,0.0325,2.1125711729515473,0.0,1.1433763520776262e-15,2.5704848025027696,1.9090959104164224e-06,2.7993215520823053e-15
joint,0.035,2.272997230587876,1.4787793334710982e-06,9.599546432799867e-16,2.5696843517260746,1.2074182697257333e-06,2.7403555173986624e-15
joint,0.0375,2.433125669147458,8.537736462515939e-07,9.125382022329011e-16,2.568888721889505,1.4787793334710982e-06,2.7552522107317024e-15
joint,0.04,2.5929564076492824,8.537736462515939e-07,1.0225762370477017e-15,2.5680978877670366,1.9090959104164224e-06,2.757793395917814e-15
joint,0.0425,2.7524893726377684,1.9090959104164224e-06,1.0896988850675065e-15,2.5673118242978137,1.4787793334710982e-06,2.8196733784384263e-15
joint,0.045,2.9117244981228794,0.0,9.83140467182084e-16,2.5665305065841557,2.091309789151873e-06,2.7403226564057267e-15
joint,0.0475,3.0706617255204804,1.2074182697257333e-06,1.0714508920620792e-15,2.565753909890326,8.537736462515939e-07,2.757374352391039e-15
joint,0.05,3.2293010035926955,0.0,1.1097475070206242e-15,2.5649820096411533,1.7075472925031877e-06,2.75172486632386e-15
joint,0.0525,3.3876422883882213,0.0,1.2002704894996894e-15,2.5642147814205787,1.2074182697257333e-06,2.711867660089707e-15
joint,0.055,3.545685543182884,1.2074182697257333e-06,1.0174125082113063e-15,2.5634522009701066,1.2074182697257333e-06,2.7300044625528357e-15
joint,0.0575,3.703430738420039,0.0,9.268782308803336e-16,2.5626942441877922,8.537736462515939e-07,2.7190377246802022e-15
joint,0.06,3.860877851651125,0.0,1.0142314084080969e-15,2.5619408871264535,1.2074182697257333e-06,2.6698335303261565e-15
joint,0.0625,4.018026867476365,1.2074182697257333e-06,1.0149360979112259e-15,2.5611921059925677,1.2074182697257333e-06,2.688765066946045e-15
joint,0.065,4.174877777485477,1.9090959104164224e-06,1.041354570131884e-15,2.560447877144927,1.4787793334710982e-06,2.635445707934658e-15
joint,0.0675,4.331430580198358,0.0,1.0119343479269689e-15,2.5597081770930945,1.2074182697257333e-06,2.770495253102151e-15
joint,0.07,4.487685281006122,0.0,9.072641745952044e-16,2.5589729824964547,8.537736462515939e-07,2.605333736174916e-15
joint,0.0725,4.643641892111916,0.0,1.0914925791304972e-15,2.5582422701624705,1.2074182697257333e-06,2.5912310036322516e-15
joint,0.075,4.799300432472094,0.0,1.0541704106965851e-15,2.557516017045766,1.9090959104164224e-06,2.5798217311777696e-15
joint,0.0775,4.954660927737393,0.0,1.0817148347902676e-15,2.5567942002466335,1.7075472925031877e-06,2.535138690369338e-15
joint,0.08,5.109723410194206,0.0,1.1021875770596595e-15,2.556076797009948,8.537736462515939e-07,2.6469068123337425e-15
joint,0.0825,5.264487918705981,8.537736462515939e-07,9.824938749171785e-16,2.5553637847236055,1.7075472925031877e-06,2.622805646913943e-15
joint,0.085,5.418954498654756,1.9090959104164224e-06,1.0276839846573206e-15,2.5546551409176312,0.0,2.597998406537823e-15
joint,0.0875,5.573123201882879,0.0,1.0058251336846755e-15,2.5539508432627804,1.2074182697257333e-06,2.593515468468406e-15
joint,0.09,5.726994086634704,0.0,1.049224159323647e-15,2.553250869569304,2.699869328381916e-06,2.5158022080551774e-15
joint,0.0925,5.880567217498594,0.0,1.0328382421640133e-15,2.5525551977858347,2.699869328381916e-06,2.530813896488006e-15
joint,0.095,6.033842665348914,8.537736462515939e-07,1.017637495767495e-15,2.5518638059981096,0.0,2.5011184820046705e-15
joint,0.0975,6.186820507288353,2.4148365394514667e-06,1.0781904495446304e-15,2.551176672427856,2.091309789151873e-06,2.5589353487764745e-15
joint,0.1,6.339500826590275,8.537736462515939e-07,9.557909837011333e-16,2.5504937754315966,8.537736462515939e-07,2.5290748429185832e-15
joint,0.1025,6.491883712641098,0.0,1.0929799726410734e-15,2.5498150934994785,1.4787793334710982e-06,2.485016813287216e-15
joint,0.105,6.643969260883239,1.4787793334710982e-06,9.660977884282434e-16,2.5491406052541694,1.9090959104164224e-06,2.4889079232884764e-15
joint,0.1075,6.795757572757722,0.0,1.0592038047033919e-15,2.5484702894497153,1.9090959104164224e-06,2.491153180123386e-15
joint,0.11,6.947248755647408,8.537736462515939e-07,1.006868127147322e-15,2.5478041249704555,1.4787793334710982e-06,2.50220757684137e-15
joint,0.1125,7.098442922820013,1.9090959104164224e-06,1.062793665970938e-15,2.5471420908297677,8.537736462515939e-07,4.724002417895717e-15
joint,0.115,7.249340193371637,0.0,1.0672882289801547e-15,2.546484166169129,0.0,4.750891637366222e-15
joint,0.1175,7.399940692170233,1.4787793334710982e-06,1.0180758404963112e-15,2.5458303302570324,8.537736462515939e-07,4.709363997404776e-15
joint,0.12,7.55024454979943,8.537736462515939e-07,1.0045565197926123e-15,2.545180562487801,1.4787793334710982e-06,4.7357099963024565e-15
joint,0.1225,7.700251902502387,1.7075472925031877e-06,1.1061154627340932e-15,2.544534842380604,2.2588727439225506e-06,4.70852067984198e-15
joint,0.125,7.849962892125987,0.0,8.883502868859638e-16,2.5438931495783903,2.561320938754782e-06,4.679203799115545e-15
joint,0.1275,7.999377666065186,2.091309789151873e-06,1.0039727455269346e-15,2.5432554638468194,1.4787793334710982e-06,4.816822637858017e-15
joint,0.13,8.14849637720748,2.2588727439225506e-06,1.0779647229811876e-15,2.5426217650732927,1.9090959104164224e-06,4.798755614559009e-15
joint,0.1325,8.297319183877747,0.0,1.0904356383172138e-15,2.541992033265857,2.2588727439225506e-06,4.682553931151509e-15
joint,0.135,8.445846249783045,1.2074182697257333e-06,1.112391069104902e-15,2.541366248552277,1.4787793334710982e-06,4.612088390670821e-15
joint,0.1375,8.59407774395794,0.0,1.0073911769031863e-15,2.540744391178964,1.7075472925031877e-06,4.7005855307433895e-15
joint,0.14,8.742013840709873,0.0,1.0774116314386024e-15,2.5401264415100524,1.7075472925031877e-06,4.669408258154652e-15
joint,0.1425,8.889654719564561,0.0,9.84956913839439e-16,2.5395123800263564,1.4787793334710982e-06,4.681990164780016e-15
joint,0.145,9.037000565212068,0.0,1.034475288081217e-15,2.5389021873244624,1.7075472925031877e-06,4.655139285213602e-15
joint,0.1475,9.184051567452755,8.537736462515939e-07,1.0376154156421057e-15,2.5382958441157286,0.0,4.6071985744389604e-15
joint,0.15,9.330807921143524,0.0,1.0045297194231845e-15,2.537693331225362,1.2074182697257333e-06,4.596437021798984e-15
joint,0.1525,9.47726982614435,0.0,1.0033622657487783e-15,2.5370946295915044,2.2588727439225506e-06,4.601999205631872e-15
joint,0.155,9.623437487265065,0.0,1.0471703365545182e-15,2.536499720264234,2.091309789151873e-06,4.570784964114541e-15
joint,0.1575,9.769311114212293,0.0,1.0281732395423703e-15,2.53590858440472,8.537736462515939e-07,4.583028909592755e-15
joint,0.16,9.914890921536674,0.0,1.1010765702195027e-15,2.5353212032842762,8.537736462515939e-07,4.5056032256330095e-15
joint,0.1625,10.060177128580406,1.7075472925031877e-06,9.280837507879448e-16,2.5347375582834824,0.0,4.565859050061973e-15
joint,0.165,10.205169959424786,0.0,1.110936211702756e-15,2.534157630891265,1.9090959104164224e-06,4.622282952734061e-15
joint,0.1675,10.349869642838385,0.0,1.0922146150989273e-15,2.5335814027040806,0.0,4.584238970375387e-15
joint,0.17,10.494276412225062,0.0,9.221369300717601e-16,2.5330088554249732,8.537736462515939e-07,4.624480973801099e-15
joint,0.1725,10.638390505572595,0.0,1.0853176722856551e-15,2.532439970862744,2.091309789151873e-06,4.505183303521914e-15
joint,0.175,10.78221216540124,0.0,1.0277497083778135e-15,2.5318747309311243,0.0,4.546421207522434e-15
joint,0.1775,10.925741638712793,0.0,9.609877201970343e-16,2.5313131176478914,8.537736462515939e-07,4.6117975864466196e-15
joint,0.18,11.068979176939813,1.7075472925031877e-06,9.884151746253022e-16,2.530755113134065,1.2074182697257333e-06,4.57494616111115e-15
joint,0.1825,11.211925035895113,8.537736462515939e-07,9.847155709849958e-16,2.5302006996130832,2.091309789151873e-06,4.4722739929011666e-15
joint,0.185,11.354579475721465,0.0,1.1324903631638759e-15,2.529649859409943,2.2588727439225506e-06,4.651931916910864e-15
joint,0.1875,11.49694276084172,0.0,9.758331583528079e-16,2.5291025749504734,1.7075472925031877e-06,4.522610261735822e-15
joint,0.19,11.639015159909015,1.7075472925031877e-06,9.846113330119267e-16,2.5285588287604273,1.7075472925031877e-06,4.545584519191452e-15
joint,0.1925,11.780796945757317,1.2074182697257333e-06,1.0413233382799473e-15,2.52801860346482,1.2074182697257333e-06,4.4358065460667754e-15
joint,0.195,11.922288395352318,8.537736462515939e-07,9.85416522577121e-16,2.5274818817870206,2.699869328381916e-06,4.4714129817126944e-15
joint,0.1975,12.063489789742505,8.537736462515939e-07,1.0192099818542123e-15,2.526948646548062,1.2074182697257333e-06,4.481212002310499e-15
joint,0.2,12.204401414010526,1.2074182697257333e-06,9.742785593467088e-16,2.52641888066589,1.4787793334710982e-06,4.499792354705099e-15
joint,0.2025,12.345023557224806,0.0,1.220243506662959e-15,2.5258925671545107,0.0,4.4057739705863405e-15
joint,0.205,12.48535651239147,1.2074182697257333e-06,1.1185179391694936e-15,2.5253696891233166,1.7075472925031877e-06,4.411644518519916e-15
joint,0.2075,12.625400576406648,0.0,1.0633592807918135e-15,2.5248502297763546,1.7075472925031877e-06,4.475107010233455e-15
joint,0.21,12.765156050008798,1.4787793334710982e-06,1.0860462037153357e-15,2.5243341724115154,2.4148365394514667e-06,4.42251281328846e-15
joint,0.2125,12.904623237731585,1.9090959104164224e-06,1.0707058275721918e-15,2.523821500419909,1.4787793334710982e-06,4.452553620431426e-15
joint,0.215,13.04380244785684,0.0,1.1141110544513611e-15,2.523312197285062,8.537736462515939e-07,4.4656023759879325e-15
joint,0.2175,13.182693992367902,8.537736462515939e-07,1.0073120391082517e-15,2.5228062465822574,0.0,4.563073525807003e-15
joint,0.22,13.321298186903263,0.0,9.499319625086255e-16,2.5223036319778074,8.537736462515939e-07,4.478281900961856e-15
joint,0.2225,13.459615350710429,0.0,1.1142859239136395e-15,2.521804337228377,1.2074182697257333e-06,4.407697111284587e-15
joint,0.225,13.597645806600049,0.0,1.1680592063367396e-15,2.521308346180262,1.4787793334710982e-06,4.434579858168633e-15
joint,0.2275,13.735389880900442,8.537736462515939e-07,9.696767662805703e-16,2.5208156427687807,2.4148365394514667e-06,4.453032222741479e-15
joint,0.23,13.872847903412314,0.0,1.0871550312552688e-15,2.5203262110174895,1.2074182697257333e-06,4.3637209359893125e-15
joint,0.2325,14.010020207363773,0.0,1.0233884983972842e-15,2.519840035037618,0.0,4.400786326003509e-15
joint,0.235,14.146907129365701,0.0,1.0422135486673873e-15,2.519357099027369,1.2074182697257333e-06,4.3944982186659426e-15
joint,0.2375,14.283509009367336,2.2588727439225506e-06,9.978773464961704e-16,2.518877387271257,2.091309789151873e-06,4.4395657846408e-15
joint,0.24,14.419826190612106,0.0,9.918153118131036e-16,2.518400884139476,0.0,4.429500079887146e-15
joint,0.2425,14.55585901959396,0.0,1.0440058466713643e-15,2.51792757408726,0.0,4.4269947211714455e-15
joint,0.245,14.691607846013753,0.0,1.0722366578724958e-15,2.517457441654251,8.537736462515939e-07,4.435452244103712e-15
joint,0.2475,14.827073022735988,0.0,1.033482093899821e-15,2.5169904714638616,1.7075472925031877e-06,4.449677066359962e-15
joint,0.25,14.96225490574598,0.0,9.841793623208521e-16,2.5165266482226833,0.0,4.383705293730695e-15
joint,0.2525,15.097153854107113,1.2074182697257333e-06,9.401245706443729e-16,2.5160659567198422,2.091309789151873e-06,4.377046397567137e-15
joint,0.255,15.231770229918588,8.537736462515939e-07,1.01953375440304e-15,2.515608381826429,8.537736462515939e-07,4.4358300427517e-15
joint,0.2575,15.366104398273222,0.0,1.1288625146823672e-15,2.5151539084948453,2.091309789151873e-06,4.418725560141997e-15
joint,0.26,15.500156727215831,0.0,1.0677809153913521e-15,2.5147025217582795,0.0,4.434072956859142e-15
joint,0.2625,15.633927587701614,0.0,1.0242300763447221e-15,2.5142542067300715,1.4787793334710982e-06,4.3962264966553346e-15
joint,0.265,15.76741735355509,1.2074182697257333e-06,1.1132274259594265e-15,2.513808948603121,1.7075472925031877e-06,4.3380912879161845e-15
joint,0.2675,15.900626401429108,0.0,1.149250664422823e-15,2.5133667326493856,1.4787793334710982e-06,4.358164343815633e-15
joint,0.27,16.033555110764297,8.537736462515939e-07,1.1002777075783741e-15,2.512927544219216,0.0,4.409753874831538e-15
joint,0.2725,16.166203863748756,0.0,1.0324988572070138e-15,2.5124913687408696,2.091309789151873e-06,4.331144659681259e-15
joint,0.275,16.298573045278033,8.537736462515939e-07,1.0244141414404528e-15,2.512058191719903,8.537736462515939e-07,4.409594406394345e-15
joint,0.2775,16.4306630429154,8.537736462515939e-07,1.0293304707587057e-15,2.5116279987386676,0.0,4.388041114935717e-15
joint,0.28,16.562474246852396,1.7075472925031877e-06,1.0418384559655163e-15,2.5112007754557024,1.4787793334710982e-06,4.322299469300024e-15
joint,0.2825,16.694007049869768,2.4148365394514667e-06,9.794555166067195e-16,2.5107765076052524,1.2074182697257333e-06,4.3657707706171304e-15
joint,0.285,16.825261847298506,8.537736462515939e-07,1.1280637813326684e-15,2.5103551809967035,1.9090959104164224e-06,4.469482518204386e-15
joint,0.2875,16.956239036981444,8.537736462515939e-07,1.0530903158809879e-15,2.50993678151407,1.9090959104164224e-06,4.4327884419249116e-15
joint,0.29,17.086939019234798,0.0,9.482005412638153e-16,2.5095212951154555,0.0,4.4468895431377046e-15
joint,0.2925,17.2173621968104,1.7075472925031877e-06,9.480363300750913e-16,2.5091087078325334,1.4787793334710982e-06,4.377790443679154e-15
joint,0.295,17.347508974857817,0.0,1.024073032549289e-15,2.508699005770044,1.2074182697257333e-06,4.4128693374734824e-15
joint,0.2975,17.477379760887132,0.0,1.0876616643906433e-15,2.5082921751052942,1.2074182697257333e-06,4.3812702062151395e-15
joint,0.3,17.60697496473177,2.091309789151873e-06,1.0202413388377284e-15,2.5078882020876416,1.2074182697257333e-06,4.386715844072064e-15
joint,0.3025,17.736294998511596,8.537736462515939e-07,9.64706908596314e-16,2.507487073037992,2.091309789151873e-06,4.396130009537714e-15
joint,0.305,17.86534027659657,0.0,9.583426523890233e-16,2.50708877434833,2.699869328381916e-06,4.409933261720155e-15
joint,0.3075,17.99411121557032,8.537736462515939e-07,1.0865709967708013e-15,2.5066932924811987,1.7075472925031877e-06,4.3918996691093834e-15
joint,0.31,18.122608234194345,0.0,1.1700129315242166e-15,2.5063006139692536,1.2074182697257333e-06,4.343804023466436e-15
joint,0.3125,18.250831753372253,1.2074182697257333e-06,1.072044888875835e-15,2.505910725414767,1.2074182697257333e-06,4.4804758175114765e-15
joint,0.315,18.37878219611447,0.0,9.800841957528022e-16,2.5055236134891423,0.0,4.486348991491462e-15
joint,0.3175,18.506459987503,0.0,1.1263704390266035e-15,2.5051392649324646,2.091309789151873e-06,4.400331182552744e-15
joint,0.32,18.633865554656836,1.2074182697257333e-06,1.0433789491806325e-15,2.5047576665530387,1.2074182697257333e-06,4.359871431593241e-15
joint,0.3225,18.760999326697174,8.537736462515939e-07,1.0078522960344039e-15,2.5043788052269176,1.4787793334710982e-06,4.417439563373203e-15
joint,0.325,18.887861734713447,0.0,9.57376063633417e-16,2.5040026678974527,0.0,4.3069131692960645e-15
joint,0.3275,19.014453211729148,1.4787793334710982e-06,1.0412515495813914e-15,2.503629241574856,1.2074182697257333e-06,4.39103349178494e-15
joint,0.33,19.14077419266828,8.537736462515939e-07,9.64688866932402e-16,2.503258513335744,1.2074182697257333e-06,4.4405888832265705e-15
joint,0.3325,19.266825114321882,8.537736462515939e-07,1.1658296169328158e-15,2.5028904703226713,1.2074182697257333e-06,4.422802348149382e-15
joint,0.335,19.392606415315015,0.0,1.1982588406514051e-15,2.5025250997437634,0.0,4.394690268551785e-15
joint,0.3375,19.5181185360738,1.4787793334710982e-06,9.875854832075384e-16,2.5021623888722115,1.4787793334710982e-06,4.3755996124592096e-15
joint,0.34,19.643361918792962,0.0,1.0682920829439124e-15,2.501802325045885,0.0,4.451863499670867e-15
joint,0.3425,19.768337007403503,1.7075472925031877e-06,1.1064054282197342e-15,2.501444895666897,1.7075472925031877e-06,4.395134240745204e-15
joint,0.345,19.8930442475407,0.0,9.842219712748798e-16,2.5010900882011913,1.7075472925031877e-06,4.4184443435301006e-15
joint,0.3475,20.01748408651239,1.7075472925031877e-06,1.0695727797819313e-15,2.50073789017812,8.537736462515939e-07,4.406902254170637e-15
joint,0.35,20.141656973267516,1.2074182697257333e-06,1.169962419899424e-15,2.500388289190011,8.537736462515939e-07,4.446586721696523e-15
joint,0.3525,20.26556335836493,0.0,9.674643213099494e-16,2.500041272891824,1.4787793334710982e-06,4.33012355752429e-15
joint,0.355,20.3892036939425,0.0,9.454180729687467e-16,2.499696829000678,1.7075472925031877e-06,4.361965099948821e-15
joint,0.3575,20.51257843368645,2.2588727439225506e-06,1.0004170916704427e-15,2.4993549452954795,2.561320938754782e-06,4.3880975165266684e-15
joint,0.36,20.635688032801042,0.0,9.528398915646201e-16,2.4990156096165395,1.2074182697257333e-06,4.47692211333782e-15
joint,0.3625,20.758532947978438,8.537736462515939e-07,1.0522870524244087e-15,2.498678809865158,2.4148365394514667e-06,4.44196773170277e-15
joint,0.365,20.881113637368856,0.0,1.0293667045888552e-15,2.4983445340032584,2.2588727439225506e-06,4.4065462207535835e-15
joint,0.3675,21.00343056055104,0.0,1.1173466434319377e-15,2.4980127700529757,8.537736462515939e-07,4.426264547824278e-15
joint,0.37,21.125484178503,0.0,1.0500822558230443e-15,2.4976835060963065,1.2074182697257333e-06,4.413768101075067e-15
joint,0.3725,21.247274953572827,1.4787793334710982e-06,1.2535987004998273e-15,2.497356730274707,1.7075472925031877e-06,4.417863706874365e-15
joint,0.375,21.36880334945012,0.0,9.726380287778296e-16,2.497032430788735,2.091309789151873e-06,4.428258898679863e-15
joint,0.3775,21.49006983113736,2.091309789151873e-06,1.051921589326738e-15,2.4967105958976585,1.4787793334710982e-06,4.415252218888156e-15
joint,0.38,21.611074864921704,1.7075472925031877e-06,1.0199142112605787e-15,2.4963912139191216,8.537736462515939e-07,4.477080337597954e-15
joint,0.3825,21.731818918347003,1.7075472925031877e-06,1.129118842113892e-15,2.4960742732287606,8.537736462515939e-07,4.47491528714094e-15
joint,0.385,21.852302460185996,1.7075472925031877e-06,9.808992047002212e-16,2.4957597622598278,1.2074182697257333e-06,4.502258739255759e-15
joint,0.3875,21.972525960412952,0.0,1.0559271590641858e-15,2.4954476695028767,8.537736462515939e-07,4.41178249778993e-15
joint,0.39,22.092489890176424,0.0,1.0443247109610335e-15,2.495137983505376,1.4787793334710982e-06,4.39471990234955e-15
joint,0.3925,22.212194721772242,0.0,1.013199146264327e-15,2.494830692871371,1.4787793334710982e-06,4.481848174692068e-15
joint,0.395,22.33164092861687,0.0,1.0764365463566526e-15,2.4945257862611223,1.4787793334710982e-06,4.4765900362019554e-15
joint,0.3975,22.45082898522088,0.0,1.2445623609036625e-15,2.494223252390788,2.091309789151873e-06,4.3901954176778635e-15
joint,0.4,22.569759367162845,0.0,1.074677050870456e-15,2.4939230800320704,1.9090959104164224e-06,4.462871218194326e-15
joint,0.4025,22.68843255106333,0.0,1.0722548546106409e-15,2.493625258011873,0.0,4.521612825211566e-15
joint,0.405,22.806849014559134,1.4787793334710982e-06,1.0721810823755852e-15,2.493329775211974,1.7075472925031877e-06,4.516792122006675e-15
joint,0.4075,22.925009236278008,1.9090959104164224e-06,1.1294845767286813e-15,2.4930366205686796,1.4787793334710982e-06,4.529351559109897e-15
joint,0.41,23.042913695813205,0.0,1.1375309379139725e-15,2.492745783072525,0.0,4.5236254305025964e-15
joint,0.4125,23.16056287369871,0.0,9.618670537669391e-16,2.492457251767916,1.9090959104164224e-06,4.484207517072261e-15
joint,0.415,23.27795725138447,0.0,1.0084613260922649e-15,2.492171015752835,1.9090959104164224e-06,4.4663668256578925e-15
joint,0.4175,23.395097311211828,1.4787793334710982e-06,1.0445919904324637e-15,2.4918870641785054,8.537736462515939e-07,4.4602243325360755e-15
joint,0.42,23.51198353638938,1.7075472925031877e-06,1.2831164692996365e-15,2.4916053862490655,1.2074182697257333e-06,4.492737625507431e-15
joint,0.4225,23.628616410968903,0.0,1.3679101548320349e-15,2.4913259712212716,1.4787793334710982e-06,4.518301277113413e-15
joint,0.425,23.744996419821703,1.4787793334710982e-06,1.1517720860506229e-15,2.4910488084042046,1.4787793334710982e-06,4.498006520550277e-15
joint,0.4275,23.86112404861487,0.0,1.0063282720477972e-15,2.4907738871589005,1.4787793334710982e-06,4.49343694354212e-15
joint,0.43,23.97699978378826,0.0,9.694991848831928e-16,2.4905011968981103,8.537736462515939e-07,4.49398534077676e-15
joint,0.4325,24.092624112531183,0.0,1.0282627733852652e-15,2.490230727085949,1.7075472925031877e-06,4.493037681270656e-15
joint,0.435,24.20799752275977,0.0,1.064105234448743e-15,2.489962467237634,1.2074182697257333e-06,4.482004468749039e-15
joint,0.4375,24.323120503094238,0.0,1.0999855320915852e-15,2.48969640691915,0.0,4.45455647355241e-15
joint,0.44,24.437993542836608,0.0,9.980341754404595e-16,2.48943253574698,8.537736462515939e-07,4.4779652844896785e-15
joint,0.4425,24.552617131948516,1.4787793334710982e-06,1.0052686951760528e-15,2.4891708433878112,1.2074182697257333e-06,4.522343635925406e-15
joint,0.445,24.666991761029337,0.0,1.1499693278092003e-15,2.4889113195582158,1.7075472925031877e-06,4.524664416747009e-15
joint,0.4475,24.78111792129441,0.0,1.117136796617266e-15,2.4886539540243993,1.9090959104164224e-06,4.485681616112846e-15
joint,0.45,24.894996104553705,1.7075472925031877e-06,1.014279414868957e-15,2.4883987366019014,1.2074182697257333e-06,4.473164478951949e-15
joint,0.4525,25.008626803190502,8.537736462515939e-07,1.0256120953379237e-15,2.488145657155303,1.2074182697257333e-06,4.511639954332056e-15
joint,0.455,25.122010510140292,0.0,1.0060104133403278e-15,2.48789470559795,1.9090959104164224e-06,4.563948346676414e-15
joint,0.4575,25.235147718870166,0.0,1.1252721363820674e-15,2.4876458718917,0.0,4.56516478493701e-15
joint,0.46,25.348038923358096,0.0,1.127692002070723e-15,2.4873991460465965,0.0,4.611086177713491e-15
joint,0.4625,25.46068461807249,1.4787793334710982e-06,1.125287302937078e-15,2.487154518120643,1.7075472925031877e-06,4.624486716495858e-15
joint,0.465,25.573085297952304,1.4787793334710982e-06,1.0044828429295454e-15,2.486911978219502,1.7075472925031877e-06,4.599801944331092e-15
joint,0.4675,25.68524145838675,0.0,9.799521275116896e-16,2.48667151649624,1.2074182697257333e-06,4.583974086020595e-15
joint,0.47,25.79715359519588,0.0,1.1389203462829548e-15,2.486433123151053,1.7075472925031877e-06,4.632752424588423e-15
joint,0.4725,25.908822204610885,0.0,1.0626395307803565e-15,2.4861967884309997,1.7075472925031877e-06,4.628068612043827e-15
joint,0.475,26.020247783254874,8.537736462515939e-07,1.0486043126336375e-15,2.485962502629764,0.0,4.5176642232562255e-15
joint,0.4775,26.13143082812364,0.0,1.0296953852024408e-15,2.4857302560873387,1.2074182697257333e-06,4.5588950987050494e-15
joint,0.48,26.24237183656696,8.537736462515939e-07,1.0948345863295965e-15,2.4855000391898407,1.2074182697257333e-06,4.6000424215104344e-15
joint,0.4825,26.35307130626977,2.2588727439225506e-06,9.78111776090945e-16,2.4852718423691815,0.0,4.668334342727982e-15
joint,0.485,26.463529735233678,1.7075472925031877e-06,9.631329292132396e-16,2.48504565610287,1.7075472925031877e-06,4.639236356224677e-15
joint,0.4875,26.573747621758784,1.2074182697257333e-06,1.0637613677567394e-15,2.4848214709137246,0.0,4.574201823015447e-15
joint,0.49,26.68372546442543,8.537736462515939e-07,1.0562618412987411e-15,2.4845992773696395,2.561320938754782e-06,4.6967827613457865e-15
joint,0.4925,26.793463762076456,0.0,9.756221864728785e-16,2.484379066083335,1.4787793334710982e-06,4.649092815200205e-15
joint,0.495,26.902963013799493,0.0,1.0392601870272716e-15,2.484160827712105,0.0,4.603058330925985e-15
joint,0.4975,27.012223718909375,1.4787793334710982e-06,1.0867064869066317e-15,2.4839445529575714,0.0,4.750155448760171e-15
joint,0.5,27.121246376930955,0.0,1.2373338651345746e-15,2.483730232565452,8.537736462515939e-07,4.687128534840611e-15
joint,0.5025,27.230031487581897,1.4787793334710982e-06,1.0523615579769693e-15,2.4835178573253085,8.537736462515939e-07,4.692303020117493e-15
joint,0.505,27.33857955075588,0.0,1.0164802556319459e-15,2.4833074180703125,1.9090959104164224e-06,4.6929545307611765e-15
joint,0.5075,27.446891066505806,1.2074182697257333e-06,1.034583589276419e-15,2.4830989056770147,0.0,4.785539073767836e-15
joint,0.51,27.554966535027276,8.537736462515939e-07,1.0567089887219435e-15,2.4828923110650982,8.537736462515939e-07,4.7782494655537346e-15
joint,0.5125,27.662806456642187,0.0,1.0183608729130208e-15,2.482687625197145,2.091309789151873e-06,4.685947422373109e-15
joint,0.515,27.77041133178271,8.537736462515939e-07,1.0540971328312918e-15,2.482484839078423,1.9090959104164224e-06,4.6604723443719264e-15
joint,0.5175,27.87778166097523,1.4787793334710982e-06,9.948865061769232e-16,2.4822839437566255,2.091309789151873e-06,4.694389111646612e-15
joint,0.52,27.984917944824502,8.537736462515939e-07,9.601850871546302e-16,2.4820849303216743,1.7075472925031877e-06,4.725099557357964e-15
joint,0.5225,28.091820683998193,0.0,9.84782881886929e-16,2.481887789905471,0.0,4.740255803885497e-15
joint,0.525,28.198490379211293,0.0,1.0171989404735771e-15,2.48169251368168,0.0,4.707180349435803e-15
joint,0.5275,28.304927531211007,0.0,1.168191038480284e-15,2.4814990928655143,2.2588727439225506e-06,4.7022759703377535e-15
joint,0.53,28.411132640761572,1.2074182697257333e-06,1.0556519062476462e-15,2.481307518713493,1.4787793334710982e-06,4.732805080025857e-15
joint,0.5325,28.517106208629386,1.4787793334710982e-06,1.0000507861518166e-15,2.4811177825232376,8.537736462515939e-07,4.75604334446079e-15
joint,0.535,28.622848735568404,0.0,9.608227378470718e-16,2.48092987563326,1.2074182697257333e-06,4.743596750028497e-15
joint,0.5375,28.728360722305382,1.4787793334710982e-06,1.179218645607526e-15,2.480743789422723,1.7075472925031877e-06,4.685167581476384e-15
joint,0.54,28.833642669525723,1.2074182697257333e-06,1.0060751084235886e-15,2.4805595153112403,1.2074182697257333e-06,4.831880238981626e-15
joint,0.5425,28.93869507785911,1.4787793334710982e-06,1.3387835296452187e-15,2.4803770447586677,2.091309789151873e-06,1.0744216160600389e-15
joint,0.545,29.043518447865537,0.0,1.1290048669233483e-15,2.480196369264877,1.7075472925031877e-06,1.0379610826193856e-15
joint,0.5475,29.148113280021505,1.2074182697257333e-06,9.504841283705664e-16,2.480017480369549,8.537736462515939e-07,1.0906343200013225e-15
joint,0.55,29.25248007470617,2.091309789151873e-06,9.89589560795788e-16,2.479840369651988,1.2074182697257333e-06,1.084938045191526e-15
joint,0.5525,29.35661933218796,0.0,1.00131588967702e-15,2.479665028730876,1.9090959104164224e-06,1.19328565303784e-15
joint,0.555,29.460531552611144,2.4148365394514667e-06,1.0309179885847999e-15,2.4794914492640907,1.2074182697257333e-06,9.502671044716153e-16
joint,0.5575,29.564217235982625,0.0,1.056495660444367e-15,2.479319622948498,0.0,1.0667666544008763e-15
joint,0.56,29.667676882158815,0.0,1.0538882720248487e-15,2.4791495415197384,0.0,1.1145672648195747e-15
joint,0.5625,29.770910990833002,1.2074182697257333e-06,1.003435177862283e-15,2.478981196752053,1.4787793334710982e-06,1.1827222528848634e-15
joint,0.565,29.87392006152232,1.9090959104164224e-06,1.1844918615223482e-15,2.478814580458048,1.2074182697257333e-06,1.133553867323703e-15
joint,0.5675,29.976704593555354,1.9090959104164224e-06,1.0105350072014692e-15,2.4786496844885124,1.9090959104164224e-06,1.1709929615077412e-15
joint,0.57,30.079265086059735,0.0,9.927720862415653e-16,2.4784865007322323,2.2588727439225506e-06,1.0819707170097754e-15
joint,0.5725,30.181602037949773,0.0,1.0643846418500529e-15,2.478325021115769,0.0,1.1033654522186682e-15
joint,0.575,30.283715947914438,2.4148365394514667e-06,1.1336601348179366e-15,2.47816523760329,1.2074182697257333e-06,1.0569387825476857e-15
joint,0.5775,30.38560731440539,1.7075472925031877e-06,9.77123135121307e-16,2.478007142196351,1.9090959104164224e-06,1.0205671526785528e-15
joint,0.58,30.48727663562522,2.699869328381916e-06,1.014682088707117e-15,2.477850726933726,1.2074182697257333e-06,1.1146019860440511e-15
joint,0.5825,30.58872440951565,0.0,9.790545125070147e-16,2.477695983891209,1.2074182697257333e-06,9.14818102941634e-16
joint,0.585,30.68995113374622,2.091309789151873e-06,1.0816094514621264e-15,2.4775429051814153,0.0,1.083886047997512e-15
joint,0.5875,30.79095730570282,8.537736462515939e-07,1.0757908751770775e-15,2.477391482953603,0.0,1.0634639267877689e-15
joint,0.59,30.89174342247648,1.7075472925031877e-06,9.677694133271191e-16,2.477241709393487,0.0,9.729326582536033e-16
joint,0.5925,30.99230998085237,2.4148365394514667e-06,1.0611309562635027e-15,2.477093576723048,1.2074182697257333e-06,1.0049760374132073e-15
joint,0.595,31.092657477298772,0.0,9.651234772559297e-16,2.4769470772003497,1.7075472925031877e-06,1.0488756888331106e-15
joint,0.5975,31.192786407956426,0.0,9.24389961986247e-16,2.476802203119361,1.2074182697257333e-06,9.845728134474951e-16
joint,0.6,31.29269726862774,0.0,1.2694712835480416e-15,2.4766589468097573,8.537736462515939e-07,1.0679662939329332e-15
joint,0.6025,31.392390554766436,0.0,9.870983138306625e-16,2.4765173006367576,0.0,1.1831376578189591e-15
joint,0.605,31.491866761467143,0.0,1.108688274350628e-15,2.4763772570009515,1.7075472925031877e-06,1.2046215129309052e-15
joint,0.6075,31.591126383455062,2.091309789151873e-06,1.0243204645410596e-15,2.4762388083380866,1.2074182697257333e-06,1.1208241008774798e-15
joint,0.61,31.69016991507604,0.0,9.963524454224745e-16,2.476101947118924,1.9090959104164224e-06,1.2064869625403261e-15
joint,0.6125,31.788997850286513,8.537736462515939e-07,1.3100188407909533e-15,2.4759666658490556,1.9090959104164224e-06,9.690078009602456e-16
joint,0.615,31.88761068264371,0.0,9.937816616179975e-16,2.4758329570687145,1.9090959104164224e-06,1.1449165015322033e-15
joint,0.6175,31.98600890529594,1.9090959104164224e-06,1.048883449692186e-15,2.475700813352613,1.7075472925031877e-06,1.1274534753212999e-15
joint,0.62,32.084193010973095,0.0,1.0458701884934352e-15,2.475570227309768,0.0,1.0312488358778972e-15
joint,0.6225,32.18216349197714,0.0,1.0608089215144618e-15,2.4754411915833368,1.4787793334710982e-06,1.0436107453177124e-15
joint,0.625,32.27992084017289,0.0,1.0385853037229108e-15,2.4753136988504267,1.4787793334710982e-06,1.0491245460478843e-15
joint,0.6275,32.37746554697874,0.0,1.1404575202947654e-15,2.475187741821947,1.7075472925031877e-06,9.388299139889846e-16
joint,0.63,32.47479810335778,0.0,1.2212581237302992e-15,2.475063313242431,8.537736462515939e-07,1.0084951506959047e-15
joint,0.6325,32.57191899980863,0.0,9.84607883851347e-16,2.4749404058898583,1.9090959104164224e-06,9.453505879951833e-16
joint,0.635,32.66882872635691,0.0,1.0198907563933137e-15,2.4748190125755123,2.4148365394514667e-06,9.850985858031784e-16
joint,0.6375,32.76552777254634,1.7075472925031877e-06,9.653241899230288e-16,2.474699126143796,1.4787793334710982e-06,1.0037658167095526e-15
joint,0.64,32.86201662743035,2.699869328381916e-06,1.0215921420831214e-15,2.4745807394720716,1.4787793334710982e-06,1.2188872091996725e-15
joint,0.6425,32.958295779563535,0.0,1.0945556038251926e-15,2.4744638454705012,2.091309789151873e-06,1.0882544435057857e-15
joint,0.645,33.0543657169934,0.0,1.073186212911081e-15,2.4743484370818893,1.4787793334710982e-06,9.988220538606819e-16
joint,0.6475,33.15022692725212,0.0,1.0163895378536505e-15,2.474234507281498,2.2588727439225506e-06,9.278042020990899e-16
joint,0.65,33.24587989734856,1.2074182697257333e-06,1.1292918947598419e-15,2.47412204907692,1.2074182697257333e-06,1.0686602850624605e-15
joint,0.6525,33.34132511376018,0.0,1.0632139368732323e-15,2.4740110555078987,1.4787793334710982e-06,1.0603508434495174e-15
joint,0.655,33.436563062425265,0.0,9.95184242699142e-16,2.473901519646163,1.7075472925031877e-06,1.0261830318594387e-15
joint,0.6575,33.53159422873519,0.0,1.07173345264825e-15,2.473793434595302,1.2074182697257333e-06,1.0052217394931573e-15
joint,0.66,33.62641909752678,0.0,1.0894338630439481e-15,2.4736867934905744,8.537736462515939e-07,1.0160743653040776e-15
joint,0.6625,33.7210381530748,0.0,1.0799387611197784e-15,2.473581589498763,0.0,1.362451196301851e-15
joint,0.665,33.81545187908458,0.0,1.0045910137619937e-15,2.4734778158180344,1.9090959104164224e-06,1.0327792025238133e-15
joint,0.6675,33.90966075868467,8.537736462515939e-07,1.101376546938511e-15,2.4733754656777664,8.537736462515939e-07,9.348618405709557e-16
joint,0.67,34.00366527441976,8.537736462515939e-07,1.0159745606006762e-15,2.473274532338409,1.4787793334710982e-06,1.087383005267386e-15
joint,0.6725,34.09746590824353,1.9090959104164224e-06,1.0797201872171451e-15,2.4731750090913263,8.537736462515939e-07,1.1382568864326728e-15
joint,0.675,34.19106314151166,0.0,9.90922056398566e-16,2.4730768892586403,2.2588727439225506e-06,1.0746165982484564e-15
joint,0.6775,34.28445745497508,1.9090959104164224e-06,9.832586867533137e-16,2.4729801661931052,1.2074182697257333e-06,9.199633350235442e-16
joint,0.68,34.3776493287731,0.0,1.0952700637004822e-15,2.4728848332779156,1.4787793334710982e-06,1.0575021646348642e-15
joint,0.6825,34.47063924242676,0.0,1.0015225476747221e-15,2.4727908839266,1.7075472925031877e-06,8.753953697042813e-16
joint,0.685,34.563427674832425,0.0,1.010086586801512e-15,2.4726983115828545,1.4787793334710982e-06,9.800792224319569e-16
joint,0.6875,34.65601510425515,0.0,1.0420366828459799e-15,2.472607109720396,0.0,9.700396509522803e-16
joint,0.69,34.748402008322444,0.0,1.0055426934222978e-15,2.47251727184282,1.7075472925031877e-06,9.977166515354743e-16
joint,0.6925,34.840588864018,0.0,1.0900923103771608e-15,2.472428791483453,0.0,1.0499525502385198e-15
joint,0.695,34.93257614767553,0.0,1.0940479120358566e-15,2.4723416622052143,0.0,1.0122973326283895e-15
joint,0.6975,35.02436433497273,0.0,9.687086613338316e-16,2.472255877600464,0.0,1.1500780560511744e-15
joint,0.7,35.11595390092523,8.537736462515939e-07,1.0864625580940328e-15,2.472171431290872,1.7075472925031877e-06,1.2262038795517016e-15
joint,0.7025,35.2073453198809,0.0,1.2356860493829896e-15,2.4720883169272647,8.537736462515939e-07,9.765178659812423e-16
joint,0.705,35.29853906551396,0.0,1.0293357079036487e-15,2.4720065281894925,1.2074182697257333e-06,9.967893152280716e-16
joint,0.7075,35.38953561081935,0.0,1.079425222451843e-15,2.471926058786291,8.537736462515939e-07,1.1942721969758199e-15
joint,0.71,35.48033542810716,0.0,1.0102836482068865e-15,2.4718469024551335,2.091309789151873e-06,1.0309476414647172e-15
joint,0.7125,35.57093898899706,0.0,1.1075208045796998e-15,2.471769052962091,1.7075472925031877e-06,1.07575405338075e-15
joint,0.715,35.661346764413025,2.561320938754782e-06,9.773959021717783e-16,2.47169250410172,1.2074182697257333e-06,9.70432290118761e-16
joint,0.7175,35.75155922457796,2.091309789151873e-06,1.0264688820515597e-15,2.47161724969689,2.2588727439225506e-06,9.579305024293755e-16
joint,0.72,35.84157683900844,0.0,1.1605374825434248e-15,2.4715432835986744,8.537736462515939e-07,1.1002752666544988e-15
joint,0.7225,35.9314000765097,1.9090959104164224e-06,1.0188560547971467e-15,2.4714705996862016,1.2074182697257333e-06,1.0842500774799186e-15
joint,0.725,36.02102940517045,0.0,1.0700564938000983e-15,2.4713991918665195,1.9090959104164224e-06,9.315571567555362e-16
joint,0.7275,36.110465292358,0.0,9.654050568517245e-16,2.4713290540744777,1.7075472925031877e-06,9.393095800379288e-16
joint,0.73,36.19970820471339,2.091309789151873e-06,9.747244455431502e-16,2.47126018027257,0.0,1.157385453443902e-15
joint,0.7325,36.28875860814662,0.0,9.459453154482935e-16,2.4711925644508392,1.2074182697257333e-06,1.0968458675334923e-15
joint,0.735,36.37761696783179,8.537736462515939e-07,9.912895192899894e-16,2.4711262006266907,1.4787793334710982e-06,1.0272438059524204e-15
joint,0.7375,36.46628374820277,0.0,1.0217775266981295e-15,2.4710610828448205,1.2074182697257333e-06,1.1033002928336315e-15
joint,0.74,36.55475941294833,0.0,1.0348091083886308e-15,2.470997205177039,2.091309789151873e-06,1.0095501124615523e-15
joint,0.7425,36.64304442500797,0.0,1.1240287223777132e-15,2.470934561722169,1.2074182697257333e-06,9.31827300917467e-16
joint,0.745,36.73113924656731,0.0,1.0085135468796692e-15,2.470873146605916,2.4148365394514667e-06,9.56637710130636e-16
joint,0.7475,36.819044339053974,2.2588727439225506e-06,1.0069995376030661e-15,2.470812953980714,1.9090959104164224e-06,1.0009968998825797e-15
joint,0.75,36.90676016313325,0.0,1.1623593613882535e-15,2.470753978025638,2.2588727439225506e-06,9.454887679705535e-16
joint,0.7525,36.99428717870402,0.0,9.30359143873718e-16,2.470696212946242,1.4787793334710982e-06,1.1222205733538323e-15
joint,0.755,37.081625844894674,0.0,9.111913410073098e-16,2.4706396529744508,0.0,1.06969265536112e-15
joint,0.7575,37.168776620059035,0.0,9.465603161131102e-16,2.470584292368435,1.7075472925031877e-06,1.0118894583074276e-15
joint,0.76,37.255739961772626,0.0,1.0536143780022549e-15,2.4705301254124823,0.0,1.055419341638183e-15
joint,0.7625,37.34251632682867,0.0,1.0308564550999238e-15,2.4704771464168784,1.4787793334710982e-06,9.150888243353416e-16
joint,0.765,37.42910617123444,8.537736462515939e-07,1.0142385167665068e-15,2.470425349717773,1.7075472925031877e-06,1.2442168487335957e-15
joint,0.7675,37.51550995020739,0.0,1.0052545231196843e-15,2.4703747296770664,8.537736462515939e-07,9.775569660318245e-16
joint,0.77,37.60172811817177,0.0,9.67254289422563e-16,2.470325280682284,0.0,9.455804303991106e-16
joint,0.7725,37.68776112875494,1.7075472925031877e-06,9.83448428558911e-16,2.470276997146466,1.9090959104164224e-06,1.2649458402451611e-15
joint,0.775,37.77360943478389,1.2074182697257333e-06,1.050977395071512e-15,2.4702298735080297,2.2588727439225506e-06,1.0648286744741323e-15
joint,0.7775,37.859273488281886,8.537736462515939e-07,9.959468781980677e-16,2.470183904230659,0.0,1.0087822112926383e-15
joint,0.78,37.94475374046506,0.0,9.96749154173738e-16,2.4701390838031814,0.0,1.022237241484687e-15
joint,0.7825,38.030050641739216,0.0,9.471038536440503e-16,2.470095406739458,0.0,8.959638378174388e-16
joint,0.785,38.11516464169658,0.0,1.038736390081959e-15,2.4700528675782514,0.0,9.877886111219185e-16
joint,0.7875,38.20009618911267,0.0,1.080089479744125e-15,2.470011460883118,1.7075472925031877e-06,9.785527506628907e-16
joint,0.79,38.284845731943264,0.0,1.1839864706152472e-15,2.4699711812422946,0.0,1.085646634675804e-15
joint,0.7925,38.369413717321336,0.0,1.0918636855643342e-15,2.469932023268574,0.0,9.278875012305436e-16
joint,0.795,38.45380059155413,0.0,1.0059436461320788e-15,2.4698939815991863,2.091309789151873e-06,9.78331824882963e-16
joint,0.7975,38.53800680012035,0.0,1.0463867643067096e-15,2.4698570508956945,2.091309789151873e-06,1.448933362914461e-15
joint,0.8,38.62203278766726,1.7075472925031877e-06,1.1112480502608264e-15,2.469821225843881,2.831646840510158e-06,1.0504338678181284e-15
joint,0.8025,38.70587899800798,0.0,1.046867845155624e-15,2.4697865011536155,1.9090959104164224e-06,8.607865303361149e-16
joint,0.805,38.789545874118794,0.0,1.142434433690805e-15,2.469752871558769,1.4787793334710982e-06,1.1601733376992391e-15
joint,0.8075,38.87303385813652,0.0,1.0413898259740316e-15,2.469720331817071,2.091309789151873e-06,1.0527509817280184e-15
joint,0.81,38.95634339135596,0.0,1.0671262182177316e-15,2.4696888767100265,0.0,9.93871627967846e-16
joint,0.8125,39.039474914227355,1.7075472925031877e-06,1.0388928652913292e-15,2.469658501042786,1.7075472925031877e-06,9.612574081058432e-16
joint,0.815,39.12242886635397,0.0,1.092594174956922e-15,2.469629199644038,1.2074182697257333e-06,1.2066984521459602e-15
joint,0.8175,39.20520568648975,1.7075472925031877e-06,1.0426935493987532e-15,2.469600967365907,2.831646840510158e-06,1.1278034750095066e-15
joint,0.82,39.287805812536824,0.0,1.0144950611602084e-15,2.4695737990838267,1.2074182697257333e-06,1.0297110999130404e-15
joint,0.8225,39.3702296815435,0.0,1.1153913938340509e-15,2.469547689696452,2.2588727439225506e-06,1.0966335362454745e-15
joint,0.825,39.45247772970177,2.2588727439225506e-06,9.536694292606435e-16,2.469522634125535,1.4787793334710982e-06,9.268363448078297e-16
joint,0.8275,39.53455039234536,1.7075472925031877e-06,9.836735976545213e-16,2.469498627315823,0.0,1.1117964721076327e-15
joint,0.83,39.61644810394751,0.0,1.0815698640072885e-15,2.469475664234952,1.2074182697257333e-06,9.79877071388295e-16
joint,0.8325,39.69817129811895,8.537736462515939e-07,9.622544606090949e-16,2.4694537398733267,2.561320938754782e-06,1.0337002073434898e-15
joint,0.835,39.77972040760595,2.091309789151873e-06,1.1452778281432004e-15,2.4694328492440385,1.7075472925031877e-06,9.60541466492915e-16
joint,0.8375,39.86109586428833,1.4787793334710982e-06,1.0307378819453212e-15,2.469412987382744,0.0,1.2543382353402638e-15
joint,0.84,39.942298099177556,1.2074182697257333e-06,9.902453546816194e-16,2.4693941493475497,1.4787793334710982e-06,1.0421183548426786e-15
joint,0.8425,40.02332754241497,0.0,1.0376718932854063e-15,2.469376330218934,0.0,9.275307325878913e-16
joint,0.845,40.104184623269916,1.7075472925031877e-06,1.0825535112982652e-15,2.469359525099617,1.7075472925031877e-06,9.69891070562272e-16
joint,0.8475,40.18486977013813,0.0,1.024266612271645e-15,2.469343729114475,2.4148365394514667e-06,1.0437919446860113e-15
joint,0.85,40.265383410539926,2.2588727439225506e-06,9.745078680346384e-16,2.46932893741043,1.9090959104164224e-06,1.0085239582196967e-15
joint,0.8525,40.34572597111863,1.4787793334710982e-06,1.1190447490457839e-15,2.469315145156343,0.0,9.84373392594903e-16
joint,0.855,40.42589787763902,0.0,9.857562410833716e-16,2.469302347542914,0.0,9.673726426340305e-16
joint,0.8575,40.505899554985696,1.9090959104164224e-06,9.668842321739045e-16,2.4692905397825875,1.4787793334710982e-06,1.0038155287879657e-15
joint,0.86,40.58573142716171,0.0,1.0369680395030937e-15,2.469279717109447,0.0,1.2359989720338047e-15
joint,0.8625,40.66539391728705,1.7075472925031877e-06,1.0422842192963697e-15,2.469269874779104,1.2074182697257333e-06,1.027579982070085e-15
joint,0.865,40.74488744759726,2.2588727439225506e-06,9.73747778439828e-16,2.469261008068623,0.0,9.606271013925583e-16
joint,0.8675,40.824212439442164,0.0,9.819273884568185e-16,2.469253112276387,0.0,1.3261220819400807e-15
joint,0.87,40.9033693132844,0.0,1.1715995003662786e-15,2.4692461827220304,0.0,1.0504851590825699e-15
joint,0.8725,40.98235848869837,0.0,1.1240717520433417e-15,2.469240214746324,2.2588727439225506e-06,1.1839899017207087e-15
joint,0.875,41.061180384368875,0.0,1.1168431368670693e-15,2.4692352037110794,2.2588727439225506e-06,8.957062708583588e-16
joint,0.8775,41.13983541809007,0.0,1.1159476685691307e-15,2.4692311449990516,2.091309789151873e-06,1.0601466809801564e-15
joint,0.88,41.218324006764206,0.0,1.1205722250241555e-15,2.4692280340138404,2.091309789151873e-06,1.220121310494825e-15
joint,0.8825,41.296646566400725,0.0,1.0370344840420556e-15,2.469225866179801,0.0,1.0170817028390649e-15
joint,0.885,41.37480351211503,0.0,9.422781869553307e-16,2.469224636941935,1.4787793334710982e-06,1.0398079459339275e-15
joint,0.8875,41.452795258127665,0.0,1.0519346955488311e-15,2.469224341765805,1.2074182697257333e-06,1.1744373905071722e-15
joint,0.89,41.530622217763295,0.0,9.780071403178415e-16,2.4692249761374394,1.7075472925031877e-06,1.0268757132266204e-15
joint,0.8925,41.60828480344974,1.2074182697257333e-06,1.1438361463492468e-15,2.469226535563229,1.2074182697257333e-06,8.906472488046762e-16
joint,0.895,41.685783426717215,1.4787793334710982e-06,1.1716651635990399e-15,2.469229015569836,1.2074182697257333e-06,1.0162854350099259e-15
joint,0.8975,41.76311849819743,0.0,1.1719597011583624e-15,2.469232411704109,8.537736462515939e-07,9.286197272023976e-16
joint,0.9,41.84029042762283,1.2074182697257333e-06,1.1059212412101988e-15,2.4692367195329767,2.091309789151873e-06,9.489150215653333e-16
joint,0.9025,41.91729962382584,1.2074182697257333e-06,1.084770531698605e-15,2.469241934643363,1.9090959104164224e-06,1.0399613117332483e-15
joint,0.905,41.99414649473816,0.0,1.1025576257788605e-15,2.4692480526420892,1.2074182697257333e-06,8.832899937217691e-16
joint,0.9075,42.07083144739006,1.4787793334710982e-06,1.0075968128473096e-15,2.469255069155789,1.7075472925031877e-06,8.735797983087173e-16
joint,0.91,42.14735488790983,0.0,1.0547173184921366e-15,2.46926297983081,0.0,1.0333243503160486e-15
joint,0.9125,42.223717221523074,1.7075472925031877e-06,1.0805821851936173e-15,2.4692717803331243,2.561320938754782e-06,1.0264122880343878e-15
joint,0.915,42.29991885255225,0.0,1.169715670050998e-15,2.4692814663482383,1.9090959104164224e-06,1.1480245698298696e-15
joint,0.9175,42.3759601844161,1.7075472925031877e-06,9.240972362401158e-16,2.4692920335811044,1.2074182697257333e-06,9.791707913462806e-16
joint,0.92,42.45184161962913,0.0,1.0351144716219565e-15,2.4693034777560317,0.0,1.0254926687542182e-15
joint,0.9225,42.527563559801266,0.0,1.0110525836236762e-15,2.469315794616585,0.0,9.655825890174922e-16
joint,0.925,42.603126405637326,1.4787793334710982e-06,1.2200203778025782e-15,2.469328979925519,8.537736462515939e-07,8.96486465487261e-16
joint,0.9275,42.67853055693668,0.0,9.617390742994346e-16,2.4693430294646608,1.7075472925031877e-06,1.049313502452664e-15
joint,0.93,42.75377641259298,2.091309789151873e-06,1.0001246491152703e-15,2.4693579390348503,1.7075472925031877e-06,1.0282437748050883e-15
joint,0.9325,42.82886437059367,1.2074182697257333e-06,9.978775393928045e-16,2.4693737044558217,0.0,1.044005752812624e-15
joint,0.935,42.90379482801992,2.561320938754782e-06,1.0429208553008004e-15,2.4693903215661552,2.2588727439225506e-06,1.009374405863136e-15
joint,0.9375,42.97856818104625,1.2074182697257333e-06,1.0574055356496833e-15,2.4694077862231563,1.2074182697257333e-06,1.1398827701227438e-15
joint,0.94,43.05318482494029,8.537736462515939e-07,1.0261742758938862e-15,2.4694260943027735,1.9090959104164224e-06,8.713481943209691e-16
joint,0.9425,43.12764515406273,0.0,1.1006519977881193e-15,2.4694452416995367,1.2074182697257333e-06,9.881150612117e-16
joint,0.945,43.20194956186704,1.7075472925031877e-06,9.895721763046655e-16,2.469465224326447,1.4787793334710982e-06,1.1042873973964406e-15
joint,0.9475,43.276098440899446,1.2074182697257333e-06,1.1203711679893445e-15,2.469486038114895,1.7075472925031877e-06,9.02082386992654e-16
joint,0.95,43.350092182798804,8.537736462515939e-07,1.13573608149075e-15,2.4695076790145905,2.091309789151873e-06,9.018974344884164e-16
joint,0.9525,43.42393117829652,1.4787793334710982e-06,1.1943804436035332e-15,2.469530142993462,1.7075472925031877e-06,9.72388398362734e-16
joint,0.955,43.49761581721658,1.7075472925031877e-06,1.0381222497593972e-15,2.469553426037581,0.0,9.799135993795869e-16
joint,0.9575,43.57114648847552,1.4787793334710982e-06,9.308416690940314e-16,2.4695775241510747,1.2074182697257333e-06,1.0302526738603566e-15
joint,0.96,43.644523580082435,2.699869328381916e-06,9.79245389662e-16,2.469602433356043,0.0,1.0606734136256569e-15
joint,0.9625,43.71774747913914,8.537736462515939e-07,1.0313665299559187e-15,2.469628149692484,1.2074182697257333e-06,1.042106452358072e-15
joint,0.965,43.79081857184014,8.537736462515939e-07,1.1096156859533239e-15,2.4696546692181975,1.4787793334710982e-06,9.527242433583172e-16
joint,0.9675,43.86373724347286,0.0,1.0167576294349997e-15,2.469681988008718,1.7075472925031877e-06,9.22885050621537e-16
joint,0.97,43.93650387841768,2.699869328381916e-06,1.120690075717145e-15,2.4697101021572183,2.091309789151873e-06,9.972334779816871e-16
joint,0.9725,44.009118860148206,0.0,1.0967140053766214e-15,2.469739007774436,2.091309789151873e-06,1.0257073198271436e-15
joint,0.975,44.081582571231436,0.0,1.204286207635677e-15,2.4697687009886002,1.9090959104164224e-06,1.0344161697467858e-15
joint,0.9775,44.15389539332797,0.0,1.217259709389459e-15,2.4697991779453337,1.2074182697257333e-06,1.1035783321089092e-15
joint,0.98,44.226057707192325,1.4787793334710982e-06,1.025821208629018e-15,2.4698304348075877,2.2588727439225506e-06,1.0042225554002912e-15
joint,0.9825,44.298069892673155,2.091309789151873e-06,1.071603241737577e-15,2.4698624677555556,0.0,1.1465029222332379e-15
joint,0.985,44.36993232871359,0.0,1.0381143930577554e-15,2.4698952729865935,1.2074182697257333e-06,9.595768821379107e-16
joint,0.9875,44.44164539335154,2.2588727439225506e-06,1.159781692273582e-15,2.4699288467151463,8.537736462515939e-07,1.0954938767106704e-15
joint,0.99,44.51320946372013,0.0,1.022711110047479e-15,2.469963185172665,0.0,1.0341455884095454e-15
joint,0.9925,44.58462491604803,1.4787793334710982e-06,1.0545011518533158e-15,2.4699982846075272,1.2074182697257333e-06,9.54268315869763e-16
joint,0.995,44.65589212565982,0.0,1.1033468128955463e-15,2.4700341412849576,0.0,9.660724091524456e-16
joint,0.9975,44.72701146697646,1.9090959104164224e-06,1.2209301324043006e-15,2.470070751486966,8.537736462515939e-07,1.1913832206422261e-15
joint,1.0,44.79798331351582,0.0,1.1540774555688934e-15,2.4701081115122476,1.9090959104164224e-06,9.10940575892666e-16
