cell_id_candidate,replicate_index,status_candidate,generator_seed_candidate,selected_lv_candidate,permutations_candidate,observed_delta_candidate,p_delta_candidate,observed_angle_candidate,p_angle_candidate,observed_shape_candidate,p_shape_candidate,cell_id_reference,status_reference,generator_seed_reference,selected_lv_reference,permutations_reference,observed_delta_reference,p_delta_reference,observed_angle_reference,p_angle_reference,observed_shape_reference,p_shape_reference,seed_match,lv_match,abs_diff_delta,delta_match,p_delta_match,abs_diff_angle,angle_match,p_angle_match,abs_diff_shape,shape_match,p_shape_match,p_values_comparable,all_match
power_primary-959a17ce61fd,0,completed,442490140,3,199,0.22559098803667155,0.195,0.9970784153187676,0.855,0.0037832354409698225,0.755,power_primary-d74045b65506,completed,442490140,3,999,0.22559098803668576,0.202,0.9970784153187676,0.865,0.0037832354409697232,0.75,True,True,1.4210854715202004e-14,True,False,0.0,True,False,9.93129189996722e-17,True,False,False,True
power_primary-959a17ce61fd,1,completed,1988319376,3,199,0.36847445338617746,0.065,1.674352044872161,0.205,0.00966296293346101,0.025,power_primary-d74045b65506,completed,1988319376,3,999,0.36847445338617035,0.056,1.674352044872161,0.216,0.009662962933461697,0.025,True,True,7.105427357601002e-15,True,False,0.0,True,False,6.869504964868156e-16,True,True,False,True
power_primary-959a17ce61fd,2,completed,4392779,3,199,0.4157887051539859,0.045,2.895347674403503,0.64,0.007532109267389945,0.605,power_primary-d74045b65506,completed,4392779,3,999,0.4157887051539859,0.053,2.895347674403503,0.625,0.007532109267389945,0.637,True,True,0.0,True,False,0.0,True,False,0.0,True,False,False,True
power_primary-959a17ce61fd,3,completed,902412935,2,199,0.40168605455795614,0.06,3.2683205355808957,0.735,0.0031433997913166934,0.87,power_primary-d74045b65506,completed,902412935,2,999,0.40168605455795614,0.064,3.2683205355808957,0.813,0.0031433997913166934,0.87,True,True,0.0,True,False,0.0,True,False,0.0,True,True,False,True
power_primary-959a17ce61fd,4,completed,1799499025,3,199,0.19970946481404894,0.225,1.983207754851433,0.495,0.004280680630669123,0.6,power_primary-d74045b65506,completed,1799499025,3,999,0.19970946481402052,0.248,1.9832077548530873,0.466,0.004280680630669474,0.572,True,True,2.842170943040401e-14,True,False,1.6542323066914832e-12,True,False,3.5128150388530344e-16,True,False,False,True
power_primary-959a17ce61fd,5,completed,1467496873,3,199,0.4525976571425332,0.135,4.78472380540774,0.34,0.006210919439878266,0.715,power_primary-d74045b65506,completed,1467496873,3,999,0.4525976571425332,0.115,4.78472380540774,0.371,0.006210919439878266,0.745,True,True,0.0,True,False,0.0,True,False,0.0,True,False,False,True
power_primary-959a17ce61fd,6,completed,2045152989,3,199,0.11832572401208097,0.675,0.8816923279387261,0.865,0.006104233872752094,0.54,power_primary-d74045b65506,completed,2045152989,3,999,0.11832572401200991,0.71,0.8816923279395528,0.879,0.006104233872752734,0.568,True,True,7.105427357601002e-14,True,False,8.266720641358916e-13,True,False,6.401129626354418e-16,True,False,False,True
power_primary-959a17ce61fd,7,completed,711045316,3,199,0.26046652881002785,0.16,2.8832119563267558,0.2,0.004664275474917344,0.49,power_primary-d74045b65506,completed,711045316,3,999,0.2604665288100563,0.155,2.8832119563263756,0.218,0.004664275474916984,0.462,True,True,2.842170943040401e-14,True,False,3.801403636316536e-13,True,False,3.5995512126518747e-16,True,False,False,True
power_primary-959a17ce61fd,8,completed,1004172804,3,199,0.03650929697445804,0.88,1.1309129798294453,0.375,0.0070283723278076575,0.04,power_primary-d74045b65506,completed,1004172804,3,999,0.03650929697451488,0.832,1.1309129798281563,0.46,0.007028372327807764,0.057,True,True,5.684341886080802e-14,True,False,1.2889689315898067e-12,True,False,1.0668549377257364e-16,True,False,False,True
power_primary-959a17ce61fd,9,completed,86825819,3,199,0.050836644331269554,0.8,2.8603465071269834,0.315,0.0050001454180835115,0.67,power_primary-d74045b65506,completed,86825819,3,999,0.0508366443311985,0.826,2.860346507127493,0.285,0.005000145418083925,0.678,True,True,7.105427357601002e-14,True,False,5.098144129078719e-13,True,False,4.137315490204685e-16,True,False,False,True
power_primary-959a17ce61fd,10,completed,2107978490,2,199,0.024013093578744815,0.895,178.19854828036384,0.185,0.007945736352449972,0.2,power_primary-d74045b65506,completed,2107978490,2,999,0.024013093578808764,0.892,178.1985482803634,0.17,0.007945736352449804,0.168,True,True,6.394884621840902e-14,True,False,4.263256414560601e-13,True,False,1.682681771697503e-16,True,False,False,True
power_primary-959a17ce61fd,11,completed,1645316529,3,199,0.2716817762295136,0.165,1.1283343102410195,0.85,0.005990928457183759,0.66,power_primary-d74045b65506,completed,1645316529,3,999,0.27168177622955625,0.149,1.1283343102410195,0.845,0.005990928457183006,0.649,True,True,4.263256414560601e-14,True,False,0.0,True,False,7.528699885739343e-16,True,False,False,True
power_primary-959a17ce61fd,12,completed,1215724335,3,199,0.24197589412759157,0.295,3.433823174940097,0.28,0.011965152388560104,0.01,power_primary-d74045b65506,completed,1215724335,3,999,0.24197589412759157,0.295,3.433823174940097,0.297,0.011965152388560104,0.003,True,True,0.0,True,True,0.0,True,False,0.0,True,False,False,True
power_primary-959a17ce61fd,13,completed,453877169,3,199,0.18179456745132683,0.425,0.7440725846141041,0.7,0.0032840826073152,0.945,power_primary-d74045b65506,completed,453877169,3,999,0.1817945674512913,0.434,0.7440725846145939,0.728,0.0032840826073148623,0.94,True,True,3.552713678800501e-14,True,False,4.898303984646191e-13,True,False,3.378373969464832e-16,True,False,False,True
power_primary-959a17ce61fd,14,completed,638675281,3,199,0.007684920351778146,0.98,3.3574857788656987,0.1,0.008301150341090306,0.025,power_primary-d74045b65506,completed,638675281,3,999,0.007684920351792357,0.973,3.3574857788656987,0.094,0.008301150341091358,0.026,True,True,1.4210854715202004e-14,True,False,0.0,True,False,1.052977149917922e-15,True,False,False,True
power_primary-959a17ce61fd,15,completed,820769777,2,199,0.24399637083922698,0.28,1.0489510052504414,0.6,0.007462145555957728,0.38,power_primary-d74045b65506,completed,820769777,2,999,0.2439963708392341,0.313,1.0489510052507889,0.625,0.007462145555957985,0.406,True,True,7.105427357601002e-15,True,False,3.47499806707674e-13,True,False,2.5760643618255585e-16,True,False,False,True
power_primary-959a17ce61fd,16,completed,1568281451,3,199,0.22347132305181105,0.175,1.6464993808100405,0.425,0.007725053673795579,0.425,power_primary-d74045b65506,completed,1568281451,3,999,0.22347132305179684,0.232,1.6464993808104833,0.481,0.007725053673795283,0.427,True,True,1.4210854715202004e-14,True,False,4.4275694222051243e-13,True,False,2.957703526540456e-16,True,False,False,True
power_primary-959a17ce61fd,17,completed,1834225001,3,199,0.06953730780013245,0.705,2.2928273327558264,0.835,0.0055311166188794555,0.58,power_primary-d74045b65506,completed,1834225001,3,999,0.06953730780013245,0.706,2.2928273327558264,0.861,0.0055311166188794555,0.563,True,True,0.0,True,False,0.0,True,False,0.0,True,False,False,True
power_primary-959a17ce61fd,18,completed,1032965644,3,199,0.10917958768513358,0.65,10.703732750503686,0.165,0.006627178309489188,0.54,power_primary-d74045b65506,completed,1032965644,3,999,0.10917958768513358,0.663,10.703732750503686,0.149,0.006627178309489188,0.49,True,True,0.0,True,False,0.0,True,False,0.0,True,False,False,True
power_primary-959a17ce61fd,19,completed,940287870,3,199,0.2287953292267133,0.31,8.946736315893103,0.465,0.0038971089038046126,0.92,power_primary-d74045b65506,completed,940287870,3,999,0.22879532922677015,0.301,8.946736315893798,0.514,0.0038971089038045336,0.926,True,True,5.684341886080802e-14,True,False,6.945555242054979e-13,True,False,7.892991815694472e-17,True,False,False,True
power_primary-959a17ce61fd,20,completed,836574472,3,199,0.3384129488485428,0.13,1.2978412946414515,0.855,0.004629570307283451,0.815,power_primary-d74045b65506,completed,836574472,3,999,0.33841294884848594,0.156,1.2978412946408897,0.885,0.004629570307283357,0.813,True,True,5.684341886080802e-14,True,False,5.617728504603292e-13,True,False,9.367506770274758e-17,True,False,False,True
power_primary-959a17ce61fd,21,completed,540947595,3,199,0.104244564560517,0.51,0.18734977074754433,0.975,0.007164658806086089,0.35,power_primary-d74045b65506,completed,540947595,3,999,0.10424456456048858,0.54,0.18734977074170817,0.977,0.007164658806086101,0.374,True,True,2.842170943040401e-14,True,False,5.836164884698292e-12,True,False,1.1275702593849246e-17,True,False,False,True
power_primary-959a17ce61fd,22,completed,96891855,3,199,0.5902280276251872,0.27,1.3574671722087523,0.605,0.006901446774464165,0.815,power_primary-d74045b65506,completed,96891855,3,999,0.5902280276251872,0.27,1.3574671722087523,0.579,0.006901446774464165,0.8,True,True,0.0,True,True,0.0,True,False,0.0,True,False,False,True
power_primary-959a17ce61fd,23,completed,371609101,3,199,0.155596526508333,0.665,1.7808799408081633,0.54,0.008833113928394956,0.525,power_primary-d74045b65506,completed,371609101,3,999,0.155596526508333,0.62,1.7808799408081633,0.586,0.008833113928394956,0.58,True,True,0.0,True,False,0.0,True,False,0.0,True,False,False,True
power_primary-959a17ce61fd,24,completed,1874432187,3,199,0.07587582568190498,0.71,13.755802707317638,0.415,0.004047577423630281,0.64,power_primary-d74045b65506,completed,1874432187,3,999,0.0758758256819334,0.716,13.755802707316995,0.422,0.004047577423630427,0.629,True,True,2.842170943040401e-14,True,False,6.430411758628907e-13,True,False,1.457167719820518e-16,True,False,False,True
power_primary-959a17ce61fd,25,completed,1151207504,3,199,0.12279613002965561,0.59,1.329522112709655,0.955,0.001392506228063397,1.0,power_primary-d74045b65506,completed,1151207504,3,999,0.12279613002965561,0.534,1.329522112709655,0.929,0.001392506228063397,1.0,True,True,0.0,True,False,0.0,True,False,0.0,True,True,False,True
power_primary-959a17ce61fd,26,completed,1014524817,3,199,0.44263301116384923,0.075,9.730962343279867,0.015,0.010119810714065269,0.1,power_primary-d74045b65506,completed,1014524817,3,999,0.4426330111637782,0.073,9.730962343280204,0.019,0.010119810714065727,0.125,True,True,7.105427357601002e-14,True,False,3.375077994860476e-13,True,False,4.579669976578771e-16,True,False,False,True
power_primary-959a17ce61fd,27,completed,2049316386,2,199,0.15107587526986777,0.435,1.3068033212802355,0.62,0.003684454778594479,0.705,power_primary-d74045b65506,completed,2049316386,2,999,0.15107587526981803,0.461,1.3068033212802355,0.598,0.0036844547785948494,0.702,True,True,4.973799150320701e-14,True,False,0.0,True,False,3.703634621210483e-16,True,False,False,True
power_primary-959a17ce61fd,28,completed,1309319486,3,199,0.09845325638200109,0.545,1.70904029833759,0.515,0.004989595294875137,0.41,power_primary-d74045b65506,completed,1309319486,3,999,0.09845325638195845,0.559,1.70904029833759,0.546,0.004989595294876167,0.445,True,True,4.263256414560601e-14,True,False,0.0,True,False,1.0304257447302234e-15,True,False,False,True
power_primary-959a17ce61fd,29,completed,86337554,3,199,0.1810085917265809,0.355,1.2004975578363486,0.78,0.0054212838393096685,0.785,power_primary-d74045b65506,completed,86337554,3,999,0.1810085917265809,0.367,1.2004975578363486,0.8,0.0054212838393096685,0.784,True,True,0.0,True,False,0.0,True,False,0.0,True,False,False,True
power_primary-959a17ce61fd,30,completed,47138681,3,199,0.0809503913758931,0.685,3.5463326072014056,0.205,0.010718245996420465,0.09,power_primary-d74045b65506,completed,47138681,3,999,0.08095039137590732,0.705,3.546332607201303,0.215,0.010718245996420286,0.085,True,True,1.4210854715202004e-14,True,False,1.0258460747536446e-13,True,False,1.7867651802561113e-16,True,False,False,True
power_primary-959a17ce61fd,31,completed,536172943,3,199,0.38550220978714833,0.115,0.06805848072731206,1.0,0.00843214208083056,0.455,power_primary-d74045b65506,completed,536172943,3,999,0.38550220978719096,0.156,0.06805848073266724,0.999,0.008432142080829957,0.487,True,True,4.263256414560601e-14,True,False,5.35517463706725e-12,True,False,6.019490461639521e-16,True,False,False,True
power_primary-959a17ce61fd,32,completed,1190180054,3,199,0.15535486195696535,0.35,0.3664481324587915,0.96,0.001808646652157661,0.995,power_primary-d74045b65506,completed,1190180054,3,999,0.15535486195693693,0.328,0.36644813245978597,0.963,0.0018086466521583082,0.991,True,True,2.842170943040401e-14,True,False,9.94482274307984e-13,True,False,6.472686969738461e-16,True,False,False,True
power_primary-959a17ce61fd,33,completed,47996297,3,199,0.044441362512614546,0.87,0.2658729791768844,0.995,0.00224736568069754,0.99,power_primary-d74045b65506,completed,47996297,3,999,0.044441362512614546,0.85,0.2658729791768844,0.997,0.00224736568069754,0.99,True,True,0.0,True,False,0.0,True,False,0.0,True,True,False,True
power_primary-959a17ce61fd,34,completed,774610631,3,199,0.11251991251934612,0.67,1.4693994216767934,0.76,0.0054979322297926585,0.5,power_primary-d74045b65506,completed,774610631,3,999,0.11251991251934612,0.631,1.4693994216767934,0.79,0.0054979322297926585,0.456,True,True,0.0,True,False,0.0,True,False,0.0,True,False,False,True
power_primary-959a17ce61fd,35,completed,704843400,3,199,0.2066259282593279,0.235,2.507272469024015,0.475,0.004534920367843663,0.81,power_primary-d74045b65506,completed,704843400,3,999,0.20662592825928527,0.271,2.5072724690237242,0.493,0.004534920367843129,0.768,True,True,4.263256414560601e-14,True,False,2.90878432451791e-13,True,False,5.342948306008566e-16,True,False,False,True
power_primary-959a17ce61fd,36,completed,1401108533,3,199,0.04257595099861078,0.87,1.072119393668791,0.835,0.0022918053003762977,0.995,power_primary-d74045b65506,completed,1401108533,3,999,0.04257595099859657,0.854,1.072119393668451,0.814,0.00229180530037549,0.983,True,True,1.4210854715202004e-14,True,False,3.3995029014022293e-13,True,False,8.075137780672037e-16,True,False,False,True
power_primary-959a17ce61fd,37,completed,829300768,3,199,0.0452571911263675,0.815,1.0538289768111184,0.68,0.0025388282553018,0.9,power_primary-d74045b65506,completed,829300768,3,999,0.0452571911263675,0.793,1.0538289768111184,0.709,0.0025388282553018,0.919,True,True,0.0,True,False,0.0,True,False,0.0,True,False,False,True
power_primary-959a17ce61fd,38,completed,961762449,3,199,0.03028263360782546,0.89,0.11318461674776858,1.0,0.0018783097243978892,0.985,power_primary-d74045b65506,completed,961762449,3,999,0.03028263360782546,0.88,0.11318461674776858,1.0,0.0018783097243978892,0.994,True,True,0.0,True,False,0.0,True,True,0.0,True,False,False,True
power_primary-959a17ce61fd,39,completed,559619529,3,199,0.2972858234485045,0.255,1.9613264692725347,0.815,0.0033954509889431413,0.9,power_primary-d74045b65506,completed,559619529,3,999,0.29728582344853294,0.202,1.9613264692712336,0.807,0.0033954509889429292,0.907,True,True,2.842170943040401e-14,True,False,1.3011813848606835e-12,True,False,2.1206994493816467e-16,True,False,False,True
power_primary-959a17ce61fd,40,completed,1220783823,3,199,0.31685498807786416,0.14,1.3194417057327419,0.85,0.0027635459470237633,0.985,power_primary-d74045b65506,completed,1220783823,3,999,0.31685498807786416,0.14,1.3194417057321894,0.825,0.0027635459470239008,0.967,True,True,0.0,True,True,5.524469770534779e-13,True,False,1.3747683547116196e-16,True,False,False,True
power_primary-959a17ce61fd,41,completed,1589204077,3,199,0.1577727409962506,0.59,0.3077665820113694,0.98,0.004575258657890957,0.855,power_primary-d74045b65506,completed,1589204077,3,999,0.1577727409962506,0.549,0.3077665820113694,0.968,0.004575258657890957,0.836,True,True,0.0,True,False,0.0,True,False,0.0,True,False,False,True
power_primary-959a17ce61fd,42,completed,1875627231,3,199,0.09066402237797888,0.605,0.15953391609028733,0.995,0.0036766231853460106,0.84,power_primary-d74045b65506,completed,1875627231,3,999,0.09066402237793625,0.618,0.15953391609485645,0.995,0.0036766231853449776,0.842,True,True,4.263256414560601e-14,True,False,4.569122857844832e-12,True,True,1.0330278299441886e-15,True,False,False,True
power_primary-959a17ce61fd,43,completed,814582487,3,199,0.3287908832390798,0.09,10.753709655061016,0.235,0.0058383460181834785,0.315,power_primary-d74045b65506,completed,814582487,3,999,0.3287908832390798,0.104,10.753709655061016,0.242,0.0058383460181834785,0.31,True,True,0.0,True,False,0.0,True,False,0.0,True,False,False,True
power_primary-959a17ce61fd,44,completed,1219209398,3,199,0.19565118396049286,0.25,2.351406066090393,0.39,0.005203590272050965,0.325,power_primary-d74045b65506,completed,1219209398,3,999,0.19565118396049286,0.245,2.3514060660905476,0.369,0.0052035902720511795,0.325,True,True,0.0,True,False,1.545430450278218e-13,True,False,2.1423834928313568e-16,True,True,False,True
power_primary-959a17ce61fd,45,completed,844780378,3,199,0.10087574777573138,0.59,2.1278348141013854,0.21,0.00830050449413734,0.065,power_primary-d74045b65506,completed,844780378,3,999,0.1008757477757598,0.619,2.1278348141010426,0.234,0.008300504494136399,0.073,True,True,2.842170943040401e-14,True,False,3.4283687000424834e-13,True,False,9.419548474554063e-16,True,False,False,True
power_primary-959a17ce61fd,46,completed,1047326254,3,199,0.534891401317509,0.02,1.2809678722178277,0.85,0.006839888340416355,0.15,power_primary-d74045b65506,completed,1047326254,3,999,0.534891401317509,0.02,1.2809678722178277,0.876,0.006839888340416355,0.175,True,True,0.0,True,True,0.0,True,False,0.0,True,False,False,True
power_primary-959a17ce61fd,47,completed,492351740,3,199,0.35042557261499496,0.06,5.306601688453329,0.09,0.00945383024362814,0.025,power_primary-d74045b65506,completed,492351740,3,999,0.35042557261499496,0.074,5.306601688453329,0.085,0.00945383024362814,0.036,True,True,0.0,True,False,0.0,True,False,0.0,True,False,False,True
power_primary-959a17ce61fd,48,completed,1260128548,3,199,0.12597070782935305,0.715,2.2292876157186847,0.82,0.004975949580795374,0.775,power_primary-d74045b65506,completed,1260128548,3,999,0.12597070782935305,0.696,2.2292876157186847,0.828,0.004975949580795374,0.733,True,True,0.0,True,False,0.0,True,False,0.0,True,False,False,True
power_primary-959a17ce61fd,49,completed,794634253,3,199,0.018312565448994178,0.955,4.72266355581239,0.09,0.005950987831185609,0.27,power_primary-d74045b65506,completed,794634253,3,999,0.018312565449065232,0.931,4.722663555813007,0.105,0.005950987831185616,0.273,True,True,7.105427357601002e-14,True,False,6.17284001691587e-13,True,False,6.938893903907228e-18,True,False,False,True
