baseline_continuity,generator.n_samples,trajectory_mode,effect_size,statistic,n_cells,n_replicates,n_available,n_rejected,rejection_rate,monte_carlo_se,n_eigengap_available,mean_eigengap,q33_eigengap,median_eigengap,q67_eigengap,n_angle_null_available,median_angle_null_q95,iqr_angle_null_q95,sd_angle_null_q95
0.0,300,orientation,0.25,delta,1,100,100,60,0.6,0.04898979485566356,100,0.05910551410308092,0.042610960731239045,0.056174303945195486,0.07111212646839704,100,19.137832549137507,45.3501814665375,56.964780304222444
0.0,300,orientation,0.25,angle,1,100,100,45,0.45,0.049749371855331,100,0.05910551410308092,0.042610960731239045,0.056174303945195486,0.07111212646839704,100,19.137832549137507,45.3501814665375,56.964780304222444
0.0,300,orientation,0.25,shape,1,100,100,82,0.82,0.0384187454245971,100,0.05910551410308092,0.042610960731239045,0.056174303945195486,0.07111212646839704,100,19.137832549137507,45.3501814665375,56.964780304222444
0.0,300,orientation,0.5,delta,1,100,100,67,0.67,0.04702127178203499,100,0.05678001619206399,0.038519128515469514,0.05070773646879126,0.06736830725658877,100,24.756454200146095,33.95833917027944,57.08333879396922
0.0,300,orientation,0.5,angle,1,100,100,63,0.63,0.048280430818293245,100,0.05678001619206399,0.038519128515469514,0.05070773646879126,0.06736830725658877,100,24.756454200146095,33.95833917027944,57.08333879396922
0.0,300,orientation,0.5,shape,1,100,100,93,0.93,0.02551470164434614,100,0.05678001619206399,0.038519128515469514,0.05070773646879126,0.06736830725658877,100,24.756454200146095,33.95833917027944,57.08333879396922
0.0,300,orientation,1.0,delta,1,100,100,69,0.69,0.04624932431938871,100,0.05833555117892003,0.034978680319140365,0.05182799842095989,0.06739181122237597,100,40.741784437920415,107.3970456082791,59.08471965526275
0.0,300,orientation,1.0,angle,1,100,100,55,0.55,0.049749371855330994,100,0.05833555117892003,0.034978680319140365,0.05182799842095989,0.06739181122237597,100,40.741784437920415,107.3970456082791,59.08471965526275
0.0,300,orientation,1.0,shape,1,100,100,91,0.91,0.028618176042508364,100,0.05833555117892003,0.034978680319140365,0.05182799842095989,0.06739181122237597,100,40.741784437920415,107.3970456082791,59.08471965526275
0.0,600,orientation,0.25,delta,1,100,100,77,0.77,0.042083250825001625,100,0.06011146370227121,0.04557172970305651,0.059789755138394546,0.07378177017327098,100,9.623616777374668,15.000688585285213,49.24337615127463
0.0,600,orientation,0.25,angle,1,100,100,74,0.74,0.04386342439892262,100,0.06011146370227121,0.04557172970305651,0.059789755138394546,0.07378177017327098,100,9.623616777374668,15.000688585285213,49.24337615127463
0.0,600,orientation,0.25,shape,1,100,100,96,0.96,0.019595917942265433,100,0.06011146370227121,0.04557172970305651,0.059789755138394546,0.07378177017327098,100,9.623616777374668,15.000688585285213,49.24337615127463
0.0,600,orientation,0.5,delta,1,100,100,81,0.81,0.03923009049186606,100,0.058362203786858455,0.04079538966831864,0.05394560779447499,0.06676099580275224,100,11.65819476946035,13.979786074296042,56.572733199177364
0.0,600,orientation,0.5,angle,1,100,100,81,0.81,0.03923009049186606,100,0.058362203786858455,0.04079538966831864,0.05394560779447499,0.06676099580275224,100,11.65819476946035,13.979786074296042,56.572733199177364
0.0,600,orientation,0.5,shape,1,100,100,100,1.0,0.0,100,0.058362203786858455,0.04079538966831864,0.05394560779447499,0.06676099580275224,100,11.65819476946035,13.979786074296042,56.572733199177364
0.0,600,orientation,1.0,delta,1,100,100,78,0.78,0.04142463035441595,100,0.05380456174711787,0.03843490077583539,0.04815124793662626,0.06551027197400133,100,18.75930636485424,38.20936539621365,55.47103406050049
0.0,600,orientation,1.0,angle,1,100,100,76,0.76,0.04270831300812525,100,0.05380456174711787,0.03843490077583539,0.04815124793662626,0.06551027197400133,100,18.75930636485424,38.20936539621365,55.47103406050049
0.0,600,orientation,1.0,shape,1,100,100,99,0.99,0.009949874371066205,100,0.05380456174711787,0.03843490077583539,0.04815124793662626,0.06551027197400133,100,18.75930636485424,38.20936539621365,55.47103406050049
0.0,1200,orientation,0.25,delta,1,100,100,88,0.88,0.03249615361854384,100,0.06125612800881198,0.04494232709529289,0.05986129299372231,0.07693063095737696,100,5.858884937391828,6.680548242287531,43.83995902949007
0.0,1200,orientation,0.25,angle,1,100,100,83,0.83,0.037563279941985904,100,0.06125612800881198,0.04494232709529289,0.05986129299372231,0.07693063095737696,100,5.858884937391828,6.680548242287531,43.83995902949007
0.0,1200,orientation,0.25,shape,1,100,100,100,1.0,0.0,100,0.06125612800881198,0.04494232709529289,0.05986129299372231,0.07693063095737696,100,5.858884937391828,6.680548242287531,43.83995902949007
0.0,1200,orientation,0.5,delta,1,100,100,86,0.86,0.03469870314579494,100,0.05738572135178257,0.0392576111738816,0.054126679200499156,0.0664784323975679,100,7.298572224287383,8.481774074325655,50.49372327388284
0.0,1200,orientation,0.5,angle,1,100,100,89,0.89,0.031288975694324025,100,0.05738572135178257,0.0392576111738816,0.054126679200499156,0.0664784323975679,100,7.298572224287383,8.481774074325655,50.49372327388284
0.0,1200,orientation,0.5,shape,1,100,100,100,1.0,0.0,100,0.05738572135178257,0.0392576111738816,0.054126679200499156,0.0664784323975679,100,7.298572224287383,8.481774074325655,50.49372327388284
0.0,1200,orientation,1.0,delta,1,100,100,86,0.86,0.03469870314579494,100,0.05425633006241824,0.03800711424513892,0.0486607369334596,0.0626378037982781,100,10.835109874005564,13.04619379017682,48.37035935265008
0.0,1200,orientation,1.0,angle,1,100,100,88,0.88,0.03249615361854384,100,0.05425633006241824,0.03800711424513892,0.0486607369334596,0.0626378037982781,100,10.835109874005564,13.04619379017682,48.37035935265008
0.0,1200,orientation,1.0,shape,1,100,100,100,1.0,0.0,100,0.05425633006241824,0.03800711424513892,0.0486607369334596,0.0626378037982781,100,10.835109874005564,13.04619379017682,48.37035935265008
0.5,300,orientation,0.25,delta,1,100,100,26,0.26,0.04386342439892262,100,0.1283404021972173,0.09737602590246813,0.12214391724477905,0.15207538676494747,100,25.98533627646878,21.212399100606792,34.24741070965472
0.5,300,orientation,0.25,angle,1,100,100,16,0.16,0.03666060555964672,100,0.1283404021972173,0.09737602590246813,0.12214391724477905,0.15207538676494747,100,25.98533627646878,21.212399100606792,34.24741070965472
0.5,300,orientation,0.25,shape,1,100,100,41,0.41,0.04918333050943175,100,0.1283404021972173,0.09737602590246813,0.12214391724477905,0.15207538676494747,100,25.98533627646878,21.212399100606792,34.24741070965472
0.5,300,orientation,0.5,delta,1,100,100,33,0.33,0.04702127178203499,100,0.12153984880567288,0.07700047690320849,0.12365335476252523,0.1508925784281946,100,30.58046672231442,24.93376201928904,41.85596671578378
0.5,300,orientation,0.5,angle,1,100,100,19,0.19,0.039230090491866064,100,0.12153984880567288,0.07700047690320849,0.12365335476252523,0.1508925784281946,100,30.58046672231442,24.93376201928904,41.85596671578378
0.5,300,orientation,0.5,shape,1,100,100,57,0.57,0.04950757517794625,100,0.12153984880567288,0.07700047690320849,0.12365335476252523,0.1508925784281946,100,30.58046672231442,24.93376201928904,41.85596671578378
0.5,300,orientation,1.0,delta,1,100,100,49,0.49,0.04998999899979995,100,0.10587815610958148,0.07060253796440391,0.08615793126348859,0.12507518503540205,100,56.58012461916681,116.58929983358502,57.38740401068467
0.5,300,orientation,1.0,angle,1,100,100,24,0.24,0.04270831300812525,100,0.10587815610958148,0.07060253796440391,0.08615793126348859,0.12507518503540205,100,56.58012461916681,116.58929983358502,57.38740401068467
0.5,300,orientation,1.0,shape,1,100,100,76,0.76,0.04270831300812525,100,0.10587815610958148,0.07060253796440391,0.08615793126348859,0.12507518503540205,100,56.58012461916681,116.58929983358502,57.38740401068467
0.5,600,orientation,0.25,delta,1,100,100,36,0.36,0.048,100,0.1642073477170196,0.13977794033870772,0.16063912804912348,0.18649342494050347,100,15.279660636775088,16.916380710418068,32.682490304083245
0.5,600,orientation,0.25,angle,1,100,100,38,0.38,0.048538644398046386,100,0.1642073477170196,0.13977794033870772,0.16063912804912348,0.18649342494050347,100,15.279660636775088,16.916380710418068,32.682490304083245
0.5,600,orientation,0.25,shape,1,100,100,63,0.63,0.048280430818293245,100,0.1642073477170196,0.13977794033870772,0.16063912804912348,0.18649342494050347,100,15.279660636775088,16.916380710418068,32.682490304083245
0.5,600,orientation,0.5,delta,1,100,100,52,0.52,0.049959983987187186,100,0.1438774569022121,0.11305734257744676,0.14939064484245468,0.17887031259480685,100,18.679582511052367,12.988963146566261,35.49014614327925
0.5,600,orientation,0.5,angle,1,100,100,39,0.39,0.048774993593028795,100,0.1438774569022121,0.11305734257744676,0.14939064484245468,0.17887031259480685,100,18.679582511052367,12.988963146566261,35.49014614327925
0.5,600,orientation,0.5,shape,1,100,100,83,0.83,0.037563279941985904,100,0.1438774569022121,0.11305734257744676,0.14939064484245468,0.17887031259480685,100,18.679582511052367,12.988963146566261,35.49014614327925
0.5,600,orientation,1.0,delta,1,100,100,44,0.44,0.04963869458396343,100,0.11953759475928964,0.09019065342981963,0.11376354960483742,0.14901328102139588,100,26.175712513750824,42.22580574095912,54.18579689551698
0.5,600,orientation,1.0,angle,1,100,100,46,0.46,0.04983974317750845,100,0.11953759475928964,0.09019065342981963,0.11376354960483742,0.14901328102139588,100,26.175712513750824,42.22580574095912,54.18579689551698
0.5,600,orientation,1.0,shape,1,100,100,87,0.87,0.03363034344160047,100,0.11953759475928964,0.09019065342981963,0.11376354960483742,0.14901328102139588,100,26.175712513750824,42.22580574095912,54.18579689551698
0.5,1200,orientation,0.25,delta,1,100,100,65,0.65,0.047696960070847276,100,0.19515817492268034,0.16511111048883104,0.19591334312465572,0.23147889930177173,100,2.967368370299467,9.588988051916047,7.667959029417258
0.5,1200,orientation,0.25,angle,1,100,100,71,0.71,0.04537620521815371,100,0.19515817492268034,0.16511111048883104,0.19591334312465572,0.23147889930177173,100,2.967368370299467,9.588988051916047,7.667959029417258
0.5,1200,orientation,0.25,shape,1,100,100,89,0.89,0.031288975694324025,100,0.19515817492268034,0.16511111048883104,0.19591334312465572,0.23147889930177173,100,2.967368370299467,9.588988051916047,7.667959029417258
0.5,1200,orientation,0.5,delta,1,100,100,65,0.65,0.047696960070847276,100,0.18254039362285435,0.1540006916281242,0.17796764572748824,0.20707306208705079,100,10.302737860523404,11.129592985147614,13.468961263254595
0.5,1200,orientation,0.5,angle,1,100,100,70,0.7,0.045825756949558406,100,0.18254039362285435,0.1540006916281242,0.17796764572748824,0.20707306208705079,100,10.302737860523404,11.129592985147614,13.468961263254595
0.5,1200,orientation,0.5,shape,1,100,100,92,0.92,0.027129319932501065,100,0.18254039362285435,0.1540006916281242,0.17796764572748824,0.20707306208705079,100,10.302737860523404,11.129592985147614,13.468961263254595
0.5,1200,orientation,1.0,delta,1,100,100,60,0.6,0.04898979485566356,100,0.14254302731921847,0.09387430713197448,0.13263988924834952,0.18761055440391927,100,16.290692529315287,12.133238695080257,29.50901973716416
0.5,1200,orientation,1.0,angle,1,100,100,69,0.69,0.04624932431938871,100,0.14254302731921847,0.09387430713197448,0.13263988924834952,0.18761055440391927,100,16.290692529315287,12.133238695080257,29.50901973716416
0.5,1200,orientation,1.0,shape,1,100,100,97,0.97,0.017058722109231986,100,0.14254302731921847,0.09387430713197448,0.13263988924834952,0.18761055440391927,100,16.290692529315287,12.133238695080257,29.50901973716416
0.8,300,orientation,0.25,delta,1,100,100,16,0.16,0.03666060555964672,100,0.2136367601861577,0.14255284816962105,0.16461207094885064,0.22134616825159775,100,37.115382763508066,120.68226448774868,60.656739074210584
0.8,300,orientation,0.25,angle,1,100,100,7,0.07,0.02551470164434615,100,0.2136367601861577,0.14255284816962105,0.16461207094885064,0.22134616825159775,100,37.115382763508066,120.68226448774868,60.656739074210584
0.8,300,orientation,0.25,shape,1,100,100,26,0.26,0.04386342439892262,100,0.2136367601861577,0.14255284816962105,0.16461207094885064,0.22134616825159775,100,37.115382763508066,120.68226448774868,60.656739074210584
0.8,300,orientation,0.5,delta,1,100,100,21,0.21,0.0407308237088326,100,0.25999174996502217,0.1614186899144835,0.20993052371577955,0.26416709691621565,100,29.541512732481777,100.41738095577723,60.53495524827212
0.8,300,orientation,0.5,angle,1,100,100,27,0.27,0.044395945760846225,100,0.25999174996502217,0.1614186899144835,0.20993052371577955,0.26416709691621565,100,29.541512732481777,100.41738095577723,60.53495524827212
0.8,300,orientation,0.5,shape,1,100,100,32,0.32,0.0466476151587624,100,0.25999174996502217,0.1614186899144835,0.20993052371577955,0.26416709691621565,100,29.541512732481777,100.41738095577723,60.53495524827212
0.8,300,orientation,1.0,delta,1,100,100,27,0.27,0.044395945760846225,100,0.23720858719078045,0.14534464561604266,0.22132251597613836,0.2848325183319341,100,24.606072599907694,83.30475556397457,60.24295770113463
0.8,300,orientation,1.0,angle,1,100,100,69,0.69,0.04624932431938871,100,0.23720858719078045,0.14534464561604266,0.22132251597613836,0.2848325183319341,100,24.606072599907694,83.30475556397457,60.24295770113463
0.8,300,orientation,1.0,shape,1,100,100,43,0.43,0.04950757517794625,100,0.23720858719078045,0.14534464561604266,0.22132251597613836,0.2848325183319341,100,24.606072599907694,83.30475556397457,60.24295770113463
0.8,600,orientation,0.25,delta,1,100,100,32,0.32,0.0466476151587624,100,0.20220466780738683,0.13831013158597144,0.17534001553683046,0.22231228199104958,100,23.375267947268,107.47068255372363,62.531753249577065
0.8,600,orientation,0.25,angle,1,100,100,22,0.22,0.04142463035441596,100,0.20220466780738683,0.13831013158597144,0.17534001553683046,0.22231228199104958,100,23.375267947268,107.47068255372363,62.531753249577065
0.8,600,orientation,0.25,shape,1,100,100,47,0.47,0.04990991885387112,100,0.20220466780738683,0.13831013158597144,0.17534001553683046,0.22231228199104958,100,23.375267947268,107.47068255372363,62.531753249577065
0.8,600,orientation,0.5,delta,1,100,100,38,0.38,0.048538644398046386,100,0.21046608795733118,0.14563961078309268,0.18607597334715362,0.23382788228288431,100,26.66726422101069,64.56839574430796,55.88159356402822
0.8,600,orientation,0.5,angle,1,100,100,32,0.32,0.0466476151587624,100,0.21046608795733118,0.14563961078309268,0.18607597334715362,0.23382788228288431,100,26.66726422101069,64.56839574430796,55.88159356402822
0.8,600,orientation,0.5,shape,1,100,100,53,0.53,0.04990991885387112,100,0.21046608795733118,0.14563961078309268,0.18607597334715362,0.23382788228288431,100,26.66726422101069,64.56839574430796,55.88159356402822
0.8,600,orientation,1.0,delta,1,100,100,31,0.31,0.04624932431938871,100,0.22699227089994506,0.15567472743485955,0.1926414638713991,0.2693785353875558,100,21.30249166142216,37.620883012884185,54.10078736990241
0.8,600,orientation,1.0,angle,1,100,100,73,0.73,0.044395945760846225,100,0.22699227089994506,0.15567472743485955,0.1926414638713991,0.2693785353875558,100,21.30249166142216,37.620883012884185,54.10078736990241
0.8,600,orientation,1.0,shape,1,100,100,61,0.61,0.048774993593028795,100,0.22699227089994506,0.15567472743485955,0.1926414638713991,0.2693785353875558,100,21.30249166142216,37.620883012884185,54.10078736990241
0.8,1200,orientation,0.25,delta,1,100,100,30,0.3,0.0458257569495584,100,0.1774801616311513,0.133723385068876,0.1736859786811321,0.199137016563107,100,19.56668896162701,24.030343109141064,58.041101605834676
0.8,1200,orientation,0.25,angle,1,100,100,26,0.26,0.04386342439892262,100,0.1774801616311513,0.133723385068876,0.1736859786811321,0.199137016563107,100,19.56668896162701,24.030343109141064,58.041101605834676
0.8,1200,orientation,0.25,shape,1,100,100,48,0.48,0.049959983987187186,100,0.1774801616311513,0.133723385068876,0.1736859786811321,0.199137016563107,100,19.56668896162701,24.030343109141064,58.041101605834676
0.8,1200,orientation,0.5,delta,1,100,100,51,0.51,0.04998999899979995,100,0.17967218478985114,0.12066432411641298,0.15803205789125183,0.20455775187619174,100,20.416051708745584,54.66357980137948,58.92472328224535
0.8,1200,orientation,0.5,angle,1,100,100,48,0.48,0.049959983987187186,100,0.17967218478985114,0.12066432411641298,0.15803205789125183,0.20455775187619174,100,20.416051708745584,54.66357980137948,58.92472328224535
0.8,1200,orientation,0.5,shape,1,100,100,66,0.66,0.04737087712930804,100,0.17967218478985114,0.12066432411641298,0.15803205789125183,0.20455775187619174,100,20.416051708745584,54.66357980137948,58.92472328224535
0.8,1200,orientation,1.0,delta,1,100,100,46,0.46,0.04983974317750845,100,0.2147035456547994,0.14211176838741568,0.1862243038944614,0.23389705668897154,100,15.342280921226251,20.012416117356423,49.893953954630256
0.8,1200,orientation,1.0,angle,1,100,100,81,0.81,0.03923009049186606,100,0.2147035456547994,0.14211176838741568,0.1862243038944614,0.23389705668897154,100,15.342280921226251,20.012416117356423,49.893953954630256
0.8,1200,orientation,1.0,shape,1,100,100,69,0.69,0.04624932431938871,100,0.2147035456547994,0.14211176838741568,0.1862243038944614,0.23389705668897154,100,15.342280921226251,20.012416117356423,49.893953954630256
