generator.baseline_continuity,generator.n_samples,phase,is_baseline,trajectory_mode,effect_size,statistic,n_cells,n_replicates,n_available,n_rejected,rejection_rate,monte_carlo_se,n_eigengap_available,mean_eigengap,q33_eigengap,median_eigengap,q67_eigengap,n_angle_null_available,median_angle_null_q95,iqr_angle_null_q95,sd_angle_null_q95,n_selected_lv_available,median_selected_lv,min_selected_lv,max_selected_lv
0.0,300,power_primary,True,none,0.0,delta,1,100,100,3,0.03,0.01705872210923198,100,0.058011622491885725,0.04125683099555305,0.05195862950659286,0.06873445201916967,100,17.324500971098885,20.012330493827847,58.64035772973528,100,3.0,2,4
0.0,300,power_primary,True,none,0.0,angle,1,100,100,6,0.06,0.023748684174075833,100,0.058011622491885725,0.04125683099555305,0.05195862950659286,0.06873445201916967,100,17.324500971098885,20.012330493827847,58.64035772973528,100,3.0,2,4
0.0,300,power_primary,True,none,0.0,shape,1,100,100,3,0.03,0.01705872210923198,100,0.058011622491885725,0.04125683099555305,0.05195862950659286,0.06873445201916967,100,17.324500971098885,20.012330493827847,58.64035772973528,100,3.0,2,4
0.0,300,power_primary,True,orientation,0.25,delta,1,100,100,60,0.6,0.04898979485566356,100,0.05910551410308092,0.042610960731239045,0.056174303945195486,0.07111212646839704,100,19.137832549137507,45.3501814665375,56.964780304222444,100,3.0,2,4
0.0,300,power_primary,True,orientation,0.25,angle,1,100,100,45,0.45,0.049749371855331,100,0.05910551410308092,0.042610960731239045,0.056174303945195486,0.07111212646839704,100,19.137832549137507,45.3501814665375,56.964780304222444,100,3.0,2,4
0.0,300,power_primary,True,orientation,0.25,shape,1,100,100,82,0.82,0.0384187454245971,100,0.05910551410308092,0.042610960731239045,0.056174303945195486,0.07111212646839704,100,19.137832549137507,45.3501814665375,56.964780304222444,100,3.0,2,4
0.0,300,power_primary,True,orientation,0.5,delta,1,100,100,67,0.67,0.04702127178203499,100,0.05678001619206399,0.038519128515469514,0.05070773646879126,0.06736830725658877,100,24.756454200146095,33.95833917027944,57.08333879396922,100,3.0,2,4
0.0,300,power_primary,True,orientation,0.5,angle,1,100,100,63,0.63,0.048280430818293245,100,0.05678001619206399,0.038519128515469514,0.05070773646879126,0.06736830725658877,100,24.756454200146095,33.95833917027944,57.08333879396922,100,3.0,2,4
0.0,300,power_primary,True,orientation,0.5,shape,1,100,100,93,0.93,0.02551470164434614,100,0.05678001619206399,0.038519128515469514,0.05070773646879126,0.06736830725658877,100,24.756454200146095,33.95833917027944,57.08333879396922,100,3.0,2,4
0.0,300,power_primary,True,orientation,1.0,delta,1,100,100,69,0.69,0.04624932431938871,100,0.05833555117892003,0.034978680319140365,0.05182799842095989,0.06739181122237597,100,40.741784437920415,107.3970456082791,59.08471965526275,100,4.0,3,4
0.0,300,power_primary,True,orientation,1.0,angle,1,100,100,55,0.55,0.049749371855330994,100,0.05833555117892003,0.034978680319140365,0.05182799842095989,0.06739181122237597,100,40.741784437920415,107.3970456082791,59.08471965526275,100,4.0,3,4
0.0,300,power_primary,True,orientation,1.0,shape,1,100,100,91,0.91,0.028618176042508364,100,0.05833555117892003,0.034978680319140365,0.05182799842095989,0.06739181122237597,100,40.741784437920415,107.3970456082791,59.08471965526275,100,4.0,3,4
0.0,300,power_primary,True,translation,0.25,delta,1,100,100,3,0.03,0.01705872210923198,100,0.059051528800797615,0.03978468358693721,0.055817884789833155,0.06947365123294796,100,14.563128124309237,65.09986021359134,62.748308100164685,100,3.0,2,4
0.0,300,power_primary,True,translation,0.25,angle,1,100,100,3,0.03,0.01705872210923198,100,0.059051528800797615,0.03978468358693721,0.055817884789833155,0.06947365123294796,100,14.563128124309237,65.09986021359134,62.748308100164685,100,3.0,2,4
0.0,300,power_primary,True,translation,0.25,shape,1,100,100,1,0.01,0.0099498743710662,100,0.059051528800797615,0.03978468358693721,0.055817884789833155,0.06947365123294796,100,14.563128124309237,65.09986021359134,62.748308100164685,100,3.0,2,4
0.0,300,power_primary,True,translation,0.5,delta,1,100,100,2,0.02,0.014,100,0.06036601345347216,0.0435325744502445,0.055144590201496535,0.07277225804710441,100,16.221887822302484,15.636198785852693,55.51022497584796,100,3.0,2,3
0.0,300,power_primary,True,translation,0.5,angle,1,100,100,6,0.06,0.023748684174075833,100,0.06036601345347216,0.0435325744502445,0.055144590201496535,0.07277225804710441,100,16.221887822302484,15.636198785852693,55.51022497584796,100,3.0,2,3
0.0,300,power_primary,True,translation,0.5,shape,1,100,100,3,0.03,0.01705872210923198,100,0.06036601345347216,0.0435325744502445,0.055144590201496535,0.07277225804710441,100,16.221887822302484,15.636198785852693,55.51022497584796,100,3.0,2,3
0.0,300,power_primary,True,translation,1.0,delta,1,100,100,5,0.05,0.021794494717703367,100,0.060631824318589767,0.04301258360698207,0.0548257691911366,0.07715151203601572,100,12.255851384063822,20.07085242304032,56.28027619699567,100,3.0,2,3
0.0,300,power_primary,True,translation,1.0,angle,1,100,100,2,0.02,0.014,100,0.060631824318589767,0.04301258360698207,0.0548257691911366,0.07715151203601572,100,12.255851384063822,20.07085242304032,56.28027619699567,100,3.0,2,3
0.0,300,power_primary,True,translation,1.0,shape,1,100,100,2,0.02,0.014,100,0.060631824318589767,0.04301258360698207,0.0548257691911366,0.07715151203601572,100,12.255851384063822,20.07085242304032,56.28027619699567,100,3.0,2,3
0.0,600,power_design,False,none,0.0,delta,1,100,100,4,0.04,0.019595917942265423,100,0.0589609565308312,0.04345048818138808,0.05488062906970226,0.07420325031430286,100,8.12011283164068,7.734319515367597,52.61867948877744,100,3.0,2,3
0.0,600,power_design,False,none,0.0,angle,1,100,100,5,0.05,0.021794494717703367,100,0.0589609565308312,0.04345048818138808,0.05488062906970226,0.07420325031430286,100,8.12011283164068,7.734319515367597,52.61867948877744,100,3.0,2,3
0.0,600,power_design,False,none,0.0,shape,1,100,100,5,0.05,0.021794494717703367,100,0.0589609565308312,0.04345048818138808,0.05488062906970226,0.07420325031430286,100,8.12011283164068,7.734319515367597,52.61867948877744,100,3.0,2,3
0.0,600,power_design,False,orientation,0.25,delta,1,100,100,77,0.77,0.042083250825001625,100,0.06011146370227121,0.04557172970305651,0.059789755138394546,0.07378177017327098,100,9.623616777374668,15.000688585285213,49.24337615127463,100,3.0,2,4
0.0,600,power_design,False,orientation,0.25,angle,1,100,100,74,0.74,0.04386342439892262,100,0.06011146370227121,0.04557172970305651,0.059789755138394546,0.07378177017327098,100,9.623616777374668,15.000688585285213,49.24337615127463,100,3.0,2,4
0.0,600,power_design,False,orientation,0.25,shape,1,100,100,96,0.96,0.019595917942265433,100,0.06011146370227121,0.04557172970305651,0.059789755138394546,0.07378177017327098,100,9.623616777374668,15.000688585285213,49.24337615127463,100,3.0,2,4
0.0,600,power_design,False,orientation,0.5,delta,1,100,100,81,0.81,0.03923009049186606,100,0.058362203786858455,0.04079538966831864,0.05394560779447499,0.06676099580275224,100,11.65819476946035,13.979786074296042,56.572733199177364,100,3.0,2,3
0.0,600,power_design,False,orientation,0.5,angle,1,100,100,81,0.81,0.03923009049186606,100,0.058362203786858455,0.04079538966831864,0.05394560779447499,0.06676099580275224,100,11.65819476946035,13.979786074296042,56.572733199177364,100,3.0,2,3
0.0,600,power_design,False,orientation,0.5,shape,1,100,100,100,1.0,0.0,100,0.058362203786858455,0.04079538966831864,0.05394560779447499,0.06676099580275224,100,11.65819476946035,13.979786074296042,56.572733199177364,100,3.0,2,3
0.0,600,power_design,False,orientation,1.0,delta,1,100,100,78,0.78,0.04142463035441595,100,0.05380456174711787,0.03843490077583539,0.04815124793662626,0.06551027197400133,100,18.75930636485424,38.20936539621365,55.47103406050049,100,3.0,2,4
0.0,600,power_design,False,orientation,1.0,angle,1,100,100,76,0.76,0.04270831300812525,100,0.05380456174711787,0.03843490077583539,0.04815124793662626,0.06551027197400133,100,18.75930636485424,38.20936539621365,55.47103406050049,100,3.0,2,4
0.0,600,power_design,False,orientation,1.0,shape,1,100,100,99,0.99,0.009949874371066205,100,0.05380456174711787,0.03843490077583539,0.04815124793662626,0.06551027197400133,100,18.75930636485424,38.20936539621365,55.47103406050049,100,3.0,2,4
0.0,600,power_design,False,translation,0.25,delta,1,100,100,2,0.02,0.014,100,0.06008521403015863,0.04222992492813532,0.05492638106776515,0.0778565287383049,100,7.72020422882611,9.318809890223106,47.535793405640064,100,3.0,2,3
0.0,600,power_design,False,translation,0.25,angle,1,100,100,0,0.0,0.0,100,0.06008521403015863,0.04222992492813532,0.05492638106776515,0.0778565287383049,100,7.72020422882611,9.318809890223106,47.535793405640064,100,3.0,2,3
0.0,600,power_design,False,translation,0.25,shape,1,100,100,5,0.05,0.021794494717703367,100,0.06008521403015863,0.04222992492813532,0.05492638106776515,0.0778565287383049,100,7.72020422882611,9.318809890223106,47.535793405640064,100,3.0,2,3
0.0,600,power_design,False,translation,0.5,delta,1,100,100,5,0.05,0.021794494717703367,100,0.06021874530915663,0.03859441693631377,0.05684138549595019,0.07681326210072725,100,8.314637157170608,7.438280737338677,52.05659853759233,100,3.0,2,3
0.0,600,power_design,False,translation,0.5,angle,1,100,100,4,0.04,0.019595917942265423,100,0.06021874530915663,0.03859441693631377,0.05684138549595019,0.07681326210072725,100,8.314637157170608,7.438280737338677,52.05659853759233,100,3.0,2,3
0.0,600,power_design,False,translation,0.5,shape,1,100,100,2,0.02,0.014,100,0.06021874530915663,0.03859441693631377,0.05684138549595019,0.07681326210072725,100,8.314637157170608,7.438280737338677,52.05659853759233,100,3.0,2,3
0.0,600,power_design,False,translation,1.0,delta,1,100,100,2,0.02,0.014,100,0.060434429691824644,0.04114168977731564,0.05541626589172949,0.07647627391986217,100,7.2103986267122,8.486424682169204,49.34670694691861,100,3.0,2,3
0.0,600,power_design,False,translation,1.0,angle,1,100,100,6,0.06,0.023748684174075833,100,0.060434429691824644,0.04114168977731564,0.05541626589172949,0.07647627391986217,100,7.2103986267122,8.486424682169204,49.34670694691861,100,3.0,2,3
0.0,600,power_design,False,translation,1.0,shape,1,100,100,6,0.06,0.023748684174075833,100,0.060434429691824644,0.04114168977731564,0.05541626589172949,0.07647627391986217,100,7.2103986267122,8.486424682169204,49.34670694691861,100,3.0,2,3
0.0,1200,power_design,False,none,0.0,delta,1,100,100,4,0.04,0.019595917942265423,100,0.060103191806928115,0.04132826459170674,0.05476163488409985,0.07807106221379012,100,4.855617462602608,3.7756871458178733,33.78769477591723,100,3.0,2,3
0.0,1200,power_design,False,none,0.0,angle,1,100,100,4,0.04,0.019595917942265423,100,0.060103191806928115,0.04132826459170674,0.05476163488409985,0.07807106221379012,100,4.855617462602608,3.7756871458178733,33.78769477591723,100,3.0,2,3
0.0,1200,power_design,False,none,0.0,shape,1,100,100,3,0.03,0.01705872210923198,100,0.060103191806928115,0.04132826459170674,0.05476163488409985,0.07807106221379012,100,4.855617462602608,3.7756871458178733,33.78769477591723,100,3.0,2,3
0.0,1200,power_design,False,orientation,0.25,delta,1,100,100,88,0.88,0.03249615361854384,100,0.06125612800881198,0.04494232709529289,0.05986129299372231,0.07693063095737696,100,5.858884937391828,6.680548242287531,43.83995902949007,100,3.0,2,3
0.0,1200,power_design,False,orientation,0.25,angle,1,100,100,83,0.83,0.037563279941985904,100,0.06125612800881198,0.04494232709529289,0.05986129299372231,0.07693063095737696,100,5.858884937391828,6.680548242287531,43.83995902949007,100,3.0,2,3
0.0,1200,power_design,False,orientation,0.25,shape,1,100,100,100,1.0,0.0,100,0.06125612800881198,0.04494232709529289,0.05986129299372231,0.07693063095737696,100,5.858884937391828,6.680548242287531,43.83995902949007,100,3.0,2,3
0.0,1200,power_design,False,orientation,0.5,delta,1,100,100,86,0.86,0.03469870314579494,100,0.05738572135178257,0.0392576111738816,0.054126679200499156,0.0664784323975679,100,7.298572224287383,8.481774074325655,50.49372327388284,100,3.0,2,4
0.0,1200,power_design,False,orientation,0.5,angle,1,100,100,89,0.89,0.031288975694324025,100,0.05738572135178257,0.0392576111738816,0.054126679200499156,0.0664784323975679,100,7.298572224287383,8.481774074325655,50.49372327388284,100,3.0,2,4
0.0,1200,power_design,False,orientation,0.5,shape,1,100,100,100,1.0,0.0,100,0.05738572135178257,0.0392576111738816,0.054126679200499156,0.0664784323975679,100,7.298572224287383,8.481774074325655,50.49372327388284,100,3.0,2,4
0.0,1200,power_design,False,orientation,1.0,delta,1,100,100,86,0.86,0.03469870314579494,100,0.05425633006241824,0.03800711424513892,0.0486607369334596,0.0626378037982781,100,10.835109874005564,13.04619379017682,48.37035935265008,100,3.0,2,4
0.0,1200,power_design,False,orientation,1.0,angle,1,100,100,88,0.88,0.03249615361854384,100,0.05425633006241824,0.03800711424513892,0.0486607369334596,0.0626378037982781,100,10.835109874005564,13.04619379017682,48.37035935265008,100,3.0,2,4
0.0,1200,power_design,False,orientation,1.0,shape,1,100,100,100,1.0,0.0,100,0.05425633006241824,0.03800711424513892,0.0486607369334596,0.0626378037982781,100,10.835109874005564,13.04619379017682,48.37035935265008,100,3.0,2,4
0.0,1200,power_design,False,translation,0.25,delta,1,100,100,9,0.09,0.02861817604250837,100,0.060343681710968704,0.043000600600822114,0.05381906303919795,0.07670594481194942,100,4.9617140261000845,5.0958720861139835,36.29243789491459,100,3.0,2,3
0.0,1200,power_design,False,translation,0.25,angle,1,100,100,3,0.03,0.01705872210923198,100,0.060343681710968704,0.043000600600822114,0.05381906303919795,0.07670594481194942,100,4.9617140261000845,5.0958720861139835,36.29243789491459,100,3.0,2,3
0.0,1200,power_design,False,translation,0.25,shape,1,100,100,6,0.06,0.023748684174075833,100,0.060343681710968704,0.043000600600822114,0.05381906303919795,0.07670594481194942,100,4.9617140261000845,5.0958720861139835,36.29243789491459,100,3.0,2,3
0.0,1200,power_design,False,translation,0.5,delta,1,100,100,8,0.08,0.027129319932501072,100,0.06031171556227071,0.04293056785920785,0.05520038079194722,0.07811392208347806,100,4.983697205450806,4.318572000564433,37.60552928267522,100,3.0,2,3
0.0,1200,power_design,False,translation,0.5,angle,1,100,100,3,0.03,0.01705872210923198,100,0.06031171556227071,0.04293056785920785,0.05520038079194722,0.07811392208347806,100,4.983697205450806,4.318572000564433,37.60552928267522,100,3.0,2,3
0.0,1200,power_design,False,translation,0.5,shape,1,100,100,3,0.03,0.01705872210923198,100,0.06031171556227071,0.04293056785920785,0.05520038079194722,0.07811392208347806,100,4.983697205450806,4.318572000564433,37.60552928267522,100,3.0,2,3
0.0,1200,power_design,False,translation,1.0,delta,1,100,100,4,0.04,0.019595917942265423,100,0.06096213543358081,0.04482591042848977,0.05445862498725898,0.07966090390300334,100,5.01049987544663,3.7913665543709523,33.96720137765062,100,3.0,2,3
0.0,1200,power_design,False,translation,1.0,angle,1,100,100,4,0.04,0.019595917942265423,100,0.06096213543358081,0.04482591042848977,0.05445862498725898,0.07966090390300334,100,5.01049987544663,3.7913665543709523,33.96720137765062,100,3.0,2,3
0.0,1200,power_design,False,translation,1.0,shape,1,100,100,6,0.06,0.023748684174075833,100,0.06096213543358081,0.04482591042848977,0.05445862498725898,0.07966090390300334,100,5.01049987544663,3.7913665543709523,33.96720137765062,100,3.0,2,3
0.5,300,power_design,False,none,0.0,delta,1,100,100,1,0.01,0.0099498743710662,100,0.1519127476188966,0.1081469103564614,0.16083004500386067,0.18885970720592316,100,23.208151351910423,14.041161232544297,30.790298631510797,100,4.0,3,4
0.5,300,power_design,False,none,0.0,angle,1,100,100,2,0.02,0.014,100,0.1519127476188966,0.1081469103564614,0.16083004500386067,0.18885970720592316,100,23.208151351910423,14.041161232544297,30.790298631510797,100,4.0,3,4
0.5,300,power_design,False,none,0.0,shape,1,100,100,1,0.01,0.0099498743710662,100,0.1519127476188966,0.1081469103564614,0.16083004500386067,0.18885970720592316,100,23.208151351910423,14.041161232544297,30.790298631510797,100,4.0,3,4
0.5,300,power_design,False,orientation,0.25,delta,1,100,100,26,0.26,0.04386342439892262,100,0.1283404021972173,0.09737602590246813,0.12214391724477905,0.15207538676494747,100,25.98533627646878,21.212399100606792,34.24741070965472,100,4.0,3,4
0.5,300,power_design,False,orientation,0.25,angle,1,100,100,16,0.16,0.03666060555964672,100,0.1283404021972173,0.09737602590246813,0.12214391724477905,0.15207538676494747,100,25.98533627646878,21.212399100606792,34.24741070965472,100,4.0,3,4
0.5,300,power_design,False,orientation,0.25,shape,1,100,100,41,0.41,0.04918333050943175,100,0.1283404021972173,0.09737602590246813,0.12214391724477905,0.15207538676494747,100,25.98533627646878,21.212399100606792,34.24741070965472,100,4.0,3,4
0.5,300,power_design,False,orientation,0.5,delta,1,100,100,33,0.33,0.04702127178203499,100,0.12153984880567288,0.07700047690320849,0.12365335476252523,0.1508925784281946,100,30.58046672231442,24.93376201928904,41.85596671578378,100,4.0,3,4
0.5,300,power_design,False,orientation,0.5,angle,1,100,100,19,0.19,0.039230090491866064,100,0.12153984880567288,0.07700047690320849,0.12365335476252523,0.1508925784281946,100,30.58046672231442,24.93376201928904,41.85596671578378,100,4.0,3,4
0.5,300,power_design,False,orientation,0.5,shape,1,100,100,57,0.57,0.04950757517794625,100,0.12153984880567288,0.07700047690320849,0.12365335476252523,0.1508925784281946,100,30.58046672231442,24.93376201928904,41.85596671578378,100,4.0,3,4
0.5,300,power_design,False,orientation,1.0,delta,1,100,100,49,0.49,0.04998999899979995,100,0.10587815610958148,0.07060253796440391,0.08615793126348859,0.12507518503540205,100,56.58012461916681,116.58929983358502,57.38740401068467,100,4.0,4,5
0.5,300,power_design,False,orientation,1.0,angle,1,100,100,24,0.24,0.04270831300812525,100,0.10587815610958148,0.07060253796440391,0.08615793126348859,0.12507518503540205,100,56.58012461916681,116.58929983358502,57.38740401068467,100,4.0,4,5
0.5,300,power_design,False,orientation,1.0,shape,1,100,100,76,0.76,0.04270831300812525,100,0.10587815610958148,0.07060253796440391,0.08615793126348859,0.12507518503540205,100,56.58012461916681,116.58929983358502,57.38740401068467,100,4.0,4,5
0.5,300,power_design,False,translation,0.25,delta,1,100,100,4,0.04,0.019595917942265423,100,0.15221380738596132,0.11853319453564687,0.15480838495985189,0.17998086077340059,100,22.18999996461799,16.941585800231188,31.48314700745043,100,4.0,3,4
0.5,300,power_design,False,translation,0.25,angle,1,100,100,3,0.03,0.01705872210923198,100,0.15221380738596132,0.11853319453564687,0.15480838495985189,0.17998086077340059,100,22.18999996461799,16.941585800231188,31.48314700745043,100,4.0,3,4
0.5,300,power_design,False,translation,0.25,shape,1,100,100,2,0.02,0.014,100,0.15221380738596132,0.11853319453564687,0.15480838495985189,0.17998086077340059,100,22.18999996461799,16.941585800231188,31.48314700745043,100,4.0,3,4
0.5,300,power_design,False,translation,0.5,delta,1,100,100,4,0.04,0.019595917942265423,100,0.15171346343582917,0.11497338239228555,0.15390441898922444,0.19653309853194473,100,21.88553339893327,15.613195843957948,27.11227339995084,100,4.0,2,4
0.5,300,power_design,False,translation,0.5,angle,1,100,100,2,0.02,0.014,100,0.15171346343582917,0.11497338239228555,0.15390441898922444,0.19653309853194473,100,21.88553339893327,15.613195843957948,27.11227339995084,100,4.0,2,4
0.5,300,power_design,False,translation,0.5,shape,1,100,100,1,0.01,0.0099498743710662,100,0.15171346343582917,0.11497338239228555,0.15390441898922444,0.19653309853194473,100,21.88553339893327,15.613195843957948,27.11227339995084,100,4.0,2,4
0.5,300,power_design,False,translation,1.0,delta,1,100,100,6,0.06,0.023748684174075833,100,0.16314829738693729,0.13362247770015728,0.16697948295620013,0.19427232967105124,100,19.052392048068,15.085350481151668,15.289543155846896,100,4.0,3,4
0.5,300,power_design,False,translation,1.0,angle,1,100,100,1,0.01,0.0099498743710662,100,0.16314829738693729,0.13362247770015728,0.16697948295620013,0.19427232967105124,100,19.052392048068,15.085350481151668,15.289543155846896,100,4.0,3,4
0.5,300,power_design,False,translation,1.0,shape,1,100,100,1,0.01,0.0099498743710662,100,0.16314829738693729,0.13362247770015728,0.16697948295620013,0.19427232967105124,100,19.052392048068,15.085350481151668,15.289543155846896,100,4.0,3,4
0.5,600,power_design,False,none,0.0,delta,1,100,100,2,0.02,0.014,100,0.17863501749573188,0.14721240051712664,0.17510028927461274,0.21899916723619794,100,9.066400544953979,15.219201089513115,21.736050857738896,100,3.0,2,4
0.5,600,power_design,False,none,0.0,angle,1,100,100,0,0.0,0.0,100,0.17863501749573188,0.14721240051712664,0.17510028927461274,0.21899916723619794,100,9.066400544953979,15.219201089513115,21.736050857738896,100,3.0,2,4
0.5,600,power_design,False,none,0.0,shape,1,100,100,2,0.02,0.014,100,0.17863501749573188,0.14721240051712664,0.17510028927461274,0.21899916723619794,100,9.066400544953979,15.219201089513115,21.736050857738896,100,3.0,2,4
0.5,600,power_design,False,orientation,0.25,delta,1,100,100,36,0.36,0.048,100,0.1642073477170196,0.13977794033870772,0.16063912804912348,0.18649342494050347,100,15.279660636775088,16.916380710418068,32.682490304083245,100,4.0,3,4
0.5,600,power_design,False,orientation,0.25,angle,1,100,100,38,0.38,0.048538644398046386,100,0.1642073477170196,0.13977794033870772,0.16063912804912348,0.18649342494050347,100,15.279660636775088,16.916380710418068,32.682490304083245,100,4.0,3,4
0.5,600,power_design,False,orientation,0.25,shape,1,100,100,63,0.63,0.048280430818293245,100,0.1642073477170196,0.13977794033870772,0.16063912804912348,0.18649342494050347,100,15.279660636775088,16.916380710418068,32.682490304083245,100,4.0,3,4
0.5,600,power_design,False,orientation,0.5,delta,1,100,100,52,0.52,0.049959983987187186,100,0.1438774569022121,0.11305734257744676,0.14939064484245468,0.17887031259480685,100,18.679582511052367,12.988963146566261,35.49014614327925,100,4.0,3,4
0.5,600,power_design,False,orientation,0.5,angle,1,100,100,39,0.39,0.048774993593028795,100,0.1438774569022121,0.11305734257744676,0.14939064484245468,0.17887031259480685,100,18.679582511052367,12.988963146566261,35.49014614327925,100,4.0,3,4
0.5,600,power_design,False,orientation,0.5,shape,1,100,100,83,0.83,0.037563279941985904,100,0.1438774569022121,0.11305734257744676,0.14939064484245468,0.17887031259480685,100,18.679582511052367,12.988963146566261,35.49014614327925,100,4.0,3,4
0.5,600,power_design,False,orientation,1.0,delta,1,100,100,44,0.44,0.04963869458396343,100,0.11953759475928964,0.09019065342981963,0.11376354960483742,0.14901328102139588,100,26.175712513750824,42.22580574095912,54.18579689551698,100,4.0,4,6
0.5,600,power_design,False,orientation,1.0,angle,1,100,100,46,0.46,0.04983974317750845,100,0.11953759475928964,0.09019065342981963,0.11376354960483742,0.14901328102139588,100,26.175712513750824,42.22580574095912,54.18579689551698,100,4.0,4,6
0.5,600,power_design,False,orientation,1.0,shape,1,100,100,87,0.87,0.03363034344160047,100,0.11953759475928964,0.09019065342981963,0.11376354960483742,0.14901328102139588,100,26.175712513750824,42.22580574095912,54.18579689551698,100,4.0,4,6
0.5,600,power_design,False,translation,0.25,delta,1,100,100,3,0.03,0.01705872210923198,100,0.18457044552697432,0.1601449241819844,0.18238070801502657,0.2152559320535577,100,12.192161825392738,14.520206900739979,19.242226501208503,100,4.0,3,4
0.5,600,power_design,False,translation,0.25,angle,1,100,100,4,0.04,0.019595917942265423,100,0.18457044552697432,0.1601449241819844,0.18238070801502657,0.2152559320535577,100,12.192161825392738,14.520206900739979,19.242226501208503,100,4.0,3,4
0.5,600,power_design,False,translation,0.25,shape,1,100,100,3,0.03,0.01705872210923198,100,0.18457044552697432,0.1601449241819844,0.18238070801502657,0.2152559320535577,100,12.192161825392738,14.520206900739979,19.242226501208503,100,4.0,3,4
0.5,600,power_design,False,translation,0.5,delta,1,100,100,5,0.05,0.021794494717703367,100,0.18352175598740822,0.1631065517252796,0.18423828201214484,0.21166348550082664,100,5.451049339537686,13.29921117628701,17.115829545387587,100,3.0,2,4
0.5,600,power_design,False,translation,0.5,angle,1,100,100,0,0.0,0.0,100,0.18352175598740822,0.1631065517252796,0.18423828201214484,0.21166348550082664,100,5.451049339537686,13.29921117628701,17.115829545387587,100,3.0,2,4
0.5,600,power_design,False,translation,0.5,shape,1,100,100,1,0.01,0.0099498743710662,100,0.18352175598740822,0.1631065517252796,0.18423828201214484,0.21166348550082664,100,5.451049339537686,13.29921117628701,17.115829545387587,100,3.0,2,4
0.5,600,power_design,False,translation,1.0,delta,1,100,100,7,0.07,0.02551470164434615,100,0.1913741138878738,0.16681239635358625,0.192809477903636,0.2237724623340966,100,4.369958929363558,11.35600472875598,7.801868439144811,100,3.0,2,4
0.5,600,power_design,False,translation,1.0,angle,1,100,100,2,0.02,0.014,100,0.1913741138878738,0.16681239635358625,0.192809477903636,0.2237724623340966,100,4.369958929363558,11.35600472875598,7.801868439144811,100,3.0,2,4
0.5,600,power_design,False,translation,1.0,shape,1,100,100,8,0.08,0.027129319932501072,100,0.1913741138878738,0.16681239635358625,0.192809477903636,0.2237724623340966,100,4.369958929363558,11.35600472875598,7.801868439144811,100,3.0,2,4
0.5,1200,power_design,False,none,0.0,delta,1,100,100,5,0.05,0.021794494717703367,100,0.19797493210800352,0.17404346689407257,0.19798667377561033,0.22623184245067635,100,2.1771679430783673,3.6091192401791297,16.852014554634344,100,3.0,2,4
0.5,1200,power_design,False,none,0.0,angle,1,100,100,2,0.02,0.014,100,0.19797493210800352,0.17404346689407257,0.19798667377561033,0.22623184245067635,100,2.1771679430783673,3.6091192401791297,16.852014554634344,100,3.0,2,4
0.5,1200,power_design,False,none,0.0,shape,1,100,100,2,0.02,0.014,100,0.19797493210800352,0.17404346689407257,0.19798667377561033,0.22623184245067635,100,2.1771679430783673,3.6091192401791297,16.852014554634344,100,3.0,2,4
0.5,1200,power_design,False,orientation,0.25,delta,1,100,100,65,0.65,0.047696960070847276,100,0.19515817492268034,0.16511111048883104,0.19591334312465572,0.23147889930177173,100,2.967368370299467,9.588988051916047,7.667959029417258,100,3.0,2,4
0.5,1200,power_design,False,orientation,0.25,angle,1,100,100,71,0.71,0.04537620521815371,100,0.19515817492268034,0.16511111048883104,0.19591334312465572,0.23147889930177173,100,2.967368370299467,9.588988051916047,7.667959029417258,100,3.0,2,4
0.5,1200,power_design,False,orientation,0.25,shape,1,100,100,89,0.89,0.031288975694324025,100,0.19515817492268034,0.16511111048883104,0.19591334312465572,0.23147889930177173,100,2.967368370299467,9.588988051916047,7.667959029417258,100,3.0,2,4
0.5,1200,power_design,False,orientation,0.5,delta,1,100,100,65,0.65,0.047696960070847276,100,0.18254039362285435,0.1540006916281242,0.17796764572748824,0.20707306208705079,100,10.302737860523404,11.129592985147614,13.468961263254595,100,4.0,3,4
0.5,1200,power_design,False,orientation,0.5,angle,1,100,100,70,0.7,0.045825756949558406,100,0.18254039362285435,0.1540006916281242,0.17796764572748824,0.20707306208705079,100,10.302737860523404,11.129592985147614,13.468961263254595,100,4.0,3,4
0.5,1200,power_design,False,orientation,0.5,shape,1,100,100,92,0.92,0.027129319932501065,100,0.18254039362285435,0.1540006916281242,0.17796764572748824,0.20707306208705079,100,10.302737860523404,11.129592985147614,13.468961263254595,100,4.0,3,4
0.5,1200,power_design,False,orientation,1.0,delta,1,100,100,60,0.6,0.04898979485566356,100,0.14254302731921847,0.09387430713197448,0.13263988924834952,0.18761055440391927,100,16.290692529315287,12.133238695080257,29.50901973716416,100,4.0,3,4
0.5,1200,power_design,False,orientation,1.0,angle,1,100,100,69,0.69,0.04624932431938871,100,0.14254302731921847,0.09387430713197448,0.13263988924834952,0.18761055440391927,100,16.290692529315287,12.133238695080257,29.50901973716416,100,4.0,3,4
0.5,1200,power_design,False,orientation,1.0,shape,1,100,100,97,0.97,0.017058722109231986,100,0.14254302731921847,0.09387430713197448,0.13263988924834952,0.18761055440391927,100,16.290692529315287,12.133238695080257,29.50901973716416,100,4.0,3,4
0.5,1200,power_design,False,translation,0.25,delta,1,100,100,7,0.07,0.02551470164434615,100,0.20170392888265717,0.17061191994123293,0.19511441436450608,0.22510218215335293,100,2.2290582627376088,2.4701470725328343,6.41471998838017,100,3.0,2,4
0.5,1200,power_design,False,translation,0.25,angle,1,100,100,1,0.01,0.0099498743710662,100,0.20170392888265717,0.17061191994123293,0.19511441436450608,0.22510218215335293,100,2.2290582627376088,2.4701470725328343,6.41471998838017,100,3.0,2,4
0.5,1200,power_design,False,translation,0.25,shape,1,100,100,3,0.03,0.01705872210923198,100,0.20170392888265717,0.17061191994123293,0.19511441436450608,0.22510218215335293,100,2.2290582627376088,2.4701470725328343,6.41471998838017,100,3.0,2,4
0.5,1200,power_design,False,translation,0.5,delta,1,100,100,5,0.05,0.021794494717703367,100,0.20707182550842276,0.17711479225332355,0.2032981504827454,0.24212806819319993,100,2.207654974515158,2.35666723285173,5.4426061827308905,100,3.0,2,4
0.5,1200,power_design,False,translation,0.5,angle,1,100,100,2,0.02,0.014,100,0.20707182550842276,0.17711479225332355,0.2032981504827454,0.24212806819319993,100,2.207654974515158,2.35666723285173,5.4426061827308905,100,3.0,2,4
0.5,1200,power_design,False,translation,0.5,shape,1,100,100,4,0.04,0.019595917942265423,100,0.20707182550842276,0.17711479225332355,0.2032981504827454,0.24212806819319993,100,2.207654974515158,2.35666723285173,5.4426061827308905,100,3.0,2,4
0.5,1200,power_design,False,translation,1.0,delta,1,100,100,5,0.05,0.021794494717703367,100,0.2068107525565322,0.17743741534798085,0.1996305209824392,0.22940960179398256,100,2.166122701746171,1.5418156585878904,4.600596418859808,100,3.0,2,4
0.5,1200,power_design,False,translation,1.0,angle,1,100,100,2,0.02,0.014,100,0.2068107525565322,0.17743741534798085,0.1996305209824392,0.22940960179398256,100,2.166122701746171,1.5418156585878904,4.600596418859808,100,3.0,2,4
0.5,1200,power_design,False,translation,1.0,shape,1,100,100,6,0.06,0.023748684174075833,100,0.2068107525565322,0.17743741534798085,0.1996305209824392,0.22940960179398256,100,2.166122701746171,1.5418156585878904,4.600596418859808,100,3.0,2,4
0.8,300,power_design,False,none,0.0,delta,1,100,100,4,0.04,0.019595917942265423,100,0.1724790437797067,0.09470370930551247,0.1428095666441826,0.18282969518592712,100,54.47268034481601,128.37483272339563,60.60119951586774,100,4.0,4,7
0.8,300,power_design,False,none,0.0,angle,1,100,100,1,0.01,0.0099498743710662,100,0.1724790437797067,0.09470370930551247,0.1428095666441826,0.18282969518592712,100,54.47268034481601,128.37483272339563,60.60119951586774,100,4.0,4,7
0.8,300,power_design,False,none,0.0,shape,1,100,100,1,0.01,0.0099498743710662,100,0.1724790437797067,0.09470370930551247,0.1428095666441826,0.18282969518592712,100,54.47268034481601,128.37483272339563,60.60119951586774,100,4.0,4,7
0.8,300,power_design,False,orientation,0.25,delta,1,100,100,16,0.16,0.03666060555964672,100,0.2136367601861577,0.14255284816962105,0.16461207094885064,0.22134616825159775,100,37.115382763508066,120.68226448774868,60.656739074210584,100,4.0,4,8
0.8,300,power_design,False,orientation,0.25,angle,1,100,100,7,0.07,0.02551470164434615,100,0.2136367601861577,0.14255284816962105,0.16461207094885064,0.22134616825159775,100,37.115382763508066,120.68226448774868,60.656739074210584,100,4.0,4,8
0.8,300,power_design,False,orientation,0.25,shape,1,100,100,26,0.26,0.04386342439892262,100,0.2136367601861577,0.14255284816962105,0.16461207094885064,0.22134616825159775,100,37.115382763508066,120.68226448774868,60.656739074210584,100,4.0,4,8
0.8,300,power_design,False,orientation,0.5,delta,1,100,100,21,0.21,0.0407308237088326,100,0.25999174996502217,0.1614186899144835,0.20993052371577955,0.26416709691621565,100,29.541512732481777,100.41738095577723,60.53495524827212,100,6.0,4,9
0.8,300,power_design,False,orientation,0.5,angle,1,100,100,27,0.27,0.044395945760846225,100,0.25999174996502217,0.1614186899144835,0.20993052371577955,0.26416709691621565,100,29.541512732481777,100.41738095577723,60.53495524827212,100,6.0,4,9
0.8,300,power_design,False,orientation,0.5,shape,1,100,100,32,0.32,0.0466476151587624,100,0.25999174996502217,0.1614186899144835,0.20993052371577955,0.26416709691621565,100,29.541512732481777,100.41738095577723,60.53495524827212,100,6.0,4,9
0.8,300,power_design,False,orientation,1.0,delta,1,100,100,27,0.27,0.044395945760846225,100,0.23720858719078045,0.14534464561604266,0.22132251597613836,0.2848325183319341,100,24.606072599907694,83.30475556397457,60.24295770113463,100,8.0,4,14
0.8,300,power_design,False,orientation,1.0,angle,1,100,100,69,0.69,0.04624932431938871,100,0.23720858719078045,0.14534464561604266,0.22132251597613836,0.2848325183319341,100,24.606072599907694,83.30475556397457,60.24295770113463,100,8.0,4,14
0.8,300,power_design,False,orientation,1.0,shape,1,100,100,43,0.43,0.04950757517794625,100,0.23720858719078045,0.14534464561604266,0.22132251597613836,0.2848325183319341,100,24.606072599907694,83.30475556397457,60.24295770113463,100,8.0,4,14
0.8,300,power_design,False,translation,0.25,delta,1,100,100,3,0.03,0.01705872210923198,100,0.18850821356487085,0.11107031058964328,0.151594603310253,0.19781693621222501,100,40.36041404038405,126.80944202824178,63.364162111763164,100,4.0,4,7
0.8,300,power_design,False,translation,0.25,angle,1,100,100,6,0.06,0.023748684174075833,100,0.18850821356487085,0.11107031058964328,0.151594603310253,0.19781693621222501,100,40.36041404038405,126.80944202824178,63.364162111763164,100,4.0,4,7
0.8,300,power_design,False,translation,0.25,shape,1,100,100,3,0.03,0.01705872210923198,100,0.18850821356487085,0.11107031058964328,0.151594603310253,0.19781693621222501,100,40.36041404038405,126.80944202824178,63.364162111763164,100,4.0,4,7
0.8,300,power_design,False,translation,0.5,delta,1,100,100,5,0.05,0.021794494717703367,100,0.20549639552538757,0.11735369898907327,0.159918271170497,0.20638480289178468,100,40.01742412714417,118.07132961876424,60.92375547207451,100,4.0,4,7
0.8,300,power_design,False,translation,0.5,angle,1,100,100,3,0.03,0.01705872210923198,100,0.20549639552538757,0.11735369898907327,0.159918271170497,0.20638480289178468,100,40.01742412714417,118.07132961876424,60.92375547207451,100,4.0,4,7
0.8,300,power_design,False,translation,0.5,shape,1,100,100,5,0.05,0.021794494717703367,100,0.20549639552538757,0.11735369898907327,0.159918271170497,0.20638480289178468,100,40.01742412714417,118.07132961876424,60.92375547207451,100,4.0,4,7
0.8,300,power_design,False,translation,1.0,delta,1,100,100,3,0.03,0.01705872210923198,100,0.19282085203026253,0.11995353073507181,0.1504527035695566,0.20350195014102157,100,34.672777157785895,84.31472206905616,56.104011982393466,100,4.0,4,8
0.8,300,power_design,False,translation,1.0,angle,1,100,100,3,0.03,0.01705872210923198,100,0.19282085203026253,0.11995353073507181,0.1504527035695566,0.20350195014102157,100,34.672777157785895,84.31472206905616,56.104011982393466,100,4.0,4,8
0.8,300,power_design,False,translation,1.0,shape,1,100,100,1,0.01,0.0099498743710662,100,0.19282085203026253,0.11995353073507181,0.1504527035695566,0.20350195014102157,100,34.672777157785895,84.31472206905616,56.104011982393466,100,4.0,4,8
0.8,600,power_design,False,none,0.0,delta,1,100,100,2,0.02,0.014,100,0.2072717989426134,0.14773017302679464,0.18208197080596253,0.21382534826755345,100,26.476701855864057,37.87474214727598,56.809586498302906,100,4.0,4,5
0.8,600,power_design,False,none,0.0,angle,1,100,100,5,0.05,0.021794494717703367,100,0.2072717989426134,0.14773017302679464,0.18208197080596253,0.21382534826755345,100,26.476701855864057,37.87474214727598,56.809586498302906,100,4.0,4,5
0.8,600,power_design,False,none,0.0,shape,1,100,100,7,0.07,0.02551470164434615,100,0.2072717989426134,0.14773017302679464,0.18208197080596253,0.21382534826755345,100,26.476701855864057,37.87474214727598,56.809586498302906,100,4.0,4,5
0.8,600,power_design,False,orientation,0.25,delta,1,100,100,32,0.32,0.0466476151587624,100,0.20220466780738683,0.13831013158597144,0.17534001553683046,0.22231228199104958,100,23.375267947268,107.47068255372363,62.531753249577065,100,4.0,4,6
0.8,600,power_design,False,orientation,0.25,angle,1,100,100,22,0.22,0.04142463035441596,100,0.20220466780738683,0.13831013158597144,0.17534001553683046,0.22231228199104958,100,23.375267947268,107.47068255372363,62.531753249577065,100,4.0,4,6
0.8,600,power_design,False,orientation,0.25,shape,1,100,100,47,0.47,0.04990991885387112,100,0.20220466780738683,0.13831013158597144,0.17534001553683046,0.22231228199104958,100,23.375267947268,107.47068255372363,62.531753249577065,100,4.0,4,6
0.8,600,power_design,False,orientation,0.5,delta,1,100,100,38,0.38,0.048538644398046386,100,0.21046608795733118,0.14563961078309268,0.18607597334715362,0.23382788228288431,100,26.66726422101069,64.56839574430796,55.88159356402822,100,4.0,4,7
0.8,600,power_design,False,orientation,0.5,angle,1,100,100,32,0.32,0.0466476151587624,100,0.21046608795733118,0.14563961078309268,0.18607597334715362,0.23382788228288431,100,26.66726422101069,64.56839574430796,55.88159356402822,100,4.0,4,7
0.8,600,power_design,False,orientation,0.5,shape,1,100,100,53,0.53,0.04990991885387112,100,0.21046608795733118,0.14563961078309268,0.18607597334715362,0.23382788228288431,100,26.66726422101069,64.56839574430796,55.88159356402822,100,4.0,4,7
0.8,600,power_design,False,orientation,1.0,delta,1,100,100,31,0.31,0.04624932431938871,100,0.22699227089994506,0.15567472743485955,0.1926414638713991,0.2693785353875558,100,21.30249166142216,37.620883012884185,54.10078736990241,100,7.0,4,10
0.8,600,power_design,False,orientation,1.0,angle,1,100,100,73,0.73,0.044395945760846225,100,0.22699227089994506,0.15567472743485955,0.1926414638713991,0.2693785353875558,100,21.30249166142216,37.620883012884185,54.10078736990241,100,7.0,4,10
0.8,600,power_design,False,orientation,1.0,shape,1,100,100,61,0.61,0.048774993593028795,100,0.22699227089994506,0.15567472743485955,0.1926414638713991,0.2693785353875558,100,21.30249166142216,37.620883012884185,54.10078736990241,100,7.0,4,10
0.8,600,power_design,False,translation,0.25,delta,1,100,100,5,0.05,0.021794494717703367,100,0.18843504779883072,0.12695993284445867,0.1657660923542679,0.19518026727532478,100,26.532983746019035,30.846313495080153,48.58069410657956,100,4.0,4,5
0.8,600,power_design,False,translation,0.25,angle,1,100,100,2,0.02,0.014,100,0.18843504779883072,0.12695993284445867,0.1657660923542679,0.19518026727532478,100,26.532983746019035,30.846313495080153,48.58069410657956,100,4.0,4,5
0.8,600,power_design,False,translation,0.25,shape,1,100,100,3,0.03,0.01705872210923198,100,0.18843504779883072,0.12695993284445867,0.1657660923542679,0.19518026727532478,100,26.532983746019035,30.846313495080153,48.58069410657956,100,4.0,4,5
0.8,600,power_design,False,translation,0.5,delta,1,100,100,4,0.04,0.019595917942265423,100,0.16581523046035915,0.10365047342631584,0.142148691763187,0.1973274304240532,100,31.401491066478656,79.40312105138354,55.30925076426405,100,4.0,4,6
0.8,600,power_design,False,translation,0.5,angle,1,100,100,1,0.01,0.0099498743710662,100,0.16581523046035915,0.10365047342631584,0.142148691763187,0.1973274304240532,100,31.401491066478656,79.40312105138354,55.30925076426405,100,4.0,4,6
0.8,600,power_design,False,translation,0.5,shape,1,100,100,3,0.03,0.01705872210923198,100,0.16581523046035915,0.10365047342631584,0.142148691763187,0.1973274304240532,100,31.401491066478656,79.40312105138354,55.30925076426405,100,4.0,4,6
0.8,600,power_design,False,translation,1.0,delta,1,100,100,3,0.03,0.01705872210923198,100,0.18327433613071453,0.11566574444675148,0.15691393257086242,0.2136150167353651,100,22.582408132967487,27.12384134532443,55.34200435940412,100,4.0,4,6
0.8,600,power_design,False,translation,1.0,angle,1,100,100,4,0.04,0.019595917942265423,100,0.18327433613071453,0.11566574444675148,0.15691393257086242,0.2136150167353651,100,22.582408132967487,27.12384134532443,55.34200435940412,100,4.0,4,6
0.8,600,power_design,False,translation,1.0,shape,1,100,100,5,0.05,0.021794494717703367,100,0.18327433613071453,0.11566574444675148,0.15691393257086242,0.2136150167353651,100,22.582408132967487,27.12384134532443,55.34200435940412,100,4.0,4,6
0.8,1200,power_design,False,none,0.0,delta,1,100,100,2,0.02,0.014,100,0.1902658566534203,0.14060673113056965,0.1754353638261691,0.2089157170054417,100,19.115006845835488,21.776868889312702,47.667303356071514,100,4.0,3,5
0.8,1200,power_design,False,none,0.0,angle,1,100,100,4,0.04,0.019595917942265423,100,0.1902658566534203,0.14060673113056965,0.1754353638261691,0.2089157170054417,100,19.115006845835488,21.776868889312702,47.667303356071514,100,4.0,3,5
0.8,1200,power_design,False,none,0.0,shape,1,100,100,3,0.03,0.01705872210923198,100,0.1902658566534203,0.14060673113056965,0.1754353638261691,0.2089157170054417,100,19.115006845835488,21.776868889312702,47.667303356071514,100,4.0,3,5
0.8,1200,power_design,False,orientation,0.25,delta,1,100,100,30,0.3,0.0458257569495584,100,0.1774801616311513,0.133723385068876,0.1736859786811321,0.199137016563107,100,19.56668896162701,24.030343109141064,58.041101605834676,100,4.0,4,5
0.8,1200,power_design,False,orientation,0.25,angle,1,100,100,26,0.26,0.04386342439892262,100,0.1774801616311513,0.133723385068876,0.1736859786811321,0.199137016563107,100,19.56668896162701,24.030343109141064,58.041101605834676,100,4.0,4,5
0.8,1200,power_design,False,orientation,0.25,shape,1,100,100,48,0.48,0.049959983987187186,100,0.1774801616311513,0.133723385068876,0.1736859786811321,0.199137016563107,100,19.56668896162701,24.030343109141064,58.041101605834676,100,4.0,4,5
0.8,1200,power_design,False,orientation,0.5,delta,1,100,100,51,0.51,0.04998999899979995,100,0.17967218478985114,0.12066432411641298,0.15803205789125183,0.20455775187619174,100,20.416051708745584,54.66357980137948,58.92472328224535,100,4.0,4,7
0.8,1200,power_design,False,orientation,0.5,angle,1,100,100,48,0.48,0.049959983987187186,100,0.17967218478985114,0.12066432411641298,0.15803205789125183,0.20455775187619174,100,20.416051708745584,54.66357980137948,58.92472328224535,100,4.0,4,7
0.8,1200,power_design,False,orientation,0.5,shape,1,100,100,66,0.66,0.04737087712930804,100,0.17967218478985114,0.12066432411641298,0.15803205789125183,0.20455775187619174,100,20.416051708745584,54.66357980137948,58.92472328224535,100,4.0,4,7
0.8,1200,power_design,False,orientation,1.0,delta,1,100,100,46,0.46,0.04983974317750845,100,0.2147035456547994,0.14211176838741568,0.1862243038944614,0.23389705668897154,100,15.342280921226251,20.012416117356423,49.893953954630256,100,7.0,4,9
0.8,1200,power_design,False,orientation,1.0,angle,1,100,100,81,0.81,0.03923009049186606,100,0.2147035456547994,0.14211176838741568,0.1862243038944614,0.23389705668897154,100,15.342280921226251,20.012416117356423,49.893953954630256,100,7.0,4,9
0.8,1200,power_design,False,orientation,1.0,shape,1,100,100,69,0.69,0.04624932431938871,100,0.2147035456547994,0.14211176838741568,0.1862243038944614,0.23389705668897154,100,15.342280921226251,20.012416117356423,49.893953954630256,100,7.0,4,9
0.8,1200,power_design,False,translation,0.25,delta,1,100,100,4,0.04,0.019595917942265423,100,0.1671263882180854,0.09722546425309364,0.1480458977969346,0.1875933283954735,100,20.842976077943767,36.34859503644397,52.65358692295656,100,4.0,3,5
0.8,1200,power_design,False,translation,0.25,angle,1,100,100,3,0.03,0.01705872210923198,100,0.1671263882180854,0.09722546425309364,0.1480458977969346,0.1875933283954735,100,20.842976077943767,36.34859503644397,52.65358692295656,100,4.0,3,5
0.8,1200,power_design,False,translation,0.25,shape,1,100,100,3,0.03,0.01705872210923198,100,0.1671263882180854,0.09722546425309364,0.1480458977969346,0.1875933283954735,100,20.842976077943767,36.34859503644397,52.65358692295656,100,4.0,3,5
0.8,1200,power_design,False,translation,0.5,delta,1,100,100,4,0.04,0.019595917942265423,100,0.17128698628347658,0.10293452232463307,0.1410767432961556,0.2016123038475347,100,19.149947785847118,26.689616802804593,48.68725183064368,100,4.0,3,5
0.8,1200,power_design,False,translation,0.5,angle,1,100,100,2,0.02,0.014,100,0.17128698628347658,0.10293452232463307,0.1410767432961556,0.2016123038475347,100,19.149947785847118,26.689616802804593,48.68725183064368,100,4.0,3,5
0.8,1200,power_design,False,translation,0.5,shape,1,100,100,5,0.05,0.021794494717703367,100,0.17128698628347658,0.10293452232463307,0.1410767432961556,0.2016123038475347,100,19.149947785847118,26.689616802804593,48.68725183064368,100,4.0,3,5
0.8,1200,power_design,False,translation,1.0,delta,1,100,100,5,0.05,0.021794494717703367,100,0.16878775294576073,0.10767744789290051,0.1491669532256117,0.19119981635621586,100,20.161195445618752,30.603345475087238,53.163344251367334,100,4.0,4,5
0.8,1200,power_design,False,translation,1.0,angle,1,100,100,4,0.04,0.019595917942265423,100,0.16878775294576073,0.10767744789290051,0.1491669532256117,0.19119981635621586,100,20.161195445618752,30.603345475087238,53.163344251367334,100,4.0,4,5
0.8,1200,power_design,False,translation,1.0,shape,1,100,100,4,0.04,0.019595917942265423,100,0.16878775294576073,0.10767744789290051,0.1491669532256117,0.19119981635621586,100,20.161195445618752,30.603345475087238,53.163344251367334,100,4.0,4,5
