generator.baseline_continuity,generator.n_samples,is_baseline,top_effect,n_available,rejection_rate,monte_carlo_se,lower_bound,status,chosen,anchor_available,anchor_delta_rate,anchor_angle_rate,anchor_shape_rate
0.0,300,True,1.0,100,0.55,0.049749371855330994,0.500250628144669,fails,False,100,0.03,0.06,0.03
0.5,300,False,1.0,100,0.24,0.04270831300812525,0.19729168699187474,fails,False,100,0.01,0.02,0.01
0.8,300,False,1.0,100,0.69,0.04624932431938871,0.6437506756806113,fails,False,100,0.04,0.01,0.01
0.0,600,False,1.0,100,0.76,0.04270831300812525,0.7172916869918747,fails,False,100,0.04,0.05,0.05
0.5,600,False,1.0,100,0.46,0.04983974317750845,0.4101602568224916,fails,False,100,0.02,0.0,0.02
0.8,600,False,1.0,100,0.73,0.044395945760846225,0.6856040542391537,fails,False,100,0.02,0.05,0.07
0.0,1200,False,1.0,100,0.88,0.03249615361854384,0.8475038463814561,meets,True,100,0.04,0.04,0.03
0.5,1200,False,1.0,100,0.69,0.04624932431938871,0.6437506756806113,fails,False,100,0.05,0.02,0.02
0.8,1200,False,1.0,100,0.81,0.03923009049186606,0.770769909508134,marginal,False,100,0.02,0.04,0.03
